e, e_dot, e_int, stamp, 
2.4098117802569257, 8.146573071090124, 0.32431424793239455, 4766848000000, 
2.3021691378887312, -0.6229764730345755, 0.4800695331963174, 4766950000000, 
2.9084257829258986, 1.662046675563243, 0.5080271134047704, 4767052000000, 
-2.7815577564802836, -16.94575631456338, 0.16193581095562312, 4767154000000, 
2.3524278791360818, -1.8533263459660532, 0.16528639370544645, 4767222000000, 
2.3144660852823966, 16.986746139208936, 0.125689080529213, 4767324000000, 
2.4062793495456796, 0.17950490136532604, 0.47154488759761054, 4767426000000, 
-0.7175240043258246, -10.106633632027403, 0.26688142870015014, 4767528000000, 
2.1017700826260803, -1.015030889731997, 0.252701695189729, 4767630000000, 
0.4619567238058364, 3.931602427105537, 0.1230801868070728, 4767732000000, 
2.321775709960763, 0.7333520911156093, 0.32570016775951205, 4767834000000, 
-0.4866106473733048, -3.1618912372638044, 0.15314145242621965, 4767936000000, 
2.7259220434608915, 1.3471544450004274, 0.30407247373655666, 4768038000000, 
0.9582866599542474, 4.816324357758507, 0.21317320373612225, 4768140000000, 
0.8940903582905784, -6.106105617234377, 0.30521993744704784, 4768242000000, 
-2.566232357174136, -11.74839672376128, -0.047590355928620674, 4768344000000, 
-1.9042709659865924, -9.327871080923904, -0.2384275309913433, 4768446000000, 
2.2111442424603864, 15.92458866544841, -0.1506239387133561, 4768548000000, 
-2.5047830690788953, -2.001707010307676, -0.14652731950700676, 4768650000000, 
0.8732885689331988, -4.4595189117572955, 0.03864331615431267, 4768752000000, 
-2.884662187937874, -1.266263729529932, -0.30107711253890473, 4768854000000, 
0.8124339498140488, -0.2028487303971692, -0.07992931127937511, 4768922000000, 
-2.687709974417478, 0.6565073784013199, -0.3173292141694202, 4769024000000, 
1.0668369590943354, 0.8480100309342902, -0.05389593770060627, 4769126000000, 
0.9737630747291426, 12.204910163822069, -0.04314066270626668, 4769228000000, 
0.9073338774278641, -0.5316769388882377, 0.19652892741675612, 4769330000000, 
-2.8892827828425283, -12.876819525238902, -0.0672123887123681, 4769432000000, 
1.3442881973623453, 1.4565143997816061, -0.04251071387015459, 4769534000000, 
-2.5376635360267468, 1.1720641560526062, -0.272177208100462, 4769636000000, 
-2.4833990762947304, -12.75895757885692, -0.2451182943306088, 4769738000000, 
-2.787802703696041, -0.8337972255643145, -0.5205910210678346, 4769840000000, 
-3.0807936405885408, -1.991315214312701, -0.5567996947052875, 4769942000000, 
-2.795133978625695, -0.02443758309884636, -0.5775820215273517, 4770044000000, 
-2.3685312986275706, 2.374207806536567, -0.5496305945227872, 4770146000000, 
-2.3831237141364237, 1.3733675482975711, -0.503119266092646, 4770248000000, 
2.6594464653854977, 16.75992588004356, -0.13948056982523308, 4770350000000, 
2.0014655162748403, 14.615297434704212, 0.15185255116826096, 4770452000000, 
2.1112451534666077, -1.8273377063962999, 0.4514771423417963, 4770520000000, 
3.123892151305507, 3.7414221167688884, 0.48244018806979694, 4770622000000, 
-2.7457673386572106, -16.19004164041273, 0.16595799774099362, 4770724000000, 
-2.471469661088627, -18.65120604131378, -0.13955632322935538, 4770826000000, 
2.304753510329959, 16.8350694966239, -0.19416556596105858, 4770928000000, 
-2.605805784057254, -0.44778707656208877, -0.18483479565439478, 4771030000000, 
-2.8238383795213107, -17.09530629950423, -0.20832604354990703, 4771132000000, 
-2.4465350909357113, 0.5309023104051421, -0.5250786169676184, 4771234000000, 
-2.493064119039974, 1.102580868271123, -0.5175625059664664, 4771336000000, 
0.8429892004313054, 10.965080971223388, -0.2731073339696253, 4771438000000, 
1.4964209940390172, 13.298283710263304, -0.010243594971310074, 4771540000000, 
0.3080773682509209, -1.7830394406012813, 0.1764991708480829, 4771642000000, 
2.0026662719299897, 1.687484259636576, 0.25381097561466187, 4771744000000, 
2.306785204654254, 6.662359454677778, 0.3078352563223443, 4771846000000, 
-0.5982548402026643, -8.669737040442179, 0.24741310909210526, 4771948000000, 
2.3628816530977774, 0.18698816147841058, 0.27142746783662447, 4772050000000, 
2.480039977394553, 10.260982725324057, 0.28297778601931106, 4772118000000, 
-1.3245141108868597, -12.291319213282122, 0.23456050130703143, 4772220000000, 
-1.9352268038310105, -14.717555937418544, -0.05198006248822115, 4772322000000, 
-2.268581121064107, -3.1468900339241572, -0.3685548023854652, 4772424000000, 
2.205626361703242, 13.802843885114177, -0.13321210421279167, 4772526000000, 
2.767735206396097, 16.787721091534014, 0.1803186964690155, 4772628000000, 
0.8332130877668202, -4.5747109131214065, 0.38710497705774394, 4772730000000, 
3.0403707036288847, 0.9087849907759585, 0.4427545998527868, 4772832000000, 
2.63436422232752, 6.003837115202333, 0.4338632009148817, 4772934000000, 
2.953833534016911, -0.2884572320399122, 0.5752378973315544, 4773036000000, 
2.487846199376303, -0.488393409837391, 0.5384029303813823, 4773138000000, 
2.2918312069424776, -2.206674423581445, 0.5155673960223794, 4773240000000, 
1.562116837394656, -3.085764539938823, 0.42278628291422915, 4773342000000, 
0.9026063490092504, -4.630749526444091, 0.3171036262230923, 4773444000000, 
-2.9067813760994983, -14.896327378313847, -0.02947054597970613, 4773546000000, 
-2.517062722755196, -11.398896905881486, -0.3014158499896962, 4773648000000, 
0.9312644927502914, 12.7934862294993, -0.2995053070736268, 4773716000000, 
2.6701270575521177, 17.290632601024377, 0.07228858850314754, 4773818000000, 
1.3292278132549546, 1.3265444016822112, 0.3287079575704909, 4773920000000, 
-2.3267666961105395, -16.656312512208856, 0.11150587831310217, 4774022000000, 
1.233505989967851, -0.31907274429034516, 0.01573114047415108, 4774124000000, 
-1.7772078936923492, 1.8318626747273008, -0.19136457332233583, 4774226000000, 
1.246701473428092, 0.04398494486747021, 0.04686663798023959, 4774328000000, 
2.6572842065773585, 14.781640334232359, 0.14178518575420676, 4774430000000, 
-0.7287805137069286, -6.584939957116735, 0.21168034441990147, 4774532000000, 
1.9845824562289038, -2.2423391678281823, 0.2608724099399556, 4774634000000, 
2.4205781093763403, 10.497862076944228, 0.2450920034598877, 4774736000000, 
1.0690224297864876, -3.0518667548080542, 0.36494553302611543, 4774838000000, 
0.5928667228645208, -6.092371288372732, 0.2721644841351566, 4774940000000, 
1.9828181272360752, 3.0459856581652915, 0.24298048532580557, 4775042000000, 
-2.370252878408239, -9.877065337575866, 0.013695464779490477, 4775144000000, 
2.2039238028119703, 0.7370189185863154, 0.12109927010932044, 4775246000000, 
2.4201211935291713, 15.967913573124699, 0.15025280786219353, 4775348000000, 
-0.5819697657110241, -9.286311895076649, 0.26947168204200783, 4775416000000, 
2.750933462220433, 1.1027075623042037, 0.3059389926692387, 4775518000000, 
-2.478175572168495, -6.320686021524904, -0.020614125043939068, 4775620000000, 
2.4141938108687606, -1.1224655045055745, 0.17913011339471324, 4775722000000, 
-2.031293266073008, 1.4896076869849584, -0.1396850018248495, 4775824000000, 
-2.625114591046387, -16.79769467305049, -0.14948093641670895, 4775926000000, 
0.6652782417163263, 8.988571692631112, -0.2660753076935379, 4776028000000, 
0.7330725868776037, 11.193957259746634, -0.08178425083016379, 4776130000000, 
-2.9151265365529424, -11.934682594230894, -0.10111838053060082, 4776232000000, 
-2.337929604725253, -10.236673972009521, -0.3013322369600394, 4776334000000, 
-2.3311251763162284, 1.9466712007890468, -0.5056120878396282, 4776436000000, 
-1.5067909665311823, 2.7704621273135683, -0.4117230498381776, 4776538000000, 
1.6055224661222376, 13.12215880812822, -0.14882624511501152, 4776640000000, 
2.248252820124124, 12.516812622184354, 0.1564656213143453, 4776742000000, 
2.4025586195905873, 2.656787178227832, 0.41708892705579653, 4776844000000, 
2.8599176627839817, 2.0388828088661923, 0.5007152734999128, 4776946000000, 
-2.785377350524973, -17.2931199003852, 0.16513992878997308, 4777014000000, 
2.4850269039408253, -1.2496358628105189, 0.17063781441332226, 4777116000000, 
2.566797114128836, 17.840581548846032, 0.1510964445029792, 4777218000000, 
-1.2555612912602365, -12.468627317336873, 0.25308418178729497, 4777320000000, 
3.0814627366146827, 1.7155520749528226, 0.2928465706322188, 4777422000000, 
1.6514241024646625, 9.689951312416332, 0.23182170318794057, 4777524000000, 
2.392688467347158, -2.295914230891749, 0.4750383537617669, 4777626000000, 
2.4721861340075524, 2.735873438476299, 0.43441991358795823, 4777728000000, 
2.799563010986545, 1.3562484787979567, 0.5109625074894171, 4777830000000, 
-2.856110549356452, -17.760988944546682, 0.16104257304250968, 4777932000000, 
-2.218103698205187, -16.725555697305776, -0.15164341577167295, 4778034000000, 
1.6788888757834053, 15.11666475046619, -0.22635502478521558, 4778136000000, 
1.5426706136728745, 12.535914372926873, 0.06689705275007284, 4778238000000, 
-2.433651797575017, -13.708468911194737, 0.05252717945875087, 4778340000000, 
-2.2849663029759286, -12.758789722162675, -0.21172983245853808, 4778442000000, 
2.145137428609446, 15.262630753948208, -0.17156537812943332, 4778544000000, 
1.0012505052752014, 10.954056027503766, 0.057428108727247906, 4778612000000, 
2.2905220782908797, 0.4846154989381131, 0.36246066747836847, 4778714000000, 
0.8434836416300071, -0.5258895454839809, 0.2756837483464059, 4778816000000, 
-2.6794167140214986, -16.56646264104126, 0.030305933726625867, 4778918000000, 
0.9270977599921805, 0.2787137278739114, -0.06058902082662074, 4779020000000, 
-2.1635252274449264, 1.7196382885885733, -0.26105627876494963, 4779122000000, 
-2.3645964052493733, -10.972313884138513, -0.24006825818014127, 4779224000000, 
-3.053800073262806, -2.967582819392932, -0.505461447063807, 4779326000000, 
-2.1358915308162194, 0.762349581443846, -0.5036192006218932, 4779428000000, 
2.443786444836617, 18.325288393664746, -0.18306034394949386, 4779530000000, 
2.288505591211603, 14.747990406759408, 0.1730933670154667, 4779632000000, 
1.5564240589471172, -2.957874619631666, 0.4192477396663558, 4779734000000, 
-2.987161516611036, -17.585557026075463, 0.05718454223651227, 4779836000000, 
3.007793596988982, 4.837898460139551, 0.10513707595500421, 4779938000000, 
-2.826184894219359, 0.5365887413055882, -0.1870368542560942, 4780040000000, 
0.618541900705456, -7.964172320945089, 0.05334337356500528, 4780108000000, 
1.8668420597999695, 15.64342318006443, -0.022720062247595565, 4780210000000, 
-2.7676480441587685, -11.28729981621408, -0.018817605576889534, 4780312000000, 
2.208838942936404, 1.1399896104547835, 0.08720219723850701, 4780414000000, 
-2.5030118793481373, 0.8821205493687737, -0.2041213987047001, 4780516000000, 
0.34540374737181506, -6.211450651881961, 0.0034153873973387944, 4780618000000, 
2.6799184334171673, 17.276434375884346, 0.03482068676272301, 4780720000000, 
-1.6482159873227873, -6.645399115648675, 0.09180707956441302, 4780822000000, 
3.0001896775312833, 1.067570813713722, 0.2687928082417109, 4780924000000, 
1.1803930125149742, 9.428696666125873, 0.16882444684823134, 4781026000000, 
-2.3747614097191856, -17.916503624168225, 0.12038808535513813, 4781128000000, 
0.7544499780652261, -1.4198101148324926, -0.029327894609265687, 4781230000000, 
2.5471509625578714, 16.406374574256855, 0.061789302060260794, 4781332000000, 
-2.2264935082169366, -9.93647828760721, 0.07167382882707737, 4781434000000, 
0.8116662658345388, -5.784948989077776, 0.07548824801169825, 4781536000000, 
2.6138409581759574, 16.134448221309647, 0.07993424771957064, 4781638000000, 
-2.405404894861626, -10.723570535653883, 0.068006821943258, 4781706000000, 
-3.122146149613593, -19.119957025965167, -0.19424733908661743, 4781808000000, 
2.6774637471561498, 16.942895473392586, -0.19000581982127127, 4781910000000, 
-2.426863075057738, 2.3176102485195194, -0.19143636516767873, 4782012000000, 
2.8355300116814703, 0.5268875484177352, 0.2057420455853255, 4782114000000, 
2.253053410411212, 15.59972161822983, 0.17744802313566296, 4782216000000, 
-1.7878367756810556, -15.411222624541752, 0.22004977642744178, 4782318000000, 
2.391769285268658, 0.462386249524819, 0.19046572799992098, 4782352000000, 
-3.1313507398992977, -4.4783798807274735, -0.16849454868744634, 4782386000000, 
3.107900905644699, 2.387105401253469, 0.1578879634009373, 4782420000000, 
1.5167370077904077, 15.49362582563235, 0.09955247823572061, 4782454000000, 
2.4976727876397415, -2.034093726683192, 0.4748207134049899, 4782488000000, 
2.5537410189334717, 3.456680037143547, 0.43787672095757474, 4782522000000, 
2.3129454155716265, -0.6157579068937169, 0.4909572814763226, 4782556000000, 
2.4022693371513175, -0.504905605940514, 0.48459705144376103, 4782590000000, 
-0.7881223023905148, -10.336892393207137, 0.2618061633554953, 4782624000000, 
-0.06269020111994295, -8.216531794237534, 0.10343045557605732, 1523000000, 
-0.06269016821500216, 2.4181071139183756, -0.060900178115030665, 1557000000, 
-0.06269016106663892, 1.3351101340227287e-07, -0.012538035360105603, 1591000000, 
-0.06273212183540378, -0.00013984540133872106, -0.012540830074469657, 1625000000, 
-0.06281430364711856, -0.0004138086015987678, -0.012549105769944084, 1659000000, 
-0.06293655636869804, -0.0006814484443141977, -0.01256553212341469, 1693000000, 
-0.06310109828784945, -0.0009559821357696396, -0.012590130553577735, 1727000000, 
-0.0623328335850564, 0.002012409278805439, -0.01255803254944026, 1761000000, 
-0.05798719874678095, 0.017046331803561646, -0.012228075374645788, 1829000000, 
-0.0533646591385797, 0.029893914821589016, -0.011578979431361136, 1931000000, 
-0.04858750706317929, 0.03133230561200554, -0.010662624329902663, 2033000000, 
-0.04367859611717978, 0.03228687673799973, -0.009708717487929251, 2135000000, 
-0.0389538977513522, 0.032112031039423644, -0.008748000062114084, 2237000000, 
-0.0345607513587597, 0.030392815861400257, -0.007812883015152778, 2339000000, 
-0.030543329626532674, 0.028035227082731744, -0.006937198582442972, 2441000000, 
-0.028023917845100124, 0.02178944504553193, -0.0062085332553595005, 2509000000, 
-0.024647288148635385, 0.019653471592990964, -0.005547635708017878, 2611000000, 
-0.021638081174273627, 0.021286122236088324, -0.0049539524778672754, 2713000000, 
-0.018969487006481725, 0.018926003807178866, -0.004350323755292716, 2815000000, 
-0.01670055688708845, 0.016458414290617257, -0.0038205416711895868, 2917000000, 
-0.014632775516060417, 0.014455704968071026, -0.0033535212939753726, 3019000000, 
-0.012797540318565143, 0.013010055228411024, -0.0029420581814476004, 3121000000, 
-0.01119137873363301, 0.011471322608091356, -0.0025747796378839047, 3223000000, 
-0.00978322899728589, 0.010047704404264174, -0.0022514765366322695, 3325000000, 
-0.008548246616431207, 0.008810440390672677, -0.0019681902898233405, 3427000000, 
-0.007466266857678351, 0.007723207132025132, -0.00171984949809303, 3529000000, 
-0.006521244115778924, 0.006756675002174278, -0.0015023838393258989, 3631000000, 
-0.0056933621649073105, 0.005909682309236802, -0.0013120582092243057, 3733000000, 
-0.004970082856125518, 0.005170537532178017, -0.0011456459424541167, 3835000000, 
-0.004335368966706207, 0.0045266439940036774, -0.0009999209325159356, 3937000000, 
-0.003950383209451916, 0.0033989988222453416, -0.000883722335485576, 4005000000, 
-0.0034474566455254124, 0.002959707737269316, -0.0007822139214455691, 4107000000, 
-0.003008224834954165, 0.0031405279149925025, -0.0006937376459954329, 4209000000, 
-0.002624816954733211, 0.0027421323026406708, -0.0006053665623475192, 4311000000, 
-0.0023051078398955704, 0.002343723316861982, -0.0005292099753055298, 4413000000, 
-0.002014475538127475, 0.002034471388685788, -0.00046296002218375044, 4515000000, 
-0.0017577471421047347, 0.0018245356593027857, -0.00040515536800851866, 4617000000, 
-0.0015341834716146724, 0.0016009735550426747, -0.00035376041012312546, 4719000000, 
-0.001339934411211982, 0.001392709102975842, -0.0003087910016620926, 4821000000, 
-0.0011693531521359823, 0.0012161010649289667, -0.00026956473566417576, 4923000000, 
-0.0010206144751168517, 0.001064399786983768, -0.00023532680256432107, 5025000000, 
-0.0008907314702725766, 0.0009287389395446858, -0.00020537993983502738, 5127000000, 
-0.000777195843380582, 0.0008113954391208988, -0.000179236119251334, 5229000000, 
-0.000677964524460048, 0.0007092231527084288, -0.0001563927892075471, 5331000000, 
-0.0005912688266073579, 0.0006197567225774137, -0.0001364286129631992, 5433000000, 
-0.0005159106780806832, 0.0005401794879312157, -0.00011900960194320594, 5535000000, 
-0.0004501042090664653, 0.0004705487251363087, -0.00010381891425030043, 5637000000, 
-0.00040986861958863807, 0.0003534735283068173, -9.172556711571911e-05, 5705000000, 
-0.0003574822231396796, 0.00030873995308928576, -8.11636701196522e-05, 5807000000, 
-0.0003117321987316235, 0.00032712140285671526, -7.193886943066275e-05, 5909000000, 
-0.0002717902057570165, 0.00028564005794221026, -6.273364184188797e-05, 6011000000, 
-0.0002385558126934556, 0.000243921286793893, -5.480521447880637e-05, 6113000000, 
-0.00020838801515600525, 0.00021134063533670422, -4.7915602240431825e-05, 6215000000, 
-0.0001817626297495878, 0.00018931060981289272, -4.191376383993658e-05, 6317000000, 
-0.00015855677196005558, 0.0001661041439864989, -3.658049445770991e-05, 6419000000, 
-0.0001383095171750559, 0.00014484370858177295, -3.1908594592313286e-05, 6521000000, 
-0.00012059250722214199, 0.00012654754912637864, -2.78305864238169e-05, 6623000000, 
-0.00010517394970821492, 0.00011045189155613662, -2.4271731607027522e-05, 6725000000, 
-9.169082351363766e-05, 9.63389456950144e-05, -2.1163818696266305e-05, 6827000000, 
-8.343352631241807e-05, 7.246807798598949e-05, -1.868655330228471e-05, 6895000000, 
-7.266726106142096e-05, 6.341187484072235e-05, -1.651944072583178e-05, 6997000000, 
-6.332134280515045e-05, 6.704061169089208e-05, -1.4628142011932632e-05, 7099000000, 
-5.512266359765372e-05, 5.848199154589081e-05, -1.2740751164281675e-05, 7201000000, 
-4.834846006301907e-05, 4.9909609140437926e-05, -1.1119497764388216e-05, 7303000000, 
-4.213875540182155e-05, 4.327969398610724e-05, -9.707325270832957e-06, 7405000000, 
-3.6683541984328105e-05, 3.8883060262303225e-05, -8.478050496611249e-06, 7507000000, 
-3.1943527027678e-05, 3.39840945804785e-05, -7.384388294255176e-06, 7609000000, 
-2.7783574880577144e-05, 2.9666557012503203e-05, -6.42737625950555e-06, 7711000000, 
-2.41583934509626e-05, 2.595044525571799e-05, -5.592366357281183e-06, 7813000000, 
-2.099335484188891e-05, 2.2634066795627444e-05, -4.862354878228577e-06, 7915000000, 
-1.8199812286859296e-05, 1.9861937213677683e-05, -4.22343737198072e-06, 8017000000, 
-1.5779857748018933e-05, 1.7378323646233262e-05, -3.664868325117809e-06, 8119000000, 
-1.3682082038071752e-05, 1.5059100829291813e-05, -3.177450138196665e-06, 8221000000, 
-1.1853198403841136e-05, 1.3088864480592655e-05, -2.754342545995455e-06, 8323000000, 
-1.0241366666621787e-05, 1.146905123816655e-05, -2.385109807235645e-06, 8425000000, 
-8.845556628014895e-06, 1.0025472586087473e-05, -2.0626747798985214e-06, 8527000000, 
-7.619123127730609e-06, 8.740811796303927e-06, -1.7804030948244861e-06, 8629000000, 
-6.529218669656944e-06, 7.721126527859834e-06, -1.5329265616934964e-06, 8731000000, 
-5.59939179917146e-06, 6.73243776186383e-06, -1.3165155731039342e-06, 8833000000, 
-5.009166170230617e-06, 5.066841664754425e-06, -1.1425184426039348e-06, 8901000000, 
-4.266069051989119e-06, 4.444409157274472e-06, -9.916418014260797e-07, 9003000000, 
-3.640695025439178e-06, 4.561570482638129e-06, -8.610620165105942e-07, 9105000000, 
-3.0654415383579714e-06, 4.002091712103824e-06, -7.314803743857512e-07, 9207000000, 
-2.6042680261184614e-06, 3.4547566644023884e-06, -6.206936393277074e-07, 9309000000, 
-2.1659231747295227e-06, 2.9983945454281624e-06, -5.223755159470637e-07, 9411000000, 
-1.7958560825370729e-06, 2.6947064786046284e-06, -4.377364855590038e-07, 9513000000, 
-1.4728462889024296e-06, 2.31025628609031e-06, -3.6230836974460166e-07, 9615000000, 
-1.1795510985873614e-06, 2.054349946499038e-06, -2.965502313351243e-07, 9717000000, 
-9.199670442244789e-07, 1.842930815593169e-06, -2.3815762878095134e-07, 9819000000, 
-7.142761080797255e-07, 1.5509166350254529e-06, -1.8758628339277105e-07, 9921000000, 
-5.147563566509916e-07, 1.3507022919116245e-06, -1.432666339303464e-07, 10023000000, 
-3.5158235203724963e-07, 1.208979186808253e-06, -1.0537432111786445e-07, 10125000000, 
-1.9883361845884906e-07, 1.0530757939738085e-06, -7.101148847647269e-08, 10227000000, 
-7.117421502167431e-08, 9.346937900519178e-07, -4.1439345701184864e-08, 10329000000, 
4.046587540051938e-08, 7.976649795312282e-07, -1.53027972053336e-08, 10431000000, 
1.1719180996461187e-07, 6.278867499542873e-07, 5.765564689563796e-09, 10499000000, 
2.163669746424457e-07, 5.863369974730878e-07, 2.4934977333838462e-08, 10601000000, 
2.850324547359895e-07, 5.594688159045921e-07, 4.123941595620314e-08, 10703000000, 
3.548625646804249e-07, 4.616519667932639e-07, 5.7084132937257334e-08, 10805000000, 
3.933711054254774e-07, 3.611288356316263e-07, 6.888440832279278e-08, 10907000000, 
4.363525336614771e-07, 2.716332299368407e-07, 7.897241358449195e-08, 11009000000, 
4.788477233341748e-07, 2.849220596956581e-07, 8.723809082807528e-08, 11111000000, 
5.163340600772282e-07, 2.6660508805250355e-07, 9.5435621138192e-08, 11213000000, 
5.507914753594134e-07, 2.398125067507954e-07, 1.0306488391805443e-07, 11315000000, 
5.736781895221421e-07, 1.911470981497132e-07, 1.0938691499725225e-07, 11417000000, 
5.94167195888673e-07, 1.4458573509753178e-07, 1.1457579071801523e-07, 11519000000, 
6.129484252520578e-07, 1.3090078576638575e-07, 1.1871958737752485e-07, 11621000000, 
6.363404057158073e-07, 1.4057736609044783e-07, 1.2289706845710255e-07, 11723000000, 
6.54234746322313e-07, 1.3762107023418402e-07, 1.269015718193452e-07, 11825000000, 
6.656300343826915e-07, 9.763209555628076e-08, 1.304136790947208e-07, 11927000000, 
6.816606119147695e-07, 9.14195519748547e-08, 1.334350261746516e-07, 12029000000, 
6.933846750101225e-07, 9.251546875810313e-08, 1.3604502142050556e-07, 12131000000, 
7.21693351288244e-07, 1.3344246457824838e-07, 1.3978257588087572e-07, 12199000000, 
7.209646708666861e-07, 9.193331952187893e-08, 1.4240284647767018e-07, 12301000000, 
7.325484059766962e-07, 3.6183515628174234e-08, 1.4501376187544175e-07, 12403000000, 
7.35415376346138e-07, 4.81690182648394e-08, 1.4592856354596802e-07, 12505000000, 
7.294753901765372e-07, -1.0243386000530208e-08, 1.4649594483329142e-07, 12607000000, 
7.22755435264566e-07, -4.219980360523993e-08, 1.4584308011914941e-07, 12709000000, 
7.231677675439974e-07, -2.1025408775132703e-08, 1.4502657286567336e-07, 12811000000, 
7.251061364121902e-07, 7.835670492080856e-09, 1.4473528928138357e-07, 12913000000, 
7.257495807100334e-07, 8.606043886786688e-09, 1.4493489897774807e-07, 13015000000, 
7.279568598611563e-07, 9.50241149655362e-09, 1.4525417179889199e-07, 13117000000, 
7.282482469284091e-07, 8.32888739458563e-09, 1.454636458333066e-07, 13219000000, 
7.306602993473188e-07, 9.011464953874912e-09, 1.4579102707579227e-07, 13321000000, 
7.350031922953582e-07, 2.251648455649698e-08, 1.4626078257140574e-07, 13423000000, 
7.406042808189017e-07, 3.3146604905276433e-08, 1.4708451816410524e-07, 13525000000, 
7.409911866318453e-07, 1.995998112162371e-08, 1.4777324398307368e-07, 13627000000, 
7.492672217113139e-07, 2.887646964137384e-08, 1.4872417927747072e-07, 13695000000, 
7.56845772567627e-07, 5.284861978593902e-08, 1.498069453940524e-07, 13797000000, 
7.558316550554389e-07, 2.1881444480416807e-08, 1.5079630995562533e-07, 13899000000, 
7.540057503363506e-07, -9.466740770921097e-09, 1.511122118639611e-07, 14001000000, 
7.55717888378804e-07, -3.7922225544958127e-10, 1.5103701958470623e-07, 14103000000, 
7.403715939907629e-07, -4.544718781862578e-08, 1.5000634884706118e-07, 14205000000, 
7.299997553666948e-07, -8.572711004036411e-08, 1.4840594918241745e-07, 14307000000, 
7.239079171106333e-07, -5.4878922933765395e-08, 1.4628528443120606e-07, 14409000000, 
7.286147666457632e-07, -4.6166290697720785e-09, 1.4550149594153943e-07, 14511000000, 
7.213402107020261e-07, -8.559021362023836e-09, 1.4492419296389484e-07, 14613000000, 
7.190466372181126e-07, -3.1893764758835395e-08, 1.446001076377268e-07, 14715000000, 
7.144885130622169e-07, -2.2838992132697317e-08, 1.4365835739882372e-07, 14817000000, 
7.13149338180119e-07, -1.9657663459978398e-08, 1.4311229923069656e-07, 14919000000, 
7.144044320422926e-07, -2.802700664143269e-10, 1.428028188856419e-07, 15021000000, 
7.147480448055354e-07, 5.329022084721302e-09, 1.4282012100186315e-07, 15123000000, 
7.186112182394622e-07, 1.4022620657231736e-08, 1.431842463391527e-07, 15225000000, 
7.19495681519855e-07, 1.582545571439849e-08, 1.4352366297099018e-07, 15327000000, 
7.496747877200338e-07, 1.035452316019055e-07, 1.458521124986234e-07, 15395000000, 
7.490987131847371e-07, 9.867677221627365e-08, 1.4788461216164173e-07, 15497000000, 
7.474090964049163e-07, -7.552304383725191e-09, 1.4974550648731248e-07, 15599000000, 
7.469927806452725e-07, -7.0197751315485375e-09, 1.4956670601566172e-07, 15701000000, 
7.338356111247224e-07, -4.5244950933979546e-08, 1.485491658783274e-07, 15803000000, 
7.176872154623926e-07, -9.768521727626656e-08, 1.4656770714882582e-07, 15905000000, 
7.11811279655028e-07, -7.341443823231468e-08, 1.4422227374947618e-07, 16007000000, 
7.135170803224122e-07, -1.390045046660108e-08, 1.4286770502932218e-07, 16109000000, 
7.131819168976206e-07, 4.568790808641883e-09, 1.4256735179167073e-07, 16211000000, 
7.124817825721053e-07, -3.450992501023246e-09, 1.4261205198614252e-07, 16313000000, 
7.199023397269633e-07, 2.2401409431142365e-08, 1.4303773594644593e-07, 16415000000, 
7.105131508422513e-07, -6.562105766179845e-09, 1.4285981820942132e-07, 16517000000, 
7.098474161387758e-07, -3.351641196062497e-08, 1.4268419378053268e-07, 16619000000, 
7.154796436426025e-07, 1.655497600117073e-08, 1.4238934737490865e-07, 16721000000, 
7.142762346867837e-07, 1.4762728493359726e-08, 1.426402196312108e-07, 16823000000, 
7.080942281273428e-07, -2.4618051717532435e-08, 1.425233404304486e-07, 16925000000, 
7.232354867492408e-07, 2.986417354152356e-08, 1.430403966375578e-07, 16993000000, 
7.226696796952536e-07, 4.8584838559702824e-08, 1.435999596381225e-07, 17095000000, 
7.143260548209129e-07, -2.9698106427759423e-08, 1.4401541475102716e-07, 17197000000, 
7.154963509448109e-07, -2.3911095834809142e-08, 1.4349947236406516e-07, 17299000000, 
7.188905502414356e-07, 1.5214984735075394e-08, 1.4324753040047729e-07, 17401000000, 
7.158996628287007e-07, 1.3443729462991882e-09, 1.4335243760099647e-07, 17503000000, 
7.092586508800069e-07, -3.210633120476203e-08, 1.4293659093000954e-07, 17605000000, 
6.984221648798083e-07, -5.825832649630769e-08, 1.4157203190590107e-07, 17707000000, 
6.995371605311718e-07, -3.2404967829450605e-08, 1.4048119841939913e-07, 17809000000, 
7.029994850693555e-07, 1.5257733965157172e-08, 1.4006392069868903e-07, 17911000000, 
7.074231928028141e-07, 2.628677423880769e-08, 1.4066398922688943e-07, 18013000000, 
6.984060914733137e-07, -1.5311311986806093e-08, 1.4058858462303221e-07, 18115000000, 
6.992867645772005e-07, -2.7121427418711857e-08, 1.403410699235552e-07, 18217000000, 
7.036723010944712e-07, 1.755403207052512e-08, 1.4009101047633236e-07, 18319000000, 
6.991438505216108e-07, -4.763801852991634e-10, 1.401401944128855e-07, 18421000000, 
7.007257972896364e-07, -9.821679349449516e-09, 1.402361299270479e-07, 18523000000, 
7.04479044918993e-07, 1.7783981324607605e-08, 1.4028991284868267e-07, 18591000000, 
7.136566461535265e-07, 4.310282954630059e-08, 1.4125743255747705e-07, 18693000000, 
7.095059984252305e-07, 1.6756511687458325e-08, 1.4184277929985e-07, 18795000000, 
6.993121580561867e-07, -4.781496032446597e-08, 1.4149832017566292e-07, 18897000000, 
6.965916588830279e-07, -4.304779847400889e-08, 1.4036065435762968e-07, 18999000000, 
6.954186492352799e-07, -1.2978362736356294e-08, 1.394214977449663e-07, 19101000000, 
6.895902613240912e-07, -2.3337991863122316e-08, 1.3877337129615993e-07, 19203000000, 
6.926975155002735e-07, -9.070445783354586e-09, 1.3851376173730962e-07, 19305000000, 
6.885961783831274e-07, -3.3136098032127137e-09, 1.3805893034716613e-07, 19407000000, 
6.855202638184066e-07, -2.392417227288964e-08, 1.3778759718012048e-07, 19509000000, 
6.874828819142254e-07, -3.7109882296733807e-09, 1.3743995494105062e-07, 19611000000, 
6.854173984771617e-07, -3.4288447081642914e-10, 1.372280362806529e-07, 19713000000, 
6.844084532303674e-07, -1.0248095612859961e-08, 1.3715391557478364e-07, 19815000000, 
6.808855142620418e-07, -1.5106280717066174e-08, 1.3671409106463807e-07, 19917000000, 
6.808997168872288e-07, -1.1695787810461766e-08, 1.3641291229197587e-07, 20019000000, 
6.809809923180588e-07, 3.182601867231701e-10, 1.3618441489782196e-07, 20121000000, 
6.880152667726458e-07, 2.3718499618056537e-08, 1.3665973173186223e-07, 20189000000, 
6.916343318064122e-07, 3.551113162784484e-08, 1.3737537272647445e-07, 20291000000, 
6.895834096104503e-07, 5.227142792681623e-09, 1.379488672126339e-07, 20393000000, 
6.862470867674553e-07, -1.7957483463189778e-08, 1.378309885456212e-07, 20495000000, 
6.809338702201684e-07, -2.8831797967606338e-08, 1.371176244398716e-07, 20597000000, 
6.726697580616836e-07, -4.525776235257221e-08, 1.3599004766995383e-07, 20699000000, 
6.706201401834866e-07, -3.437910012227263e-08, 1.3494825123102258e-07, 20801000000, 
6.719961119089346e-07, -2.2454871758300263e-09, 1.3435240067694032e-07, 20903000000, 
6.673553424041412e-07, -1.0882659264484692e-08, 1.3399810629977083e-07, 21005000000, 
6.644869145200349e-07, -2.503065796299886e-08, 1.3358922458887405e-07, 21107000000, 
6.695717654492395e-07, 7.388076816994271e-09, 1.3342760149156104e-07, 21209000000, 
6.670642591910525e-07, 8.591148903391854e-09, 1.3340819594402179e-07, 21311000000, 
6.681552809778557e-07, -4.721614904612537e-09, 1.3365275370787651e-07, 21413000000, 
6.675721291038439e-07, 1.6928997093046405e-09, 1.3351944461818348e-07, 21515000000, 
6.735904003324356e-07, 1.811706451526618e-08, 1.3395452069427568e-07, 21617000000, 
6.783935227044902e-07, 3.607131200215422e-08, 1.3463707014271796e-07, 21685000000, 
6.816598248082784e-07, 2.689808158614267e-08, 1.3557624985634695e-07, 21787000000, 
6.848408859311261e-07, 2.1491210755453238e-08, 1.3632628222959298e-07, 21889000000, 
6.853543089296865e-07, 1.231494707136053e-08, 1.3679033464460607e-07, 21991000000, 
6.764353286392577e-07, -2.8018524306228088e-08, 1.3644203490000468e-07, 22093000000, 
6.678935562387522e-07, -5.820250896978093e-08, 1.353122129205131e-07, 22195000000, 
6.735687309855631e-07, -9.55532551231523e-09, 1.345265077242382e-07, 22297000000, 
6.697482848455616e-07, 6.182428689364509e-09, 1.3408070480465846e-07, 22399000000, 
6.706115742299845e-07, -9.857189185262053e-09, 1.3426190600407396e-07, 22501000000, 
6.644773061642573e-07, -1.7569928937681094e-08, 1.336558110159869e-07, 22603000000, 
6.690974058837229e-07, -5.047227820872043e-09, 1.3361241908519765e-07, 22705000000, 
6.742759409567034e-07, 3.266211597482046e-08, 1.3385671020031224e-07, 22773000000, 
6.74697417657466e-07, 1.8666705912477138e-08, 1.3453805096652617e-07, 22875000000, 
6.75030956479028e-07, 2.51671840774866e-09, 1.3493362100621316e-07, 22977000000, 
6.769057375594079e-07, 7.361066339806044e-09, 1.351089407797268e-07, 23079000000, 
6.697289333251755e-07, -1.767341051284177e-08, 1.347777084909074e-07, 23181000000, 
6.584674795001577e-07, -6.146086019750048e-08, 1.3367347669231607e-07, 23283000000, 
6.611549052404353e-07, -2.8580093615800568e-08, 1.3262342120438455e-07, 23385000000, 
6.567261657403067e-07, -5.804379199503273e-09, 1.3175657003206e-07, 23487000000, 
6.501152389759568e-07, -3.679888754826166e-08, 1.3119975399711325e-07, 23589000000, 
6.602447588655025e-07, 1.1728643750652523e-08, 1.3113907757211775e-07, 23691000000, 
6.590251046684203e-07, 2.9699552308211825e-08, 1.312923401673253e-07, 23793000000, 
6.50139459601462e-07, -3.3684330880134894e-08, 1.312939548756923e-07, 23895000000, 
6.541411339822112e-07, -1.6279902287363868e-08, 1.3088704655013957e-07, 23997000000, 
6.54462194701888e-07, 1.4409117001420077e-08, 1.3058285255237074e-07, 24099000000, 
6.608146304598606e-07, 2.2244988258831217e-08, 1.312945306095973e-07, 24201000000, 
6.52640689102757e-07, -6.071685330436931e-09, 1.3119450095096703e-07, 24269000000, 
6.597580649164714e-07, -3.5218851446305877e-09, 1.315475589652726e-07, 24371000000, 
6.656547826972004e-07, 4.338031198147796e-08, 1.3187023578109525e-07, 24473000000, 
6.641072341079246e-07, 1.4497230638177427e-08, 1.326346721147731e-07, 24575000000, 
6.555181744222205e-07, -3.378869424993288e-08, 1.323520127484897e-07, 24677000000, 
6.522874646391896e-07, -3.939923156244992e-08, 1.3146085821128898e-07, 24779000000, 
6.530482073302535e-07, -8.233223639890023e-09, 1.3072358975944423e-07, 24881000000, 
6.497561321067158e-07, -8.437775108246134e-09, 1.3033945360507726e-07, 24983000000, 
6.507816993905902e-07, -7.555026465544401e-09, 1.3023906925517063e-07, 25085000000, 
6.524916612987708e-07, 9.118430640183325e-09, 1.302019661864051e-07, 25187000000, 
6.543313325890754e-07, 1.1832110661617415e-08, 1.3050697955189575e-07, 25289000000, 
6.525953965136333e-07, 3.457840495417012e-10, 1.3062789269343197e-07, 25391000000, 
6.511520405094728e-07, -1.0597640265341823e-08, 1.305385846408121e-07, 25493000000, 
6.510536905840469e-07, -5.1390197652878555e-09, 1.303200751738102e-07, 25595000000, 
6.523988327483687e-07, 4.155974129652999e-09, 1.3030697092279255e-07, 25697000000, 
6.523568906457999e-07, 4.34400020584332e-09, 1.3038729426521438e-07, 25799000000, 
6.510745137466856e-07, -4.414396672277239e-09, 1.3038868247605695e-07, 25867000000, 
6.530043861197043e-07, 2.1583182463480455e-09, 1.3042905270081265e-07, 25969000000, 
6.532987368024212e-07, 7.414076852452212e-09, 1.304918424445874e-07, 26071000000, 
6.497727711995971e-07, -1.0772049733690873e-08, 1.3040505960811485e-07, 26173000000, 
6.504312472510598e-07, -9.558298504538007e-09, 1.3023351701687189e-07, 26275000000, 
6.512352601767413e-07, 4.874963257147276e-09, 1.3009595190849322e-07, 26377000000, 
6.512879181241882e-07, 2.855569577094504e-09, 1.3019696170346595e-07, 26479000000, 
6.513097254579048e-07, 2.4821760387834974e-10, 1.302555269172556e-07, 26581000000, 
6.519157065287828e-07, 2.092628015315512e-09, 1.303008900073917e-07, 26683000000, 
6.518878038208609e-07, 1.926927876520305e-09, 1.303408823871699e-07, 26785000000, 
6.519978720809227e-07, 2.738851737997076e-10, 1.3038675882870444e-07, 26887000000, 
6.514197445905978e-07, -1.5601974342101717e-09, 1.303536946994921e-07, 26989000000, 
6.522316532975303e-07, 7.79270722025179e-10, 1.3037661799793673e-07, 27091000000, 
6.527700083247545e-07, 4.50087911385566e-09, 1.304280937475255e-07, 27193000000, 
6.562447757707535e-07, 1.3377074910743877e-08, 1.3074976249286921e-07, 27261000000, 
6.530979950597482e-07, 1.0932891166455978e-09, 1.308075186103504e-07, 27363000000, 
6.534898870647066e-07, -9.182962353489662e-09, 1.308555105263472e-07, 27465000000, 
6.559159023561412e-07, 9.393024321309914e-09, 1.3083358563203973e-07, 27567000000, 
6.500109940854593e-07, -1.1596309930824352e-08, 1.3062778556708714e-07, 27669000000, 
6.507821076612297e-07, -1.7112648983038287e-08, 1.3044726694018867e-07, 27771000000, 
6.522783538992494e-07, 7.557866045967051e-09, 1.3020476370972923e-07, 27873000000, 
6.499701744322461e-07, -2.706444096611804e-09, 1.30202042399515e-07, 27975000000, 
6.489844586038407e-07, -1.097965098469563e-08, 1.300821991290224e-07, 28077000000, 
6.488719117569985e-07, -3.660875584158655e-09, 1.298551029862057e-07, 28179000000, 
6.492848050043687e-07, 1.0011546684266885e-09, 1.2980941169101385e-07, 28281000000, 
6.460763902621514e-07, -9.318404982823955e-09, 1.2961554046823456e-07, 28383000000, 
6.481047156309261e-07, -3.9336312448086846e-09, 1.2956439405982973e-07, 28485000000, 
6.470080670534228e-07, 3.105589304238284e-09, 1.2941261152976669e-07, 28587000000, 
6.438083889476198e-07, -1.4321088944354207e-08, 1.2926141144213126e-07, 28689000000, 
6.457571948143004e-07, -4.1695741304081935e-09, 1.291049100543562e-07, 28791000000, 
6.446056801251432e-07, 2.6576372584112087e-09, 1.2894475092580422e-07, 28893000000, 
6.429309664379712e-07, -9.420761254430587e-09, 1.2888625609182764e-07, 28961000000, 
6.40262381543244e-07, -1.447766193966397e-08, 1.2851993520709055e-07, 29063000000, 
6.426224242461753e-07, -1.0284739726529324e-09, 1.283877181484927e-07, 29165000000, 
6.417322290785954e-07, 4.8994917845046615e-09, 1.283078023245343e-07, 29267000000, 
6.383629236050847e-07, -1.419833547030199e-08, 1.281811717953237e-07, 29369000000, 
6.369836620667702e-07, -1.5828556706084147e-08, 1.278052543166967e-07, 29471000000, 
6.361476378446973e-07, -7.384285867958103e-09, 1.274329482344368e-07, 29573000000, 
6.374086449212335e-07, 1.4166095148778386e-09, 1.273693296555134e-07, 29675000000, 
6.355817524367202e-07, -1.886284693256949e-09, 1.2727586901351008e-07, 29777000000, 
6.356093698034471e-07, -5.9975837259547875e-09, 1.2723998447742672e-07, 29879000000, 
6.354232080507671e-07, -5.28481286510285e-10, 1.2710762201939563e-07, 29981000000, 
6.335064793583367e-07, -7.009634817034538e-09, 1.2696927048083673e-07, 30083000000, 
6.342994123414991e-07, -3.745985697560054e-09, 1.2688193998337352e-07, 30185000000, 
6.335695073994563e-07, 2.1009347039857573e-10, 1.2675835993995281e-07, 30287000000, 
6.319432987317297e-07, -7.85371203256465e-09, 1.2665414789817901e-07, 30389000000, 
6.333201890973417e-07, -8.310610070486982e-10, 1.265888663485685e-07, 30491000000, 
6.326289219427128e-07, 2.2854107032769613e-09, 1.2652616065145227e-07, 30593000000, 
6.345570421339986e-07, 4.12284345552294e-09, 1.2670041021160354e-07, 30661000000, 
6.322484408793905e-07, -1.2682702110744515e-09, 1.2662896033040678e-07, 30763000000, 
6.327578439824233e-07, -5.997327171917514e-09, 1.2663755513305416e-07, 30865000000, 
6.345591878065271e-07, 7.702489757122066e-09, 1.266376981778894e-07, 30967000000, 
6.300823752886098e-07, -8.918228979378403e-09, 1.2649329380517067e-07, 31069000000, 
6.300697580896575e-07, -1.4964765722898694e-08, 1.2631408807898628e-07, 31171000000, 
6.312358331039825e-07, 3.844859384575609e-09, 1.2609253109881665e-07, 31273000000, 
6.294850264515484e-07, -1.9491054603637537e-09, 1.2605270784301255e-07, 31375000000, 
6.306305904424381e-07, -2.017475538481269e-09, 1.2609009666653125e-07, 31477000000, 
6.300527439634385e-07, 1.8923917063003635e-09, 1.2601122405716167e-07, 31579000000, 
6.295790185989469e-07, -3.5052394783037974e-09, 1.2601749020032156e-07, 31681000000, 
6.288007235594195e-07, -4.1734013467298325e-09, 1.25895499074787e-07, 31783000000, 
6.28758028337062e-07, -2.736634206283265e-09, 1.2580918469969524e-07, 31885000000, 
6.302929687340697e-07, 4.9741505821672876e-09, 1.2585678137537007e-07, 31987000000, 
6.3000018069026e-07, 4.140507843993409e-09, 1.2593674518409276e-07, 32089000000, 
6.315755253366584e-07, 4.275188675295638e-09, 1.261245783173992e-07, 32157000000, 
6.327103544423451e-07, 9.033912506950514e-09, 1.2628573736461756e-07, 32259000000, 
6.301260347951754e-07, -4.8316351382767424e-09, 1.262941276382786e-07, 32361000000, 
1.7675479878986913, 5.891824517294456, 0.11783661671567203, 44771000000, 
1.7675480392368697, 5.8918246970361166, 0.23567311048410636, 44873000000, 
1.7675480844200209, 3.217377653186304e-07, 0.35350960743703874, 44941000000, 
1.767548024190782, -5.015362569693593e-08, 0.35350960985651153, 45043000000, 
1.7743004574864945, 0.02250791022157861, 0.3539597710731532, 45145000000, 
1.7754119162066468, 0.026212973386216348, 0.35448402652559485, 45247000000, 
1.735166200937195, -0.13044752183099786, 0.35232523830868906, 45349000000, 
1.6949086981375974, -0.26834406023016494, 0.34703245435209595, 45451000000, 
1.653391397894406, -0.2725826768092972, 0.33889775313127996, 45553000000, 
1.6112830553916138, -0.278752142486612, 0.33063887676157444, 45655000000, 
1.5691491316419752, -0.280807554174769, 0.3222549056618663, 45757000000, 
1.5271140860987542, -0.2805632309761985, 0.31383641820882285, 45859000000, 
1.4851326964873885, -0.28005478384862226, 0.3054263942818745, 45961000000, 
1.443141584052722, -0.2799083401534408, 0.2970258911092576, 46063000000, 
1.4011205140057774, -0.2800406082720371, 0.2886263196363925, 46165000000, 
1.359042476444584, -0.2803303586937929, 0.2802203049668722, 46267000000, 
1.3168865232778573, -0.2807799690930672, 0.2718033009152146, 46369000000, 
1.2746427347500522, -0.28133247231510633, 0.2633714489648329, 46471000000, 
1.2323103295517277, -0.28192064575376524, 0.25492263917197583, 46573000000, 
1.2040333615795058, -0.2353645772351546, 0.24739909505875238, 46641000000, 
1.1615142309273534, -0.235986995414581, 0.2398571948039058, 46743000000, 
1.1188501593569689, -0.2839440074084565, 0.2322931834575885, 46845000000, 
1.0760211581200738, -0.2849769093575986, 0.22375903656029306, 46947000000, 
1.0330110489774844, -0.2861303679316148, 0.21519215776363515, 47049000000, 
0.989817523522461, -0.2873454486587094, 0.2065899820413346, 47151000000, 
0.9464246175342499, -0.28862143814411506, 0.19795021266894636, 47253000000, 
0.9028105032595277, -0.29002340087644424, 0.18927017628774923, 47355000000, 
0.858954566456055, -0.2915668369273165, 0.18054597914998882, 47457000000, 
0.8148386360979654, -0.29323955720520783, 0.17177358038756987, 47559000000, 
0.7704502293614042, -0.29501445698216927, 0.16294956212769496, 47661000000, 
0.7257781050832945, -0.2968684367155694, 0.15407113136951095, 47763000000, 
0.680805719566153, -0.29881503265083725, 0.14513560360072345, 47865000000, 
0.6355148241356308, -0.3008776031588793, 0.1361399099190052, 47967000000, 
0.605135252248276, -0.2522348910595899, 0.12809705306333732, 48035000000, 
0.559276756995633, -0.25412689046665937, 0.11999512222530265, 48137000000, 
0.5130606779516336, -0.30691524765547484, 0.11183151247970284, 48239000000, 
0.4664740870417603, -0.3093422331795755, 0.10258743479926845, 48341000000, 
0.41949748619322835, -0.3118773058613507, 0.09326881674577481, 48443000000, 
0.3741120848326138, -0.30787334069715494, 0.08400557720450683, 48545000000, 
0.3317904691753306, -0.29235672339299246, 0.07502666934674485, 48647000000, 
0.2930701591555902, -0.2701397522567454, 0.06659818087756897, 48749000000, 
0.25809124666783956, -0.2456640750249702, 0.05886345833325069, 48851000000, 
0.226777123013161, -0.22097678714143068, 0.051862568589106046, 48953000000, 
0.19892099723881174, -0.19723416476342606, 0.04558595779465415, 49055000000, 
0.17426050103744806, -0.1750554065857098, 0.03999724141929472, 49157000000, 
0.15250905321645858, -0.15470648007451052, 0.035046036766181225, 49259000000, 
0.13337491204804186, -0.136285296631354, 0.03067629775346323, 49361000000, 
0.11657716920628114, -0.11977294670059146, 0.026830742298052105, 49463000000, 
0.10185312180028294, -0.10507263415919639, 0.023453680203640397, 49565000000, 
0.08896033091551936, -0.0920561276358726, 0.020492708128138897, 49667000000, 
0.08106211103491612, -0.06930336921788942, 0.01812503758338123, 49735000000, 
0.07077402637623353, -0.06062101513095275, 0.0160530978884446, 49837000000, 
0.06178189211443663, -0.06426739640159829, 0.014241201968372419, 49939000000, 
0.0539263815008828, -0.05615881625116911, 0.012432153332770198, 50041000000, 
0.047361196551712004, -0.048068985209082093, 0.010871298011135429, 50143000000, 
0.041393201499564825, -0.04177726667105993, 0.009512051970143976, 50245000000, 
0.036130558952999436, -0.03743545866237522, 0.008325663800285084, 50347000000, 
0.03155054056000761, -0.03280886979852404, 0.007271620067504791, 50449000000, 
0.02755060741608828, -0.028599838456370524, 0.006348780461939689, 50551000000, 
0.024052363459516224, -0.024993923668304625, 0.005543567429040807, 50653000000, 
0.02099442087879555, -0.0218539551243091, 0.0048398261169600035, 50755000000, 
0.01832266861205545, -0.019098982824869253, 0.004224630196691148, 50857000000, 
0.015989700469501322, -0.016682401364314092, 0.0036871193306901545, 50959000000, 
0.013952980238180812, -0.014565627912915454, 0.003217689954649172, 51061000000, 
0.012174812157510928, -0.012716294373301315, 0.0028078328576795373, 51163000000, 
0.010622696035528234, -0.01110094734217526, 0.0024500325620813316, 51265000000, 
0.009268211867511145, -0.009688667633332612, 0.0021377146707033537, 51367000000, 
0.008439998693340112, -0.007275657807293741, 0.0018887271064252993, 51435000000, 
0.007363335423803186, -0.006349588145693197, 0.0016714363989769627, 51537000000, 
0.0064240027385540355, -0.006719986515953587, 0.0014818224570464888, 51639000000, 
0.0056043151648730305, -0.005863400863100517, 0.0012927768884820167, 51741000000, 
0.004920253954747045, -0.005012495946023303, 0.0011299047905449406, 51843000000, 
0.004298826515668264, -0.004351628830682556, 0.0009882263756858893, 51945000000, 
0.003751220870961136, -0.003896776945953029, 0.0008646867560917629, 52047000000, 
0.0032750941397521327, -0.0034124412530537698, 0.0007550094350921022, 52149000000, 
0.0028594252796445563, -0.002972651971055266, 0.0006590493526905216, 52251000000, 
0.002496143117967309, -0.002596503405949413, 0.0005753775024909332, 52353000000, 
0.0021787186486112997, -0.0022690221034441884, 0.0005022858030815443, 52455000000, 
0.001901577937710286, -0.0019818839341900762, 0.00043842931361925963, 52557000000, 
0.0016597467052956727, -0.0017299064777187567, 0.0003826695527744839, 52659000000, 
0.0014486521369283523, -0.0015097526692731122, 0.00033399845199562074, 52761000000, 
0.00126443914044172, -0.0013176918828465094, 0.00029152253217771634, 52863000000, 
0.0011518171940347877, -0.0009894498096452153, 0.000257660564760324, 52931000000, 
0.0010054818433222756, -0.0008631909903981475, 0.00022811587851991887, 53033000000, 
0.0008777507599417866, -0.0009135547803100034, 0.00020233665315325667, 53135000000, 
0.0007663496129755032, -0.0007971074344892415, 0.00017663881441597103, 53237000000, 
0.0006733588316509831, -0.0006813064276360118, 0.00015449728030455154, 53339000000, 
0.0005888842887011858, -0.0005915510809143912, 0.00013523951555517814, 53441000000, 
0.0005144289277452252, -0.0005297663463525263, 0.00011844480320649294, 53543000000, 
0.0004496595736562803, -0.0004640823834830184, 0.00010353151934017942, 53645000000, 
0.0003930887092764568, -0.0004044673948958947, 9.047848071186415e-05, 53747000000, 
0.0003436307427071572, -0.0003534294364970769, 7.909193504265961e-05, 53849000000, 
0.00030038318331926384, -0.0003090184198573098, 6.914017568685853e-05, 53951000000, 
0.00026258144099844394, -0.00027016433902904424, 6.0439691134990996e-05, 54053000000, 
0.00022955320786932631, -0.0002360999181664584, 5.283452214580227e-05, 54155000000, 
0.00020069615818707476, -0.00020628427603789726, 4.6188720470323e-05, 54257000000, 
0.00017550446690939303, -0.00018016246986644427, 4.038358886438627e-05, 54359000000, 
0.00015346592643061818, -0.00015743410585485526, 3.531110343513906e-05, 54461000000, 
0.000139950894707086, -0.00011851190734102346, 3.1261419203139816e-05, 54529000000, 
0.00012239125377577764, -0.0001035822421828018, 2.7720538327565453e-05, 54631000000, 
0.00010706897583756536, -0.00010960639623173544, 2.46274082880286e-05, 54733000000, 
9.368006914822757e-05, -9.570394875850023e-05, 2.1542686584104706e-05, 54835000000, 
8.187282996230394e-05, -8.398715291753807e-05, 1.8841458329873123e-05, 54937000000, 
7.19274413467641e-05, -7.250875933821159e-05, 1.6498689363819707e-05, 55039000000, 
6.29994991010463e-05, -6.291110287085881e-05, 1.4453318027340955e-05, 55141000000, 
5.514092971714568e-05, -5.5955038765394725e-05, 1.2671191344330405e-05, 55243000000, 
4.8317072684156415e-05, -4.894142138963294e-05, 1.1097166766823226e-05, 55345000000, 
4.233805584052952e-05, -4.2676246255387205e-05, 9.719737216122107e-06, 55447000000, 
3.714758402195706e-05, -3.7231628873997856e-05, 8.520180836442866e-06, 55549000000, 
3.260032963492421e-05, -3.245908735201771e-05, 7.4723979664940526e-06, 55651000000, 
2.8601580668530246e-05, -2.848667784475604e-05, 6.556632955027434e-06, 55753000000, 
2.6142347133051302e-05, -2.1526608339576352e-05, 5.822950495767051e-06, 55821000000, 
2.2979189481242557e-05, -1.8741303957625632e-05, 5.181541152188274e-06, 55923000000, 
2.018638323253441e-05, -1.9853213001722974e-05, 4.620527989788551e-06, 56025000000, 
1.7819962758736096e-05, -1.7197422408354868e-05, 4.065702364834204e-06, 56127000000, 
1.583289006013011e-05, -1.451164390801433e-05, 3.589282403426708e-06, 56229000000, 
1.4039766238260754e-05, -1.2600655068251143e-05, 3.1795079371417972e-06, 56331000000, 
1.2386170897826787e-05, -1.1489063874344415e-05, 2.8172551464145102e-06, 56433000000, 
1.1026411103953748e-05, -1.0044517114356685e-05, 2.4968232160027528e-06, 56535000000, 
9.852970000778782e-06, -8.444002990160016e-06, 2.217703466837288e-06, 56637000000, 
8.741263569422841e-06, -7.617158448436356e-06, 1.9747096449436914e-06, 56739000000, 
7.797922356944653e-06, -6.850158812780431e-06, 1.7594770618097518e-06, 56841000000, 
7.021046273258946e-06, -5.73405765387965e-06, 1.5706821466417626e-06, 56943000000, 
6.371295474316696e-06, -4.75542294209319e-06, 1.4126842736346863e-06, 57045000000, 
5.672503996523304e-06, -4.4951409224521415e-06, 1.2709897162732632e-06, 57147000000, 
5.151866952601836e-06, -4.064761739049534e-06, 1.146377761562789e-06, 57249000000, 
4.760081797838822e-06, -3.041407328948272e-06, 1.0389635164642642e-06, 57351000000, 
4.294150648842532e-06, -2.859054345864346e-06, 9.470732932855459e-07, 57453000000, 
4.091860561272753e-06, -2.2274041218868965e-06, 8.764062005302738e-07, 57521000000, 
3.7739571272510375e-06, -1.7339784053049812e-06, 8.106645558244215e-07, 57623000000, 
3.4586653061552397e-06, -2.110650850391712e-06, 7.54965532978602e-07, 57725000000, 
3.2472846138720257e-06, -1.755575044596706e-06, 6.986604698185535e-07, 57827000000, 
3.024083194747007e-06, -1.4486070380274423e-06, 6.486688743182848e-07, 57929000000, 
2.813952560298816e-06, -1.4444401785773664e-06, 6.056880245945233e-07, 58031000000, 
2.695793799079027e-06, -1.0942979855599333e-06, 5.6892197027499e-07, 58133000000, 
2.5734794870668765e-06, -8.015769107731311e-07, 5.388817230963147e-07, 58235000000, 
2.439140617482849e-06, -8.555106053205938e-07, 5.138942602419168e-07, 58337000000, 
2.3416673016196654e-06, -7.727072848240368e-07, 4.902858270779594e-07, 58439000000, 
2.252958402060301e-06, -6.206073847418262e-07, 4.689177547441877e-07, 58541000000, 
2.185000822496619e-06, -5.222215970768218e-07, 4.519751017451057e-07, 58643000000, 
2.0861711018671514e-06, -5.55957667310499e-07, 4.349420217616047e-07, 58745000000, 
2.034105559101107e-06, -5.029842113183728e-07, 4.203518322309918e-07, 58847000000, 
1.9619496725020724e-06, -4.1407143121692985e-07, 4.054817555646887e-07, 58949000000, 
1.969922887035125e-06, -2.1394224021994054e-07, 3.977318745758869e-07, 59017000000, 
1.9044524544042929e-06, -1.9165739365926507e-07, 3.89088334262766e-07, 59119000000, 
1.8466753892720789e-06, -4.1082499254348665e-07, 3.814033820474331e-07, 59221000000, 
1.8289052696740526e-06, -2.518239491008008e-07, 3.7200220755669494e-07, 59323000000, 
1.8069751235305631e-06, -1.3233421913838583e-07, 3.6550371883177966e-07, 59425000000, 
1.7765214166409748e-06, -1.7461284344359265e-07, 3.608267873230394e-07, 59527000000, 
1.71014008421011e-06, -3.227834644015104e-07, 3.5290910829210984e-07, 59629000000, 
1.723629489358558e-06, -1.763064242747229e-07, 3.4735273268064286e-07, 59731000000, 
1.7095140960599053e-06, -2.0866271673488277e-09, 3.4288557797523823e-07, 59833000000, 
1.6478878364090122e-06, -2.524721764984861e-07, 3.3873542812183167e-07, 59935000000, 
1.6566664577943868e-06, -1.761587942183951e-07, 3.3427122601755363e-07, 60037000000, 
1.6487669249887205e-06, 2.930295265694364e-09, 3.3022141461280795e-07, 60139000000, 
1.6077089126653732e-06, -1.6319181709671207e-07, 3.2754281969656537e-07, 60241000000, 
1.6311829125204014e-06, -5.861337489439696e-08, 3.2584391667829967e-07, 60343000000, 
1.6077913684853229e-06, 2.7485273316566844e-10, 3.231122129114065e-07, 60445000000, 
1.5742617147651572e-06, -1.8973732585081393e-07, 3.2088239971805875e-07, 60547000000, 
1.6037657775136438e-06, -1.3418636572263646e-08, 3.1905459071760823e-07, 60649000000, 
1.5965463697753535e-06, 7.428218336732091e-08, 3.1830492413694363e-07, 60717000000, 
1.568937523455105e-06, -1.1609418019512911e-07, 3.1794997804960684e-07, 60819000000, 
1.5787347180662437e-06, -5.937217236369937e-08, 3.162812407531135e-07, 60921000000, 
1.5772765602495298e-06, 2.779678931474905e-08, 3.149965867847252e-07, 61023000000, 
1.551792822906961e-06, -8.98063171976086e-08, 3.138536067481823e-07, 61125000000, 
1.569230685394274e-06, -2.6819582850852914e-08, 3.1322000457005096e-07, 61227000000, 
1.5814287568360896e-06, 9.878644643042851e-08, 3.1349681767582164e-07, 61329000000, 
1.5524022847213104e-06, -5.6094668909878465e-08, 3.135374484634449e-07, 61431000000, 
1.5645498849803374e-06, -5.62629061858407e-08, 3.1322539510251585e-07, 61533000000, 
1.557776363902974e-06, 1.79135972722122e-08, 3.116485689069748e-07, 61635000000, 
1.5375193485045457e-06, -9.010178825263893e-08, 3.106563731591905e-07, 61737000000, 
1.5512295890030003e-06, -2.182258299991228e-08, 3.09768353427368e-07, 61839000000, 
1.5389025977974313e-06, 4.610830976285267e-09, 3.0851010235366516e-07, 61941000000, 
1.5236424699693885e-06, -9.195706344537295e-08, 3.07584977117988e-07, 62043000000, 
1.542175244839683e-06, 1.0908823474172399e-08, 3.0698135417376685e-07, 62111000000, 
1.533964561595269e-06, 3.4406972086268674e-08, 3.066521517602894e-07, 62213000000, 
1.5230775822772102e-06, -6.365887520824269e-08, 3.066144925808108e-07, 62315000000, 
1.5049686072909907e-06, -9.665318101426124e-08, 3.0413405007756464e-07, 62417000000, 
1.5135076714134499e-06, -3.1899702879201186e-08, 3.0277025739877674e-07, 62519000000, 
1.5211404711390486e-06, 5.39062128268597e-08, 3.026411166562326e-07, 62621000000, 
1.530042732289516e-06, 5.5116869586887183e-08, 3.043127249894676e-07, 62723000000, 
1.5117229454908454e-06, -3.139175216067732e-08, 3.04193743261294e-07, 62825000000, 
1.5173831788839465e-06, -4.219851135189856e-08, 3.0394325711095387e-07, 62927000000, 
1.5182447743455896e-06, 2.1739429515813907e-08, 3.0315672658135874e-07, 63029000000, 
1.5111427100755748e-06, -2.080156269457234e-08, 3.031180442203407e-07, 63131000000, 
1.5202796332935975e-06, 6.782863160026409e-09, 3.0331114118098414e-07, 63233000000, 
1.507538789802254e-06, -1.2013067577735606e-08, 3.0259740887809507e-07, 63335000000, 
1.5062895877271387e-06, -4.663348522152925e-08, 3.0227386738819935e-07, 63437000000, 
1.5162876387808666e-06, 2.9162829928708334e-08, 3.0200773442068397e-07, 63539000000, 
1.4843013156351503e-06, -7.329424030662797e-08, 3.0045856947621037e-07, 63607000000, 
1.504321521572649e-06, -3.988705736072499e-08, 3.003273650659111e-07, 63743000000, 
1.4846937754775524e-06, 1.3081994746736807e-09, 2.982211075123568e-07, 63811000000, 
1.4813062461094262e-06, -7.671758487740969e-08, 2.9802143621064183e-07, 63913000000, 
1.4867965416609508e-06, 7.009220611327767e-09, 2.968531042165286e-07, 64015000000, 
1.4784350872432128e-06, -9.570529554044546e-09, 2.964358583342393e-07, 64117000000, 
1.4860224271107114e-06, -2.580381834131155e-09, 2.967502704009917e-07, 64219000000, 
1.5001394140234936e-06, 7.234775593426927e-08, 2.9763979522516116e-07, 64321000000, 
1.5062845086788457e-06, 6.754027189378083e-08, 2.9949642332087005e-07, 64423000000, 
1.5062769669338394e-06, 2.0458509701152632e-08, 3.0084672597574524e-07, 64525000000, 
1.5053654318641918e-06, -3.0635893821795435e-09, 3.0119512716512513e-07, 64627000000, 
1.502341315795519e-06, -1.311883712773465e-08, 3.0093224763957e-07, 64729000000, 
1.5033914140261118e-06, -6.580059460266814e-09, 3.007398774457215e-07, 64831000000, 
1.4989304488732813e-06, -1.1369556407458958e-08, 3.003108785796608e-07, 64933000000, 
1.496154652169679e-06, -2.4122539521442832e-08, 2.998984343379381e-07, 65035000000, 
1.484407133434118e-06, -4.841105146387766e-08, 2.986328156318052e-07, 65137000000, 
1.4616080168394774e-06, -1.1515545110067175e-07, 2.9614465349621826e-07, 65205000000, 
1.4594664246025957e-06, -8.313569610507443e-08, 2.936987716584127e-07, 65307000000, 
1.4591402885955063e-06, -8.225760813237079e-09, 2.920143153358386e-07, 65409000000, 
1.469403683840298e-06, 3.31241974590076e-08, 2.9253402646922664e-07, 65511000000, 
1.468999865306131e-06, 3.286525570208217e-08, 2.9316958918279565e-07, 65613000000, 
1.4875840861350298e-06, 6.060134098243945e-08, 2.9506584235209726e-07, 65715000000, 
1.4795873655160108e-06, 3.529166736626621e-08, 2.9574475446381143e-07, 65817000000, 
1.4760452937689905e-06, -3.846264122013091e-08, 2.9621444969466874e-07, 65919000000, 
1.4864273190084987e-06, 2.2799844974959644e-08, 2.961373318862333e-07, 66021000000, 
1.4849829896856903e-06, 2.979231972233265e-08, 2.9649704016421195e-07, 66123000000, 
1.478267748433737e-06, -2.7198568582538957e-08, 2.966452038085284e-07, 66225000000, 
1.4640721806014056e-06, -6.970269694761555e-08, 2.951548612480555e-07, 66327000000, 
1.4580593923341212e-06, -6.736118699871933e-08, 2.9335995475795094e-07, 66429000000, 
1.4781350305970165e-06, 4.687616665203601e-08, 2.9335110690216956e-07, 66531000000, 
1.4343573198072335e-06, -7.900690842295906e-08, 2.913701161825581e-07, 66599000000, 
1.4338704295013827e-06, -1.475486703187793e-07, 2.897575186603755e-07, 66701000000, 
1.4343596870247666e-06, 7.890725110352529e-12, 2.868391624222255e-07, 66803000000, 
1.4341724974276104e-06, 1.006893087425927e-09, 2.8682684093025066e-07, 66905000000, 
1.4477097420861895e-06, 4.45001835380765e-08, 2.8774946176923776e-07, 67007000000, 
0.08720482439840027, 0.29067796741967616, 0.005813847085375985, 89685000000, 
0.08720486315581222, 0.29067805148690046, 0.01162740901759697, 89787000000, 
0.08720490144575499, 2.568245157282452e-07, 0.01744097259999783, 89889000000, 
0.0872049341518224, 2.3665336727300237e-07, 0.01744097991689264, 89991000000, 
0.05795086604822153, -0.09751345132511154, 0.01549071344305326, 90093000000, 
0.05960257861523921, -0.09200785178861064, 0.013650558587685543, 90195000000, 
0.05387694351078176, -0.01357974179146589, 0.0114286925449495, 90297000000, 
0.04528190008795141, -0.047735595090959336, 0.010584094814264824, 90399000000, 
0.0392723677947866, -0.0486819190533172, 0.00922874742623465, 90501000000, 
0.03440891775774757, -0.0362432744340128, 0.007930879042699039, 90603000000, 
0.0316023248041315, -0.02556680996885034, 0.007018907357111044, 90671000000, 
0.027387637362330963, -0.023404267984722022, 0.0062265919949473355, 90773000000, 
0.023873626431356598, -0.025762327909249667, 0.005524239239854604, 90875000000, 
0.020848436552229455, -0.021797336033671694, 0.0048073133563944674, 90977000000, 
0.018300861686652237, -0.018575882482347872, 0.004201528311349219, 91079000000, 
0.015987271572789563, -0.01620388326479964, 0.0036757713207780838, 91181000000, 
0.013951210668369018, -0.014498836727610728, 0.0032159562618540543, 91283000000, 
0.01218011300112165, -0.012690528572226375, 0.002807906349485349, 91385000000, 
0.01063429899107815, -0.011056372257636227, 0.002451041510704588, 91487000000, 
0.009283626596986227, -0.00965495468045141, 0.0021398692392790688, 91589000000, 
0.00845687446194221, -0.0072580817637864685, 0.0018916533366671057, 91657000000, 
0.007381253792002163, -0.006341242683280217, 0.0016747836567287066, 91759000000, 
0.006173088978802976, -0.007612618277130778, 0.0014674144821831565, 91895000000, 
0.00538728048893633, -0.006646577676886108, 0.0012627748839827645, 91997000000, 
0.004937674111747281, -0.004118049556852317, 0.0010998695719657726, 92065000000, 
0.004315373440532788, -0.0035730234946784734, 0.0009760218694144266, 92167000000, 
0.0037308059160445772, -0.00402289398567568, 0.0008655902312216431, 92269000000, 
0.003255618436373009, -0.003532516680532597, 0.0007534531861966916, 92371000000, 
0.0028601579070914873, -0.002902160029843633, 0.0006564388173006049, 92473000000, 
0.0024977104898549207, -0.002526359821726961, 0.0005742324555546278, 92575000000, 
0.0021787096569623188, -0.0022714941670972286, 0.0005024385369272484, 92677000000, 
0.0019018382627540298, -0.0019862407570029697, 0.00043855056063808463, 92779000000, 
0.0016604812233138588, -0.0017274281121615331, 0.00038273527620201383, 92881000000, 
0.001449558892911984, -0.0015075978994734858, 0.00033412522526532484, 92983000000, 
0.0012652949019353876, -0.0013172877379282373, 0.0002916890012107487, 93085000000, 
0.0011044378487095052, -0.0011504034806749293, 0.0002546194429037918, 93187000000, 
0.0009639821070526189, -0.0010043759829425625, 0.0002222476571798341, 93289000000, 
0.0008780559929788545, -0.0007546061857688358, 0.00019643172991606523, 93357000000, 
0.0007664674179559405, -0.0006583822969889278, 0.0001739003678658276, 93459000000, 
0.0006689341168621965, -0.00069707292038886, 0.00015423050185313277, 93561000000, 
0.0005839162981322588, -0.0006085037327456059, 0.0001346211888633597, 93663000000, 
0.0005130045554775364, -0.0005197652046155336, 0.00011772366469813278, 93765000000, 
0.0004484995887419352, -0.0004513890313010786, 0.00010302802949011535, 93867000000, 
0.00039166635903553626, -0.0004044606548066672, 9.021136688366719e-05, 93969000000, 
0.00034224990170050873, -0.0003541656234714215, 7.882772329853201e-05, 94071000000, 
0.0002991041607098843, -0.00030854066108550643, 6.886802809639529e-05, 94173000000, 
0.0002613244655078617, -0.0002697514539754901, 6.017856852788365e-05, 94275000000, 
0.00022832665740546432, -0.00023592501101473337, 5.258368557488069e-05, 94377000000, 
0.00019952091288288898, -0.0002060118420832424, 4.594480238641433e-05, 94479000000, 
0.00017435657285558293, -0.00017990028183293796, 4.0146942876262416e-05, 94581000000, 
0.00015240422677287313, -0.0001570556203667195, 3.5085447500756334e-05, 94683000000, 
0.00013322265355508733, -0.0001371130643349853, 3.0665563545569556e-05, 94785000000, 
0.00011649474659192194, -0.0001196982672698373, 2.6808108461325494e-05, 94887000000, 
0.00010618307782461756, -9.013191910156593e-05, 2.372669853144179e-05, 94955000000, 
9.284739024284505e-05, -7.882452116358962e-05, 2.1035014310625636e-05, 95057000000, 
8.130955889740221e-05, -8.291172975738448e-05, 1.868933513099099e-05, 95159000000, 
7.116972303622404e-05, -7.22588906887367e-05, 1.635511147843142e-05, 95261000000, 
6.223862505994049e-05, -6.356977945820574e-05, 1.4314527132904449e-05, 95363000000, 
5.4740938542519046e-05, -5.4762614979016654e-05, 1.2543285775912239e-05, 95465000000, 
4.803114535700814e-05, -4.7358265676441157e-05, 1.100071393063118e-05, 95567000000, 
4.2138090599497247e-05, -4.2009493143406e-05, 9.660678299934962e-06, 95669000000, 
3.70287826272353e-05, -3.667454243257614e-05, 8.479867905582712e-06, 95771000000, 
3.25439962982621e-05, -3.198031433745049e-05, 7.44739130166631e-06, 95873000000, 
2.86447326041106e-05, -2.7946833410415668e-05, 6.547834101973867e-06, 95975000000, 
2.5233377112687805e-05, -2.4368730618580987e-05, 5.761473734337367e-06, 96077000000, 
2.2265418665234904e-05, -2.1264379796252324e-05, 5.076235225468887e-06, 96179000000, 
1.9672289069738724e-05, -1.85369601431636e-05, 4.478072323177429e-06, 96281000000, 
1.740000580907619e-05, -1.6218042853862375e-05, 3.955847569603322e-06, 96383000000, 
1.539282087836824e-05, -1.4264893971234946e-05, 3.4976743838122105e-06, 96485000000, 
1.3684043656425615e-05, -1.2386540508835253e-05, 3.09845802292467e-06, 96587000000, 
1.2579563721359932e-05, -9.377523856694362e-06, 2.777095217076919e-06, 96655000000, 
1.1218575319382751e-05, -8.218227790142881e-06, 2.49881217981122e-06, 96757000000, 
9.988708726371698e-06, -8.636183316627447e-06, 2.2524565178076253e-06, 96859000000, 
8.943214943712974e-06, -7.5845345855659234e-06, 2.010033265964495e-06, 96961000000, 
8.081685668681615e-06, -6.3567435256336085e-06, 1.8009072892510858e-06, 97063000000, 
7.320979050096099e-06, -5.407452978722915e-06, 1.6230586441660459e-06, 97165000000, 
6.619872624291645e-06, -4.8727101479665675e-06, 1.468169156204624e-06, 97267000000, 
6.0525835814395634e-06, -4.227984895521786e-06, 1.3328956837218204e-06, 97369000000, 
5.472741470224918e-06, -3.823770513555758e-06, 1.2096798450637416e-06, 97471000000, 
5.024906612138835e-06, -3.4255898976690937e-06, 1.1033487775868878e-06, 97573000000, 
4.610258130366418e-06, -2.8749444661949988e-06, 1.0071937475153447e-06, 97675000000, 
4.2684399255144e-06, -2.5215556220814506e-06, 9.269069778679769e-07, 97777000000, 
3.936524347825099e-06, -2.2457792751377306e-06, 8.543481602470611e-07, 97879000000, 
3.671800567595085e-06, -1.9887978597310507e-06, 7.917843227289722e-07, 97981000000, 
3.448018687457477e-06, -1.6283522012254064e-06, 7.370895735251773e-07, 98049000000, 
3.225385703853334e-06, -1.4880495458058363e-06, 6.896803305937264e-07, 98151000000, 
3.065012863512351e-06, -1.2766860798170872e-06, 6.492278169882108e-07, 98253000000, 
2.8596885055520715e-06, -1.2189906610042083e-06, 6.100058048611838e-07, 98389000000, 
2.702299833234889e-06, -1.2090434342582057e-06, 5.751334134866207e-07, 98457000000, 
-1.1191114664462125, -3.730381087115726, -0.07460706029719158, 98559000000, 
-1.1246961038430376, -3.748996020476236, -0.14958699119929447, 98661000000, 
-1.1302717488157508, -0.03720094123179418, -0.2249386212736667, 98763000000, 
-1.1358039120209797, -0.037026027259807005, -0.22605145097865123, 98865000000, 
-1.1232697167657828, 0.023340106833226553, -0.2259563585068342, 98967000000, 
-1.0807646087219283, 0.18346434433017164, -0.22265588250057938, 99069000000, 
-1.038019269749439, 0.28416815672114587, -0.21613690634914334, 99171000000, 
-0.9950372015214481, 0.2857580240016004, -0.20758807199952103, 99273000000, 
-0.9518546743544023, 0.2872153179834558, -0.1989940763750193, 99375000000, 
-0.9084796682823756, 0.2885251107969085, -0.19035810294388172, 99477000000, 
-0.8648767674901292, 0.2899263562142436, -0.18168074067512716, 99579000000, 
-0.8210183728345073, 0.2915376514928943, -0.1729583205738008, 99681000000, 
-0.7768844815959369, 0.2933076196473076, -0.16418530812803822, 99783000000, 
-0.732457371919337, 0.2952033363839009, -0.15535734842331875, 99885000000, 
-0.7026680965022439, 0.24738795031230998, -0.14746733000116788, 99953000000, 
-0.657718336523363, 0.24913011798658014, -0.13952292032966293, 100055000000, 
-0.6124359918654675, 0.30077368212258815, -0.1315214949927383, 100157000000, 
-0.5668059292161849, 0.30304135769059365, -0.1224640171736677, 100259000000, 
-0.5208068049311717, 0.3054306231143193, -0.11333658173418829, 100361000000, 
-0.4744309171538563, 0.30791670687442857, -0.10413624342008086, 100463000000, 
-0.42766151581085854, 0.3104842970677106, -0.09485994919305911, 100565000000, 
-0.38201349648649796, 0.3080580688911945, -0.08560706196341418, 100667000000, 
-0.3392373187283757, 0.2947473236082761, -0.07659415540171549, 100769000000, 
-0.29998582734445967, 0.27342556380679434, -0.06808244283728888, 100871000000, 
-0.2644367918970769, 0.2493350894376626, -0.06024399586466082, 100973000000, 
-0.23254480638204966, 0.22480340320803335, -0.05313116170823908, 101075000000, 
-0.20412793364496207, 0.2010295275070495, -0.04674063546160591, 101177000000, 
-0.17893664683624688, 0.17869386515267593, -0.041040625790883904, 101279000000, 
-0.15669152280692578, 0.15812136946012098, -0.035983740219208984, 101381000000, 
-0.14299496654380073, 0.11980560097482051, -0.031908209079131555, 101449000000, 
-0.12506062103288085, 0.10543633924681643, -0.028316474025573822, 101551000000, 
-0.10931942344565071, 0.11225181032716673, -0.025158334068155486, 101653000000, 
-0.09552215073186254, 0.09846156767006102, -0.02199347968069294, 101755000000, 
-0.08395271995791387, 0.08455567829245614, -0.019252952942361807, 101857000000, 
-0.07342393299864691, 0.07366072577738543, -0.016859920245894888, 101959000000, 
-0.06412652605907376, 0.06608731299613368, -0.014766878601042303, 102061000000, 
-0.05602391725760325, 0.05800005247014554, -0.012904958421021595, 102163000000, 
-0.04893948517097946, 0.05062346962698102, -0.011272661899177097, 102265000000, 
-0.04273899030106332, 0.04428308985513311, -0.009846826181976402, 102367000000, 
-0.03731590411884811, 0.03874527017377116, -0.008599625306059393, 102469000000, 
-0.03257539752398886, 0.0338786425902482, -0.007508686129593352, 102571000000, 
-0.028433757581920016, 0.029607155123093643, -0.0065550039483171325, 102673000000, 
-0.02481638213025328, 0.025863384645785265, -0.0057217024824108105, 102775000000, 
-0.0216574701409481, 0.022587624803239725, -0.00499384065687476, 102877000000, 
-0.01889958987587692, 0.01972264084792119, -0.004358229476471886, 102979000000, 
-0.017212475495867907, 0.014816648816933972, -0.0038513023675128617, 103047000000, 
-0.015019162937368713, 0.012934756461694027, -0.0034087485539409028, 103149000000, 
-0.013104661247327565, 0.013692714161801142, -0.003022419978704279, 103251000000, 
-0.011433667148128546, 0.011951652630800558, -0.0026371660888549883, 103353000000, 
-0.010038817505365505, 0.010219479139873533, -0.0023051430600547745, 103455000000, 
-0.008771432712832428, 0.008874114784320394, -0.0020162611577550986, 103557000000, 
-0.0076544492337826675, 0.007947894238609457, -0.0017643132967987067, 103659000000, 
-0.006682785348563036, 0.006962157880897972, -0.001540577819678542, 103761000000, 
-0.005834411272505835, 0.006066793204256109, -0.001344776390323436, 103863000000, 
-0.005092934885301603, 0.005299501544204777, -0.0011740087670913649, 103965000000, 
-0.004444932521149303, 0.004631595837855107, -0.001024818578597116, 104067000000, 
-0.0038790045965946263, 0.004046434295689923, -0.0008944581335363688, 104169000000, 
-0.0033849944343096183, 0.003533126956132282, -0.0007805954368035698, 104271000000, 
-0.00295380576296278, 0.003083996112106154, -0.0006811869862578016, 104373000000, 
-0.0025774355695857842, 0.00269186288241278, -0.0005944157177905455, 104475000000, 
-0.002347473071513839, 0.0020211089714964694, -0.0005252476269374935, 104543000000, 
-0.002048430817303215, 0.0017633491742752305, -0.0004648892972268559, 104645000000, 
-0.0017126720547545604, 0.002116003389197596, -0.0004072383962381076, 104781000000, 
-0.0015599270978865487, 0.0016283457313888878, -0.00035473533132962163, 104849000000, 
-0.0013599234150641903, 0.0011758287989679002, -0.00030883483784701997, 104951000000, 
-0.0011778024931740072, 0.0012737486823751383, -0.0002731768670749831, 105053000000, 
-0.0010203307146133822, 0.0011319756681693605, -0.000237203774856772, 105155000000, 
-0.0008946255916215673, 0.0009439230051747997, -0.00020618391996059712, 105257000000, 
-0.0007802163535002293, 0.0008003812037105096, -0.0001796781773156786, 105359000000, 
-0.000679653203945918, 0.0007165746255854977, -0.00015696634327118099, 105461000000, 
-0.0005927365672419027, 0.0006249326208610887, -0.00013684040831253667, 105563000000, 
-0.0005172153119975542, 0.0005414596398278793, -0.00011930700554569166, 105665000000, 
-0.0004513663096213927, 0.00047123419206836675, -0.00010408787925738997, 105767000000, 
-0.0003939360200190256, 0.00041093097326176203, -9.08345094425315e-05, 105869000000, 
-0.0003438379186498919, 0.00035842796990500264, -7.927601655268734e-05, 105971000000, 
-0.00030010419776460573, 0.0003127727408480663, -6.919187576223488e-05, 106073000000, 
-0.00026197601140398596, 0.00027287302415301973, -6.039454185456557e-05, 106175000000, 
-0.00023869925073471965, 0.00020468315676628693, -5.338529732688742e-05, 106243000000, 
-0.00020836384188804846, 0.00017870723171979167, -4.72692736017836e-05, 106345000000, 
-0.00018188609123981347, 0.0001893771983163539, -4.192994559083877e-05, 106447000000, 
-0.00015875494851791405, 0.00016536297790044804, -3.6600325443051734e-05, 106549000000, 
-0.00013943095219604018, 0.00014151713014591097, -3.200479946358451e-05, 106651000000, 
-0.0001218163405274364, 0.00012312869330159218, -2.8000149416092708e-05, 106753000000, 
-0.00010630701976876988, 0.00011041310809090099, -2.450362083281643e-05, 106855000000, 
-9.280715525517014e-05, 9.669728424088753e-05, -2.1395367703425096e-05, 106957000000, 
-8.101848086616847e-05, 8.429512967533803e-05, -1.86755103926739e-05, 107059000000, 
-7.069798418790629e-05, 7.369723689087948e-05, -1.6301574687282993e-05, 107161000000, 
-6.167781211263712e-05, 6.446889584510451e-05, -1.422628514444746e-05, 107263000000, 
-5.377479922519246e-05, 5.6410616542379444e-05, -1.2410039701715724e-05, 107365000000, 
-4.685711209506671e-05, 4.9402333391901365e-05, -1.0820648228859753e-05, 107467000000, 
-4.08197446670755e-05, 4.318351519372321e-05, -9.430110399155644e-06, 107569000000, 
-3.559741418057705e-05, 3.753232638163221e-05, -8.218284729514617e-06, 107671000000, 
-3.098518086319668e-05, 3.278187934626272e-05, -7.160155980723282e-06, 107773000000, 
-2.81873463705562e-05, 2.4700226033402828e-05, -6.317996094288662e-06, 107841000000, 
-2.4510828700696763e-05, 2.158117387499973e-05, -5.578890395629977e-06, 107943000000, 
-2.1408404404010817e-05, 2.259647322181794e-05, -4.940438631684252e-06, 108045000000, 
-1.8605448901309884e-05, 1.9684599331289594e-05, -4.301645467067831e-06, 108147000000, 
-1.6136776834541067e-05, 1.75720918982325e-05, -3.743375342657451e-06, 108249000000, 
-1.4118727038603396e-05, 1.4955739542354962e-05, -3.2573968516302895e-06, 108351000000, 
-1.2266705741725836e-05, 1.2900236976050769e-05, -2.8348139743246864e-06, 108453000000, 
-1.067880099236973e-05, 1.146642015411222e-05, -2.4709489181799307e-06, 108555000000, 
2.2079080652687457, 7.3597344399149565, 0.14719234131746745, 108657000000, 
2.208646036946516, 7.3621890524916935, 0.294436228227618, 108759000000, 
2.2093760495560635, 0.004893280957725861, 0.44172867678475497, 108861000000, 
2.2100981740572254, 0.004840457035698205, 0.4418746840373204, 108963000000, 
2.246837796117218, 0.12487248853718214, 0.4444208013153671, 109065000000, 
2.2827356362047304, 0.24212487382501666, 0.44931144042527826, 109167000000, 
2.2838884831005903, 0.12350228994457406, 0.45423079436150254, 109269000000, 
2.2416111052696905, -0.13708176978346623, 0.45388234830500074, 109371000000, 
2.216179155413947, -0.22569775895547797, 0.44944524958561516, 109439000000, 
2.171499863559931, -0.23370413903253193, 0.44195267494957124, 109541000000, 
2.1275690897132056, -0.2953668856691379, 0.43434987391247226, 109643000000, 
2.0842901386723818, -0.2906990829584973, 0.4255572727963679, 109745000000, 
2.0413053736743945, -0.28754572012937035, 0.41687764013733214, 109847000000, 
1.9984609733311998, -0.28609721780394004, 0.4082704323785317, 109949000000, 
1.9557587776344276, -0.2851553201332228, 0.39970167497600145, 110051000000, 
1.9131401741333895, -0.2844026639927007, 0.3911573283399345, 110153000000, 
1.870678916054662, -0.2835995385992189, 0.3826385245214986, 110255000000, 
1.8283536813512582, -0.2826216426071045, 0.374144851435954, 110357000000, 
1.7861354009395995, -0.2818117170502081, 0.36567786655636797, 110459000000, 
1.7440392227461499, -0.28104819535036113, 0.35723522033580046, 110561000000, 
1.702053653663094, -0.28027249092168544, 0.3488152184899229, 110663000000, 
1.6577824908172882, -0.2875224397628721, 0.34025835781510216, 110765000000, 
1.62856657618254, -0.24495692493517943, 0.33256018137752813, 110833000000, 
1.584494162533158, -0.24429442761376782, 0.32472288196886573, 110935000000, 
1.5412530125405173, -0.291045212140076, 0.31695425008374767, 111037000000, 
1.4971187222226616, -0.2912514677016542, 0.3081910598197558, 111139000000, 
1.4551137175759497, -0.2871309832152254, 0.2995656968226086, 111241000000, 
1.4131099498754764, -0.28002924115728395, 0.2910228259782725, 111343000000, 
1.37113782632521, -0.27991963750246524, 0.2826240995851091, 111445000000, 
1.3291333940720618, -0.2799218526780489, 0.27422541135151657, 111547000000, 
1.2870391689980067, -0.28032885775734445, 0.2658206926263519, 111649000000, 
1.2448425597956465, -0.28096944758805087, 0.25740100819104766, 111751000000, 
1.2025970803805333, -0.2814736287249116, 0.24896525394494576, 111853000000, 
1.1601721641273377, -0.282234652227696, 0.24050745362023448, 111955000000, 
1.1175479583409338, -0.28349707346533154, 0.23202114685658698, 112057000000, 
1.071036584845535, -0.29711859760600906, 0.22325044715425377, 112159000000, 
1.030314821347833, -0.29077712331033584, 0.21459329096895344, 112261000000, 
1.0144077496256028, -0.18876278406644076, 0.20771727705459805, 112329000000, 
1.0050198723194477, -0.08431649676128454, 0.20331616288619223, 112431000000, 
1.015440536249887, 0.0034426220809476624, 0.2023245438796625, 112533000000, 
1.0553590529059171, 0.16779726862156488, 0.2050546307650168, 112635000000, 
1.1062141946446982, 0.302578861316037, 0.2118009189200335, 112737000000, 
1.1580367384586836, 0.3422589518425549, 0.22130733240061992, 112839000000, 
1.211120852119036, 0.34968885824779267, 0.2316914523481612, 112941000000, 
1.2657789708700538, 0.3591407747045672, 0.24232910409651823, 113043000000, 
1.3221789418884553, 0.3701936325647311, 0.253271917658503, 113145000000, 
1.3801454091632896, 0.38122146097745296, 0.26454022146145323, 113247000000, 
1.4392283094185911, 0.3901645584337861, 0.2761035106980224, 113349000000, 
1.4987022451404144, 0.3951894532570825, 0.28787173091481966, 113451000000, 
1.5586624828358406, 0.39811391139083163, 0.2997728691596564, 113553000000, 
1.6194888570853925, 0.4026220398165936, 0.31179023900410985, 113655000000, 
1.6689607159673816, 0.36766077710513656, 0.32314080372590764, 113757000000, 
1.698952114066417, 0.26487752327008174, 0.33249344580794604, 113825000000, 
1.724154629907651, 0.18397971313423098, 0.3394711639960966, 113927000000, 
1.6966656511873444, -0.007621542930242124, 0.34131815967742746, 114029000000, 
1.5950765909964941, -0.4302601297038559, 0.3343931248060993, 114131000000, 
1.4966981392433123, -0.6665583731467736, 0.31922935876181, 114233000000, 
1.391054959832874, -0.6800721038787335, 0.29885531267151205, 114335000000, 
1.2819188733308549, -0.7159308863748581, 0.27797813149380274, 114437000000, 
1.1680516085970982, -0.7433445041192529, 0.25606836278405515, 114539000000, 
1.0497113740601645, -0.774024997568968, 0.23331212373254118, 114641000000, 
0.928082369864045, -0.7998974624435107, 0.2097230235014205, 114743000000, 
0.8046731651664967, -0.8167940296455592, 0.1854977939393804, 114845000000, 
0.6810331503693892, -0.8234973983155195, 0.16091924569332872, 114947000000, 
0.5588084655939074, -0.8195489985752976, 0.13630098540865287, 115049000000, 
0.439553948789035, -0.804930671934514, 0.1119597043168221, 115151000000, 
0.32449143846040407, -0.7810567571116778, 0.0881902568562231, 115253000000, 
0.21454373923548165, -0.7500340318451778, 0.06523927509899471, 115355000000, 
0.14438102419545817, -0.6003680475498197, 0.045561080126089594, 115423000000, 
0.044051897844776366, -0.5683061379690176, 0.02686511075171441, 115525000000, 
-0.05027705835925511, -0.6488602751823777, 0.009210390912065295, 115627000000, 
-0.13875169709609247, -0.6093453164695628, -0.009665123840704748, 115729000000, 
-0.22174569181785087, -0.5715621115286525, -0.027384963151546562, 115831000000, 
-0.2995990503670516, -0.5361578442365303, -0.04400642928539966, 115933000000, 
-0.37279098418508383, -0.5034843078907766, -0.05960904842466575, 116035000000, 
-0.4420152276841427, -0.47472059105697034, -0.0742936841490852, 116137000000, 
-0.5078498242930003, -0.4501961336930549, -0.08817706907748178, 116239000000, 
-0.5709361154407735, -0.42973629252210266, -0.10138674449452777, 116341000000, 
-0.6321776215456381, -0.4144259908421259, -0.11406423741862745, 116443000000, 
-0.6924213008152242, -0.40495061791483583, -0.12636900252010905, 116545000000, 
-0.7517295454229806, -0.3985064129244753, -0.1384218978522562, 116647000000, 
-0.8137846171064864, -0.4045443876375406, -0.1505290308896461, 116749000000, 
-0.8816020152222732, -0.43290823266430856, -0.1631410785167827, 116851000000, 
-0.9546663681002383, -0.4696058366458396, -0.17667020002859987, 116953000000, 
-1.037065596574466, -0.5182119378406425, -0.1915555986597985, 117055000000, 
-1.0961539025600278, -0.47162511486596487, -0.2058590578156488, 117123000000, 
-1.1881890701323505, -0.5037449118596152, -0.22142723795112296, 117225000000, 
-1.2836992096802429, -0.6251510237340504, -0.2378694788248414, 117327000000, 
-1.3819395370216545, -0.6458348896310132, -0.25692185445561655, 117429000000, 
-1.4822436073482197, -0.6618146588932561, -0.2765254902700078, 117531000000, 
-1.5840303714714314, -0.6736361148325898, -0.2965475677227537, 117633000000, 
-1.6866984548212953, -0.6815161582435855, -0.3168648289093964, 117735000000, 
-1.7897659162346813, -0.6857851492108328, -0.33736631616849383, 117837000000, 
-1.892819353217204, -0.6870696613196955, -0.3579522482848787, 117939000000, 
-1.9954640766424934, -0.6856605346927069, -0.37853662307295854, 118041000000, 
-2.097364666791608, -0.6818177119146799, -0.39904320644342034, 118143000000, 
-2.1982267820924926, -0.6758756848333306, -0.4194037017017729, 118245000000, 
-2.297779915560061, -0.6680508292281765, -0.43955809096294407, 118347000000, 
-2.395786565612191, -0.6585326117323284, -0.4594528842176497, 118449000000, 
-2.491987029291628, -0.647357045771891, -0.47903690069759197, 118551000000, 
-2.5549698574198834, -0.5306109726923077, -0.4961828968215802, 118619000000, 
-2.647500449197528, -0.5183780663529994, -0.5129638223939359, 118721000000, 
-2.7374047764747544, -0.6081163968495703, -0.5293250055394777, 118823000000, 
-2.8243231799970445, -0.589409102665055, -0.5472818937112884, 118925000000, 
-2.9082325463220426, -0.5694258994909607, -0.5646640335195895, 119027000000, 
-2.990676072382273, -0.5545096412840955, -0.5815487865800906, 119129000000, 
-3.0767974397003153, -0.5618829779275755, -0.5983804038936421, 119231000000, 
3.1147511097623712, 20.351423940482146, -0.19684816015468115, 119333000000, 
3.0234915941599287, 20.334296779534146, 0.2040963509481323, 119435000000, 
2.9326674886883373, -0.6069454035801133, 0.6047273461740424, 119537000000, 
2.8423749219047303, -0.6037222408506615, 0.5865689336501998, 119639000000, 
-1.7952895210256077, -15.759856699046482, 0.26531685930449733, 119741000000, 
-1.8849201158533686, -15.757650125860328, -0.055855647664949735, 119843000000, 
-1.9736882842143588, -0.5946625439625038, -0.376926528072889, 119945000000, 
-2.059459157551537, -0.5817968056605616, -0.39453783717461766, 120047000000, 
-2.148932298495479, -0.5841467142704001, -0.4121386493507584, 120149000000, 
-2.210369154390887, -0.5030333227978337, -0.42791737402919355, 120217000000, 
-2.304640455459033, -0.5190271898785145, -0.44426279388969325, 120319000000, 
-2.3997227055893573, -0.6311785039949003, -0.4609821543626185, 120421000000, 
-2.4957384038770765, -0.6369931613934776, -0.4800067709950311, 120523000000, 
-2.5913137420091927, -0.6386367880661181, -0.4991183234317084, 120625000000, 
-2.6856775555597174, -0.6331305056088032, -0.5181819800963992, 120727000000, 
-2.7812251888513075, -0.6330381561403827, -0.5372144324280145, 120829000000, 
-2.890167491835058, -0.6816331209178017, -0.5571380157497389, 120931000000, 
-3.0000387994838684, -0.7293787021085363, -0.5780954320113489, 121033000000, 
-3.110743521794123, -0.735253433196883, -0.6000633208742032, 121135000000, 
3.0607014408742246, 20.202467467860313, -0.2033387253602511, 121237000000, 
2.947796454682555, 20.195133254922258, 0.19318362491751045, 121339000000, 
2.8336658008675957, -0.756785466688763, 0.589477579761625, 121441000000, 
2.7186828912980223, -0.7637118779484423, 0.5666763431232115, 121543000000, 
2.603497748085622, -0.7672268426065795, 0.5437230960167492, 121645000000, 
2.526535027103615, -0.6404928806480248, 0.5232477110991506, 121713000000, 
2.4118700747237103, -0.6387589112063718, 0.5027935233275298, 121815000000, 
2.2984484118735145, -0.7602887174336681, 0.4824569009133893, 121917000000, 
2.1854454599090687, -0.7547487160488053, 0.4597175964337529, 122019000000, 
2.073081915570695, -0.7512216543427316, 0.4371317191568852, 122121000000, 
1.962107281070585, -0.7444605961282788, 0.4147089771033566, 122223000000, 
1.8525124545415261, -0.7352315367638962, 0.3925134434121871, 122325000000, 
1.7440959676113277, -0.7267043781975246, 0.37058104688156257, 122427000000, 
1.6368599885129713, -0.7188415534285161, 0.3488978940443883, 122529000000, 
1.530769865005196, -0.7110870086871057, 0.32744838807529963, 122631000000, 
1.4907663232538635, -0.4869788841970261, 0.3105597451181354, 122733000000, 
1.6241684274399961, 0.31132854144933386, 0.3097136410466037, 122835000000, 
1.8017342221070871, 1.0365596628440787, 0.3277779315200631, 122937000000, 
1.9478976079575263, 1.0790972683917672, 0.3582533505003073, 123039000000, 
2.055742412127767, 0.8466939667355996, 0.387024949479492, 123141000000, 
2.1190769807346967, 0.5705979092572347, 0.40818113338799933, 123243000000, 
2.134647886685933, 0.2630182485272196, 0.4206311519698931, 123345000000, 
2.117574865417719, -0.005007051056592123, 0.4247533155225566, 123413000000, 
2.0514982238918478, -0.2771655426469503, 0.42024806506636664, 123515000000, 
1.9303291184893094, -0.6241524897613656, 0.40662681385325844, 123617000000, 
1.7491463883509653, -1.0078394518029417, 0.3820649153821415, 123719000000, 
1.521611135629403, -1.362393276199688, 0.3467391094979785, 123821000000, 
1.2967364998677335, -1.5080329616107724, 0.3044996015898735, 123923000000, 
1.1246805232351256, -1.3231020413142585, 0.26286854391548414, 124025000000, 
1.011851399030194, -0.9496170027917983, 0.22888456147553685, 124127000000, 
0.9481656052730654, -0.588383059873534, 0.20564650183589234, 124229000000, 
0.9239516351646351, -0.2929992128851966, 0.19226457596452629, 124331000000, 
0.9318032532970688, -0.05454117325332186, 0.18692803291565127, 124433000000, 
0.9520096600003378, 0.09352674945234248, 0.1871843032308028, 124501000000, 
1.0026184367008413, 0.2360506113459082, 0.19242875666654988, 124603000000, 
1.0761195615229686, 0.41369967174210265, 0.20204984388160985, 124705000000, 
1.1711132552757402, 0.561649395249663, 0.21665675023330333, 124807000000, 
1.285721869426263, 0.6986743596776482, 0.23553031241499814, 124909000000, 
1.4141105355462749, 0.8099909342351156, 0.2580630440165519, 125011000000, 
1.5449515979296593, 0.8640990950113207, 0.2829856001934798, 125113000000, 
1.6764048909287643, 0.8743145179416315, 0.30903113496031326, 125215000000, 
1.793222661737329, 0.8275702126922324, 0.3343052767063835, 125317000000, 
1.8869774105020625, 0.7019083985776605, 0.3571069975445437, 125419000000, 
1.933338927534245, 0.46705421932305313, 0.37423593331824245, 125487000000, 
1.9684029644805383, 0.2714185132615861, 0.3859146201677897, 125589000000, 
1.9687662101031451, 0.11809094189633385, 0.3913672068078619, 125691000000, 
1.9336571260992281, -0.11581946127103393, 0.39138842004552743, 125793000000, 
1.871019682264489, -0.32582175946218744, 0.3848962012311241, 125895000000, 
1.7867710389398983, -0.4896202905310994, 0.37276318982024104, 125997000000, 
1.6882407896289668, -0.6092629754517401, 0.3564021007222236, 126099000000, 
1.5857266223893658, -0.6701480551684417, 0.3373825633972154, 126201000000, 
1.490953493429816, -0.6576243206638358, 0.3176613936965432, 126303000000, 
1.4208700663600309, -0.5495218534311164, 0.2998366788119475, 126405000000, 
1.3797467326324613, -0.3706892026578494, 0.28610468616148726, 126507000000, 
1.3649375361939788, -0.18644176722017347, 0.27770362234576473, 126609000000, 
1.372593964447683, -0.0238425606159276, 0.2744852155516082, 126711000000, 
1.4007159879423476, 0.119261505827896, 0.27588316590560064, 126813000000, 
1.4457275587308847, 0.24377864761067217, 0.281269167408061, 126915000000, 
1.5045554808594663, 0.3461316430570623, 0.29006660183551325, 127017000000, 
1.5761587466859608, 0.43477062651692044, 0.30176278575175414, 127119000000, 
1.6298772857924175, 0.417739349776504, 0.314039434222523, 127187000000, 
1.716762887136083, 0.4686804681670738, 0.32818659464096406, 127289000000, 
1.8075269179103959, 0.5921654403932611, 0.34361113938925975, 127391000000, 
1.896852713471266, 0.6002994211172771, 0.3614095012345163, 127493000000, 
1.9739588806916606, 0.5547732092708824, 0.37855590080488816, 127595000000, 
2.0489883609101405, 0.507118824796248, 0.3946533303382045, 127697000000, 
2.1165124052071587, 0.47517841505166025, 0.409297309787264, 127799000000, 
2.1636426476769515, 0.38218095588937, 0.42194289425295, 127901000000, 
2.1791227686285612, 0.20870121140467526, 0.43061852143417806, 128003000000, 
2.1768681310439266, 0.04408494455658385, 0.43464223648996264, 128105000000, 
2.156867107619961, -0.07418553669533405, 0.43419053381949657, 128207000000, 
2.1210117664879586, -0.18618788185322663, 0.4303164670101231, 128309000000, 
2.081922390166288, -0.24981572484557604, 0.42398675095161387, 128411000000, 
2.0466255311071677, -0.24795411793596975, 0.41663731251742764, 128513000000, 
2.019028231076339, -0.2096471969664974, 0.409838410156653, 128615000000, 
2.0019807220969676, -0.14881603003400024, 0.40450896561869826, 128717000000, 
1.9974247362981092, -0.07201164926076586, 0.40122891263142774, 128785000000, 
2.00101910576892, -0.003205387760158255, 0.4000283042775998, 128887000000, 
2.0217853222696647, 0.08120195323851813, 0.4013486109557796, 128989000000, 
2.061869648947763, 0.20283514392947546, 0.4056449384657565, 129091000000, 
2.118989235849292, 0.3240130452654248, 0.41350961380444795, 129193000000, 
2.1905201131233927, 0.4288348805854329, 0.42475859986136316, 129295000000, 
2.2727225131947613, 0.5124442578182306, 0.43881545747782974, 129397000000, 
2.36195703988456, 0.5714564225372243, 0.4550133110801809, 129499000000, 
2.4545954084840256, 0.6062429842975477, 0.47261833077088977, 129601000000, 
2.544863536850242, 0.6096883232189398, 0.49076106568125516, 129703000000, 
2.6311537441703785, 0.5885277856211765, 0.5087075126336431, 129805000000, 
2.7101896778816403, 0.551087136771328, 0.525747130593484, 129907000000, 
2.7782266767816077, 0.49024310870409743, 0.5413046732555751, 130009000000, 
2.829715301800176, 0.3984187463951194, 0.554542110430895, 130111000000, 
2.862218237465096, 0.2799718689449608, 0.5646773477364586, 130213000000, 
2.8746126251462316, 0.1496577444868515, 0.5711030776274336, 130315000000, 
2.8705629509429746, 0.02781571159292895, 0.5738262542369535, 130383000000, 
2.8524781281010148, -0.07378165681738953, 0.5731769136126814, 130485000000, 
2.8222512060472638, -0.16103914965236962, 0.5696861523394169, 130587000000, 
2.781958354579868, -0.23506591173715563, 0.563779179248543, 130689000000, 
2.7350520052430563, -0.2906640026806917, 0.5559507710580126, 130791000000, 
2.6861179035427423, -0.31946817012375267, 0.5468752175577111, 130893000000, 
2.6412462864613335, -0.31268572927240906, 0.5374944130164754, 130995000000, 
2.6144218380816557, -0.23898688487028844, 0.5294524018723821, 131097000000, 
2.6095496147563377, -0.10565557234998597, 0.5243478492866218, 131199000000, 
2.6270022245226663, 0.041934621470035204, 0.5233982451573773, 131301000000, 
2.6692723300942918, 0.19907571779318012, 0.5270549446248863, 131403000000, 
2.728878186836302, 0.339586541045452, 0.5350101827635506, 131505000000, 
2.802285671924807, 0.44337780610171684, 0.5466957459236934, 131607000000, 
2.8851201912568682, 0.5208066814018878, 0.5610856033345317, 131709000000, 
2.9777520765474086, 0.5848880154086725, 0.577677195981939, 131811000000, 
3.040104305115812, 0.5166137128631462, 0.593531771528006, 131879000000, 
3.1340091523734794, 0.5208569194202362, 0.61012436893578, 131981000000, 
-3.05796740384244, -20.326905696527508, 0.2077430702431234, 132083000000, 
-2.9723246124823164, -20.354445882852655, -0.19308552426341846, 132185000000, 
-2.89480138472896, 0.5438867303782668, -0.5950062267369143, 132287000000, 
-2.827894730502159, 0.48143293993385833, -0.579668048514229, 132389000000, 
-2.771823881511524, 0.4099250107247861, -0.5663013331161761, 132491000000, 
-2.7270018956351336, 0.3363094495567509, -0.5551147005099212, 132593000000, 
-2.6963464171159046, 0.25159154798539846, -0.5463448129508375, 132695000000, 
-2.684317975538084, 0.14227973365683155, -0.5405110858859414, 132797000000, 
-2.6927484640302257, 0.011993176952262985, -0.5382275237789477, 132899000000, 
-2.724471732019994, -0.1338458549396989, -0.5401025447725536, 133001000000, 
-2.783526293933796, -0.30259276634523474, -0.5467164326656011, 133103000000, 
-2.8704694962020905, -0.48665921394032213, -0.5585645014770586, 133205000000, 
-2.968764160639724, -0.617459555686426, -0.5748506633850406, 133307000000, 
-3.0668085563717113, -0.6544635338987362, -0.5937361475475684, 133409000000, 
-3.127716627576893, -0.5298415564572304, -0.6108859563058886, 133477000000, 
3.076103927478326, 20.47637494616679, -0.2078947504313519, 133579000000, 
3.015262864794761, 20.476598307905512, 0.19757667764641293, 133681000000, 
2.9753744108540316, -0.33576505541431434, 0.6044494135418079, 133783000000, 
2.9631056420504187, -0.1738574091478077, 0.5969161945132807, 133885000000, 
2.9803516395604093, 0.016590762354592076, 0.5945887794976573, 133987000000, 
3.0285139314686713, 0.21802763139417536, 0.5981314142052999, 134089000000, 
3.1015996367926464, 0.40415999077412373, 0.607364347188115, 134191000000, 
-3.0866734130573814, -20.38395781508684, 0.20289601034692908, 134293000000, 
-2.972018687228373, -20.245394413403396, -0.19713949756620722, 134395000000, 
-2.840049239950181, 0.8220805770240011, -0.5932494226823958, 134497000000, 
-2.699157962318212, 0.9095357497005377, -0.5674150592997844, 134599000000, 
-2.563721771947963, 0.9210915600073936, -0.540195264947757, 134701000000, 
-2.4358402659427942, 0.8777256545847253, -0.5132480000139312, 134803000000, 
-2.3205691483378246, 0.8105087453671281, -0.4880087457485721, 134905000000, 
-2.218521797580693, 0.7243948945403375, -0.4649954141240874, 135007000000, 
-2.1579627877077785, 0.5420212021001536, -0.44647024890841974, 135075000000, 
-2.0783489010615304, 0.46724298839720885, -0.43032223242333345, 135177000000, 
-2.012384237223742, 0.48526183494678854, -0.4165797283995367, 135279000000, 
-1.9603254854423013, 0.3934113853974301, -0.4034039082485049, 135381000000, 
-1.9226270648751271, 0.29919057449538267, -0.3930224525027447, 135483000000, 
-1.9012573209226549, 0.1968938817321549, -0.38561399141600555, 135585000000, 
-1.9007081321414632, 0.07306310911221321, -0.38163950119594964, 135687000000, 
-1.926611026859387, -0.08451235312244047, -0.38190509866156697, 135789000000, 
-1.9871694665569413, -0.2882044480515937, -0.38763257503718607, 135891000000, 
-2.099739892019767, -0.5770962172012665, -0.40090135902907303, 135993000000, 
-2.2877242776395934, -1.0018493702755071, -0.42497557574775346, 136095000000, 
-2.5606389450331406, -1.5363301767112454, -0.46320687431283336, 136197000000, 
-2.854050958592591, -1.887755603176659, -0.5134942787510217, 136299000000, 
-3.0964595266363406, -1.786068605344, -0.5674099620174715, 136401000000, 
3.0186977066612495, 19.57582888417947, -0.1954541852378455, 136503000000, 
2.913963424288011, 20.034743169747838, 0.18908010695419464, 136605000000, 
2.8710224821176453, -0.4922507484786805, 0.586912240871127, 136673000000, 
2.8439420273532576, -0.23340465644917727, 0.5752618622505942, 136775000000, 
2.8526842598727242, -0.06112740748307033, 0.5711765846229084, 136877000000, 
2.8900094420325444, 0.1535580489309559, 0.5724423819505684, 136979000000, 
2.956637208800478, 0.34650982975917916, 0.5799553940470498, 137081000000, 
3.0484660037821816, 0.5281885391654573, 0.5930075103076803, 137183000000, 
-3.1153988756189084, -20.240120281397953, 0.19264695579758337, 137285000000, 
-2.9647941710681787, -20.044200582834534, -0.20211513619366037, 137387000000, 
-2.780180227871597, 1.1173954924910385, -0.5906915516372456, 137489000000, 
-2.563943382912739, 1.3361692938514658, -0.5539278521235009, 137591000000, 
-2.3396761197136513, 1.4683470271931516, -0.5122533153665325, 137693000000, 
-2.1227605147297557, 1.470609560609944, -0.46842533449040974, 137795000000, 
-1.9255300962851178, 1.3804867447617781, -0.42586444871523493, 137897000000, 
-1.7541509615500108, 1.2286985105991495, -0.3868294381709923, 137999000000, 
-1.6096596815350916, 1.0529013825000872, -0.3526227159580147, 138101000000, 
-1.4880228834146434, 0.8870935937845581, -0.3234555684333164, 138203000000, 
-1.4173561713725278, 0.6410117005418795, -0.30100258242148414, 138271000000, 
-1.3242671406263735, 0.5458524759608996, -0.28197641302756965, 138373000000, 
-1.2443771371709367, 0.5765967806719704, -0.2657333632779892, 138475000000, 
-1.175334534148712, 0.49644202159220496, -0.24959858746306818, 138577000000, 
-1.1156460765819407, 0.42910353529665324, -0.23569051652677261, 138679000000, 
-1.0648847380597988, 0.3681659869630442, -0.2237243565860301, 138781000000, 
-1.0235907664062747, 0.3068510339188868, -0.21360810540320094, 138883000000, 
-0.9941477583431748, 0.23578993238874654, -0.20550821752061654, 138985000000, 
-0.9775680951361257, 0.15340890423382972, -0.19968710799237172, 139087000000, 
-0.9801045616278102, 0.046810655717881934, -0.1967880276738074, 139189000000, 
-1.0287590117431162, -0.1706363886899683, -0.1990954445671368, 139291000000, 
-1.2692829323860524, -0.9639279025274737, -0.2185431003837986, 139393000000, 
-2.7811617909447692, -5.841342597338843, -0.3386135823382625, 139495000000, 
2.79917313816856, 13.561520235182039, -0.08341810567748412, 139597000000, 
2.7022311126158063, 18.277976345201917, 0.1813494973226398, 139699000000, 
2.6979236141435154, -0.33749841341681464, 0.5466218576618588, 139801000000, 
2.712411981361142, 0.03393622915111916, 0.5408377805413643, 139869000000, 
2.7468600314890463, 0.16312139115176963, 0.5438130417995802, 139971000000, 
2.7910169480345326, 0.26201655557796855, 0.5500192640589814, 140073000000, 
2.8428615586721326, 0.32000509061028765, 0.5587159025463807, 140175000000, 
2.907752274718864, 0.389117755614438, 0.5694420520950352, 140277000000, 
2.9847978042430774, 0.47312081856981586, 0.5823607758422716, 140379000000, 
3.0777555786540183, 0.5666776797838476, 0.5980203771743973, 140481000000, 
-3.088290933333701, -20.24362912525593, 0.1982841633042263, 140583000000, 
-2.9328915928914947, -20.035490571818375, -0.19622846317141185, 140685000000, 
-2.7158847696598976, 1.2413538789126788, -0.5824711530590062, 140787000000, 
-2.4049556737201123, 1.7597863972379413, -0.536915469084767, 140889000000, 
-2.0002479657596504, 2.385456013000824, -0.4747392272759773, 140991000000, 
-1.5766124356695586, 2.761144126835179, -0.3987877383432881, 141093000000, 
-1.2202141417576697, 2.6001127466732687, -0.3198049695457919, 141195000000, 
-0.9561567945888192, 2.0681854702691314, -0.2501988914677365, 141297000000, 
-0.7640709108521242, 1.5204774363518183, -0.19602945647990752, 141399000000, 
-0.6623486372772964, 0.9793605243717426, -0.15883842284788266, 141467000000, 
-0.5355172404580576, 0.7618455679802221, -0.13079578590583188, 141569000000, 
-0.4293251246253468, 0.7767450421731654, -0.10847940015738006, 141671000000, 
-0.336357710082898, 0.663865101250532, -0.08674667167775349, 141773000000, 
-0.251719173052945, 0.5920198385746726, -0.06782680051741263, 141875000000, 
-0.1712693434832216, 0.5502945553322547, -0.0506230817746043, 141977000000, 
-0.09069629961191328, 0.5367429114701058, -0.034245654409871984, 142079000000, 
-0.03546795765062022, 0.45267128610867124, -0.01982890671638367, 142147000000, 
0.051784198555823335, 0.47493499389245536, -0.004958670580447344, 142249000000, 
0.14778367126919928, 0.610838763066065, 0.01093999414496016, 142351000000, 
0.2578630523912896, 0.6869295127848876, 0.030495394814420814, 142453000000, 
0.3904324744063427, 0.8088293437904781, 0.053071946537788774, 142555000000, 
0.559510026745559, 1.0054899145142315, 0.08052037023621275, 142657000000, 
0.7800799699192025, 1.298824985042866, 0.11533483140474028, 142759000000, 
1.0733309878938646, 1.7127365371610186, 0.16086139897057508, 142861000000, 
1.4496117124096344, 2.2317724749681065, 0.2202015113481801, 142963000000, 
1.8637671145829253, 2.634787088963536, 0.2924473209924283, 143065000000, 
2.2272259488084574, 2.5920474546627434, 0.3693736517200678, 143167000000, 
2.489774210043389, 2.086690318201546, 0.43871781822898476, 143269000000, 
2.6740165831979126, 1.4893021146315173, 0.4927344494699839, 143371000000, 
2.809218987768105, 1.0648159257490535, 0.5315339854006271, 143473000000, 
2.914275098398285, 0.8008617173345748, 0.5598340446242869, 143575000000, 
2.973340792565554, 0.5470726826581629, 0.579788991915463, 143643000000, 
3.0522186878369526, 0.4598119647955586, 0.5959889719200527, 143745000000, 
3.1252862549917357, 0.5064848747539393, 0.6100563823596161, 143847000000, 
-3.0883583045156655, -20.468589974508728, 0.20594310922086823, 143949000000, 
-3.0194601873858065, -20.48248814125847, -0.19883548246064908, 144051000000, 
-2.946815781660757, 0.47180840951636177, -0.6036422849041486, 144153000000, 
-2.866856389732788, 0.5086793255100611, -0.5888754905852901, 144255000000, 
-2.7672371056532237, 0.5985955866917777, -0.5720606184697845, 144357000000, 
-2.6109285937358644, 0.853092653323079, -0.5496681392747916, 144459000000, 
-2.2100942584224694, 1.857142824102514, -0.5058839971874372, 144561000000, 
-0.7200320838994991, 6.302988366121217, -0.3694036624038555, 144663000000, 
0.007203256415785009, 7.390991716127515, -0.19486153906041223, 144765000000, 
0.22899385921857707, 3.1634198103935867, -0.03225566455100914, 144867000000, 
0.3562703260883502, 1.1635568989085507, 0.03949782944818082, 144969000000, 
0.45283129584733894, 0.7461247887625396, 0.06920636541028441, 145071000000, 
0.5360860556287177, 0.5993857651345583, 0.0896791785042938, 145173000000, 
0.5877108454504545, 0.4495984986770518, 0.1051085464617674, 145241000000, 
0.6620297776943337, 0.4198124068853866, 0.11905511191823373, 145343000000, 
0.7345515364615924, 0.48946897003712647, 0.1322861439737587, 145445000000, 
0.8070257326332186, 0.4833198497962832, 0.14690713645260967, 145547000000, 
0.8811093429181376, 0.4885260215218172, 0.16151244080086322, 145649000000, 
0.9587269624835375, 0.5056707661677295, 0.17645746920232627, 145751000000, 
1.0420106874236557, 0.5363378150183936, 0.19212313285502206, 145853000000, 
1.1332235817773721, 0.5816553976461155, 0.208930748778971, 145955000000, 
1.2342340348262075, 0.6407444913418395, 0.22729788693514902, 146057000000, 
1.3468503198660364, 0.7120891269622143, 0.2476205290979744, 146159000000, 
1.473140807432417, 0.796355908687365, 0.2702816774749774, 146261000000, 
1.615059583080028, 0.8940308773799721, 0.29567004735856545, 146363000000, 
1.7743547291978714, 1.004046405884848, 0.3241703413140211, 146465000000, 
1.888923930157854, 0.9128811569260864, 0.35188921616238356, 146533000000, 
2.0687920937709836, 0.981457881910374, 0.3821380502084473, 146635000000, 
2.253235816544846, 1.2143729546233069, 0.41406345603157885, 146737000000, 
2.435292237108523, 1.2216671444584648, 0.45048800982829024, 146839000000, 
2.6080869123762156, 1.1828369861045651, 0.4864409977353057, 146941000000, 
2.7662374354652957, 1.103150661189242, 0.5206411056633357, 147043000000, 
2.906479346810152, 0.9946414481131219, 0.5520535796434441, 147145000000, 
3.0267329110865306, 0.8683182520707833, 0.5799633128907985, 147247000000, 
3.122122361943781, 0.7188100504454287, 0.6036889746560309, 147349000000, 
-3.0838977150537388, -20.368768753800897, 0.20433050386510485, 147451000000, 
-3.0174058191016093, -20.46509393681797, -0.1986120781474378, 147553000000, 
-2.9613815465615616, 0.4083872283072572, -0.6041790053811273, 147655000000, 
-2.9769306897177685, 0.13491709794613596, -0.5970478703587293, 147757000000, 
3.13344372957351, 20.31608425378357, -0.186991233780388, 147859000000, 
2.9825407834561073, 19.864904910579586, 0.20927025488745657, 147961000000, 
2.837720709345498, -0.9857434007600396, 0.5969136814916743, 148063000000, 
2.6988112448856976, -0.9457651285680324, 0.5679381825124868, 148165000000, 
2.60574303908285, -0.7732589008754923, 0.5428183328876031, 148233000000, 
2.4475692865054954, -0.8374731946006738, 0.5168082380316029, 148335000000, 
2.200227710019783, -1.3517177635435578, 0.4835693357072086, 148437000000, 
1.2712936322993902, -3.920918847353684, 0.3946060419216445, 148539000000, 
-0.31042399719970915, -8.368839024064973, 0.21073982300796426, 148641000000, 
-0.6569924409374992, -6.4276202441229655, 0.020258479610812122, 148743000000, 
-0.8399217116598492, -1.7649923815338002, -0.1204892099864705, 148845000000, 
-0.9863511137507833, -1.0978622427109472, -0.16555101775654213, 148947000000, 
-1.1264895724890467, -0.9552262027639916, -0.1968508265266453, 149049000000, 
-1.2747416785977796, -0.9613018828233212, -0.22583882432250732, 149151000000, 
-1.4413649325978093, -1.0495845336958753, -0.256173078912309, 149253000000, 
-1.636244494115815, -1.2050093850601178, -0.2901567403540936, 149355000000, 
-1.8678663228524535, -1.421671300848814, -0.32969838330440515, 149457000000, 
-2.1371862776403625, -1.6698059450818252, -0.37608647297390874, 149559000000, 
-2.4301191216258533, -1.8741759959113329, -0.4290114481412446, 149661000000, 
-2.7093302363496563, -1.9071465290309793, -0.48510904237439145, 149763000000, 
-2.875747575510214, -1.4854281796145363, -0.5343464622323816, 149831000000, 
-3.0900102465069867, -1.2689333671911014, -0.5783392038911238, 149933000000, 
3.0196055776806907, 19.651177177303015, -0.19641014962243403, 150035000000, 
2.884078784407388, 19.913630103047918, 0.1875782743720728, 150137000000, 
2.7802702820577476, -0.7977843187431436, 0.5789303096097218, 150239000000, 
2.7042038597777927, -0.5995830820986514, 0.5579035284161952, 150341000000, 
2.670101686228219, -0.3672286527650955, 0.543638388537584, 150443000000, 
2.7434994066259324, 0.1309851561604658, 0.5411869968421297, 150545000000, 
-2.9879536894320013, -18.860184585534068, 0.16170982689480998, 150647000000, 
-1.6941612297383464, -14.792202121214261, -0.12924103416962768, 150749000000, 
-1.394348999533254, 5.312015632995824, -0.4050975945802401, 150851000000, 
-1.3585894306040034, 1.1185726637811433, -0.29647331065837357, 150953000000, 
-1.3921110676545985, 0.007459772928852064, -0.2763366331861237, 151055000000, 
-1.4611813013449853, -0.34197290246993955, -0.28079211997357245, 151157000000, 
-1.5552904356293515, -0.5439312265825103, -0.2939055203085957, 151259000000, 
-1.6298204315005036, -0.5621304338517278, -0.309752811231656, 151327000000, 
-1.7592757960727305, -0.67995120147793, -0.3296257775468391, 151429000000, 
-1.9105341136340068, -0.9357122737783441, -0.35330868941381605, 151531000000, 
-2.0827423943653427, -1.0782219943087072, -0.3835034869381387, 151633000000, 
-2.2724087236703965, -1.206248700121299, -0.4177123487779831, 151735000000, 
-2.471343684078737, -1.2953376323779804, -0.45509965347429837, 151837000000, 
-2.6596564571401764, -1.2908257782325998, -0.4935605909926206, 151939000000, 
-2.8324858930547614, -1.2038073632534152, -0.5308990689515783, 152041000000, 
-2.983922811434137, -1.0808878476465351, -0.5650710107752717, 152143000000, 
-3.0995275123946175, -0.8901387311328538, -0.5943957477922344, 152245000000, 
3.1036296441945, 20.291841518762123, -0.198654711975617, 152347000000, 
3.059126102647656, 20.528845383474245, 0.2042152156298359, 152449000000, 
3.0629091848041576, -0.13573486463447507, 0.6150443287764209, 152551000000, 
3.1411385308366904, 0.273374760630114, 0.6175449212192335, 152653000000, 
-2.968964930962518, -20.106247052555585, 0.215672185645222, 152755000000, 
-2.692361146858806, -19.444998925651653, -0.1680125031323089, 152857000000, 
-2.368133706121355, 2.002770749470543, -0.5352973189295119, 152959000000, 
-2.1860480043600488, 1.6877104749958576, -0.48310285715601403, 153027000000, 
-2.0162994891909793, 1.1727807231012521, -0.43803207997815885, 153129000000, 
-1.942258256180124, 0.8126324939330823, -0.40964038331541014, 153231000000, 
-1.9280724873949762, 0.2940900059866773, -0.3924420155177386, 153333000000, 
-1.952700498731865, -0.034807475172469925, -0.3882020828204643, 153435000000, 
-2.0067478309250597, -0.26225114510027847, -0.39250138780346, 153537000000, 
-2.0822958640245024, -0.4319845509754579, -0.4027829462454285, 153639000000, 
-2.175110264827362, -0.561208113007674, -0.41761026398512824, 153741000000, 
-2.2815519420621686, -0.6641869267922207, -0.4359305380609355, 153843000000, 
-2.3974064823378702, -0.7409873917016944, -0.4569379126151601, 153945000000, 
-2.5168082990317986, -0.7841878565654333, -0.47971778156212247, 154047000000, 
-2.632112917252677, -0.7823547830493564, -0.5030885132414897, 154149000000, 
-2.7061687816568183, -0.6312016087500657, -0.5236726665294196, 154217000000, 
-2.8129802758164337, -0.6028911952125219, -0.5434174649817287, 154319000000, 
-2.902731670806321, -0.655209630498342, -0.5614587152186381, 154421000000, 
-2.9717673906327478, -0.5292903827210468, -0.5791652891503668, 154523000000, 
-3.0265044673828783, -0.41257598858852457, -0.5934002352547965, 154625000000, 
-3.063431224658348, -0.3055461134186673, -0.6041135388449316, 154727000000, 
-3.0793447790632693, -0.17613437226797016, -0.6112853647402997, 154829000000, 
-3.0710810568622993, -0.025499440679837743, -0.6142571373722611, 154931000000, 
-3.045727614167213, 0.1120572163201879, -0.6130768966728521, 155033000000, 
-3.0130355799985473, 0.19348492287917315, -0.6086562834018706, 155135000000, 
-2.9760393547300543, 0.23229419812386207, -0.6023201699263877, 155237000000, 
-2.93818328881409, 0.2495076372815245, -0.5951505482361794, 155339000000, 
-2.90271339173513, 0.24441987664974776, -0.587795735685285, 155441000000, 
-2.874463687913624, 0.21239866966822044, -0.5810240245641896, 155543000000, 
-2.8653954998841598, 0.12439297283656743, -0.5761715053021942, 155645000000, 
-2.874908307694521, -0.0014820659363238657, -0.5743178330328204, 155747000000, 
-2.8992793867433235, -0.1129462895305459, -0.5759722129548003, 155849000000, 
-2.9220390338311755, -0.15710242045551492, -0.579748448551268, 155917000000, 
-2.96635901382653, -0.2235987569440212, -0.585845162293402, 156019000000, 
-3.0179561638538672, -0.31972376674230585, -0.5937569474341049, 156121000000, 
-3.0732928534816355, -0.35644613218368537, -0.6038405354108022, 156223000000, 
-3.1298799298255, -0.3730792199054426, -0.6147419298107335, 156325000000, 
3.099072463595652, 20.57455105692429, -0.20694002131409886, 156427000000, 
3.0523425572425484, 20.607408290226825, 0.20143567273418003, 156529000000, 
3.0141862234638106, -0.28295413377280515, 0.6110400829534673, 156631000000, 
2.9874665894830406, -0.21625322586502627, 0.6035996913459599, 156733000000, 
2.9759493903402716, -0.1274561104117966, 0.5985068135524749, 156835000000, 
2.9810350367818845, -0.02143850900385343, 0.5962967344403464, 156937000000, 
2.9936628433768493, 0.05904484345525892, 0.5967098180332671, 157039000000, 
3.012409669572986, 0.10458210930367103, 0.599140503315448, 157141000000, 
3.036525587527715, 0.14287581383621925, 0.60283987336517, 157243000000, 
3.064406935660238, 0.17332422029084102, 0.6075561461840626, 157345000000, 
3.0840197730263115, 0.15831395166198803, 0.612330153080951, 157413000000, 
3.1104594332151407, 0.15350832518300864, 0.6172590761267793, 157515000000, 
3.1203020599685463, 0.12094095647411596, 0.6209854177473332, 157617000000, 
3.1119065145847182, 0.0048236045652583215, 0.6228445338512271, 157719000000, 
3.086546795410959, -0.1125175485252905, 0.621250357997615, 157821000000, 
3.0463101366723135, -0.21865459304134896, 0.6163175631111995, 157923000000, 
2.99331961166469, -0.3107572791542301, 0.6084117695831975, 158025000000, 
2.930524443818379, -0.38595230951311493, 0.5980102794770255, 158127000000, 
2.8492885309730873, -0.4801036023053425, 0.5848755057637438, 158229000000, 
2.755820286162116, -0.582347192187543, 0.5690422173969055, 158331000000, 
2.6527706286925494, -0.6550596742684597, 0.5505252963885168, 158433000000, 
2.5430907090054315, -0.7090985905222821, 0.5301121082573398, 158535000000, 
2.432869336634533, -0.7330043068600552, 0.5085820449555009, 158637000000, 
2.326229595678921, -0.7228703777550353, 0.48681264275459235, 158739000000, 
2.226861902902498, -0.6866914457734493, 0.4657307223477301, 158841000000, 
2.165906420792713, -0.5344105829540272, 0.44793319462494213, 158909000000, 
2.083281053848527, -0.4786028301799039, 0.43173662516958256, 159011000000, 
2.0137586430688295, -0.5071592590796111, 0.41752974118067127, 159113000000, 
1.9619430036128516, -0.40446016745225116, 0.4039321800353472, 159215000000, 
1.9313572653609405, -0.27467125902629635, 0.39380392746950815, 159317000000, 
1.9289762797063392, -0.10988907968837447, 0.3881517699120087, 159419000000, 
1.9689088370357783, 0.12517190558279268, 0.38861615880687056, 159521000000, 
2.0742932665995424, 0.4843899563106772, 0.39814522555611065, 159623000000, 
2.2653053175115216, 0.9879882682524777, 0.4205671614097895, 159725000000, 
2.5196451745869894, 1.484506359958157, 0.45728291724653686, 159827000000, 
2.783878213485356, 1.7285763199127817, 0.5045885803722578, 159929000000, 
2.9961424699993175, 1.5883243180410938, 0.5533110572047775, 160031000000, 
3.124635442215705, 1.135857429101163, 0.5936437417133587, 160133000000, 
-3.1066640133188614, -20.342688277727262, 0.20094092659307738, 160235000000, 
-3.105657307908258, -20.767642500413206, -0.20584572526742762, 160337000000, 
-3.1399549462936776, -0.11096977658272038, -0.6234850845013864, 160439000000, 
3.1050755791682496, 20.70244295692169, -0.2093691116689124, 160507000000, 
3.028120750064493, 20.5602523211939, 0.19954942552927102, 160609000000, 
2.928836093322886, -0.5874649528178791, 0.6041354948370419, 160711000000, 
2.8033869839173318, -0.7491125538238711, 0.584022921820314, 160813000000, 
2.649080841535159, -0.9325175059590896, 0.558753594585025, 160915000000, 
2.4819890521326373, -1.0713264392823147, 0.5289637918390085, 161017000000, 
2.3094582208856034, -1.1320754021651853, 0.4960352076368933, 161119000000, 
2.141408397643815, -1.1352688482960744, 0.46219037804413704, 161221000000, 
1.9837768378283067, -1.0856046101909889, 0.42897623042384836, 161323000000, 
1.8419780914644228, -0.9981010205979738, 0.3978108884624363, 161425000000, 
1.7161113298327046, -0.8922183599853403, 0.3694577506083623, 161527000000, 
1.603451468816027, -0.7950887421613192, 0.34410272600754366, 161629000000, 
1.5020509849469041, -0.7135344829526683, 0.3214409189063757, 161731000000, 
1.4099144922269808, -0.6451232552968208, 0.3010277963993275, 161833000000, 
1.349751390262875, -0.5076653156134303, 0.2841144578291173, 161901000000, 
1.2582118998514622, -0.5056753079183954, 0.2678585188227546, 162003000000, 
1.1624491072911367, -0.6243409432391278, 0.2513608264936983, 162105000000, 
1.05972557316501, -0.661621088954841, 0.23202577202050725, 162207000000, 
0.9474860059148182, -0.7165436712543949, 0.21131071242473098, 162309000000, 
0.8234257108751522, -0.7876662076328592, 0.18870915266366536, 162411000000, 
0.6858552481697684, -0.8721025258168328, 0.16378446433064925, 162513000000, 
0.5380892261201786, -0.9511216158499117, 0.13649134567767326, 162615000000, 
0.38499965369321076, -1.0028519815885255, 0.10726294186554385, 162717000000, 
0.22712181083313632, -1.0365580509568078, 0.07668071270976838, 162819000000, 
0.06526472687241602, -1.0657830894026492, 0.0451590794265842, 162921000000, 
-0.0993364384996358, -1.0881941644425737, 0.012870006613727768, 163023000000, 
-0.26487359200957583, -1.1004610629399727, -0.01992968690911971, 163125000000, 
-0.42913768058770674, -1.099337473626903, -0.05288984740646122, 163227000000, 
-0.5894873852934791, -1.082045977613011, -0.08556657719271744, 163329000000, 
-0.6928235998630021, -0.8789530642509846, -0.11409657771627921, 163397000000, 
-0.8372646189822427, -0.8259241122958786, -0.14130504027591492, 163499000000, 
-0.9665566559654994, -0.9124435203416578, -0.1664429916540496, 163601000000, 
-1.079719434999838, -0.808182720058651, -0.19223604732983865, 163703000000, 
-1.1717187040097072, -0.6838734934806926, -0.21453298633166962, 163805000000, 
-1.2456385196129682, -0.5530636153771007, -0.23313844390816757, 163907000000, 
-1.3104855415276628, -0.462556125059852, -0.24852285101002256, 164009000000, 
-1.3771920168287406, -0.43851165738590786, -0.26222107186462473, 164111000000, 
-1.4460968885924923, -0.45203782354943156, -0.2755849631299264, 164213000000, 
-1.5174498858508227, -0.46752623007360716, -0.2893825860848037, 164315000000, 
-1.5951187445238955, -0.49673951977134384, -0.303911034597814, 164417000000, 
-1.6826459747385722, -0.5506536296258316, -0.3196809736742194, 164519000000, 
-1.7800725350601354, -0.6165126351207998, -0.33718915028817353, 164621000000, 
-1.8848064192358722, -0.6738681483243333, -0.35650166193563865, 164723000000, 
-1.9998040626725655, -0.732438425374767, -0.3776455344645715, 164825000000, 
-2.1284309933324934, -0.8120819136554039, -0.40086943168272876, 164927000000, 
-2.224733051268748, -0.7497632953206083, -0.4235312071515871, 164995000000, 
-2.3930414739735975, -0.8820349354703468, -0.44974703457165593, 165097000000, 
-2.6074011255285443, -1.2755602475326544, -0.4816783767180593, 165199000000, 
-2.901364978294691, -1.694411681070312, -0.5267871718531222, 165301000000, 
2.9657229845562023, 18.577080366949158, -0.16953620795113555, 165403000000, 
2.4578083367610644, 17.863911050185852, 0.16814442286817172, 165505000000, 
1.9880949003029666, -3.2587602808441187, 0.4941084147746822, 165607000000, 
1.6417774246357788, -2.720103040417618, 0.405845377446654, 165709000000, 
1.3917374594323406, -1.9878581362354202, 0.3347739856247391, 165811000000, 
1.2002186319802954, -1.4718626421849443, 0.2822489010698943, 165913000000, 
1.0438035692001748, -1.1597796341072193, 0.24238397737418738, 166015000000, 
0.9055390146765665, -0.9822653910124298, 0.20997074772380242, 166117000000, 
0.7890746222100375, -0.8490964899671242, 0.1825611470724519, 166219000000, 
0.6907420344396984, -0.7159899341228937, 0.1590237114217535, 166321000000, 
0.6323041782872514, -0.5225681464092872, 0.1408080556624658, 166389000000, 
0.552416378090431, -0.4610855211642247, 0.1250308393878254, 166491000000, 
0.4795044988217645, -0.5093322648849563, 0.11094833701329646, 166593000000, 
0.41179343360309195, -0.4687431482911301, 0.09624762070101917, 166695000000, 
0.34851402354015937, -0.4366349176053504, 0.08265413039766772, 166797000000, 
0.2896865501232211, -0.40702294493290286, 0.06999960048443149, 166899000000, 
0.2336359580397942, -0.38292688500121724, 0.05812243544687831, 167001000000, 
0.1781255867284668, -0.3718698779825143, 0.0467632063260988, 167103000000, 
0.11478889933910774, -0.39615686233562153, 0.035103362940491246, 167205000000, 
0.04385810640072241, -0.4475582677591479, 0.022451506164553128, 167307000000, 
-0.03231410796116885, -0.49034335766758863, 0.008422193185244087, 167409000000, 
-0.108725802723185, -0.5086130304130246, -0.006478786952242095, 167511000000, 
-0.18395889380928088, -0.5054826194937068, -0.021666586966242313, 167613000000, 
-0.25656313788151375, -0.4927911171944292, -0.036616522294265305, 167715000000, 
-0.3251266073201128, -0.47055904503610635, -0.05104324260072716, 167817000000, 
-0.3882028025688091, -0.43879888229098457, -0.06465950318469571, 167919000000, 
-0.44414969535406157, -0.3967436267798293, -0.07716527368286558, 168021000000, 
-0.47647649781858636, -0.2942456508325908, -0.08725526638276379, 168089000000, 
-0.5154366728888372, -0.23762325844925214, -0.09573752440409901, 168191000000, 
-0.5391708358782982, -0.20898112686570602, -0.10207226710571478, 168293000000, 
-0.5406157464402997, -0.0839302451715418, -0.106348217013829, 168395000000, 
-0.5066595895784971, 0.10837082099933688, -0.105763078126473, 168497000000, 
-0.41735573657730485, 0.41086669954331634, -0.09764207150640677, 168599000000, 
-0.2675020311481502, 0.7971918614344897, -0.07943449048693015, 168701000000, 
-0.0022220571987825455, 1.383778931261741, -0.04580532166161584, 168803000000, 
0.4708780099119625, 2.461266803533709, 0.013410261437668651, 168905000000, 
1.0578608708310426, 3.533609760099417, 0.1017677882362815, 169007000000, 
1.421922800439805, 3.170149301759475, 0.19671077874552065, 169109000000, 
1.5996550903762938, 1.805980731817504, 0.27196258410980945, 169211000000, 
1.6902308540819388, 0.8943601788071128, 0.3141205829932025, 169313000000, 
1.738572237877487, 0.4630571583373107, 0.33523054548904796, 169415000000, 
1.7640608921643146, 0.24610012694125252, 0.34619093227491604, 169517000000, 
1.7704837177494903, 0.10637159957334423, 0.35154112318608616, 169619000000, 
1.7724153306666215, 0.027848128341022942, 0.35379732937202846, 169687000000, 
1.7779159681513867, 0.024774168006321446, 0.35472100110449994, 169789000000, 
1.7844484306616732, 0.040110333316839185, 0.35565198196531206, 169891000000, 
1.7922830005039772, 0.04789010784196801, 0.35697649328780245, 169993000000, 
1.8006632578525255, 0.05404942396950737, 0.3584929792678784, 170095000000, 
1.8086963443515918, 0.05471114615871538, 0.36010950684720633, 170197000000, 
