acc_x, acc_y, angular_z, stamp, 
-0.04523573414782396, -0.008027024118059094, geometry_msgs.msg.Vector3(x=-0.003935677643991184, y=0.0008459112014431316, z=0.6987350009801433), 491502000000, 
0.01771457698870607, -0.025422661958078817, geometry_msgs.msg.Vector3(x=-0.004022029037334475, y=0.00085090911891981, z=0.6990261824081956), 491507000000, 
-0.10830161061443379, -0.0064480195614947024, geometry_msgs.msg.Vector3(x=-0.003967907812984732, y=0.0007953253474680713, z=0.6983861929270158), 491512000000, 
-1.9985894674328104, -0.5004251893615046, -0.7536763699125284, 491513000000, 
-0.059809370346659965, 0.014364051883023787, geometry_msgs.msg.Vector3(x=-0.0038890298524811868, y=0.0005239564078389422, z=0.6987086078952498), 491517000000, 
-0.002235663430241154, 0.009771680014559773, geometry_msgs.msg.Vector3(x=-0.003987165883031519, y=0.000510528778652052, z=0.6984831483434752), 491522000000, 
-0.14229725276716373, 0.006120530865278829, geometry_msgs.msg.Vector3(x=-0.0038890913790147587, y=0.000814067735621677, z=0.698685270258743), 491527000000, 
0.013385502916047634, -0.02331623582308315, geometry_msgs.msg.Vector3(x=-0.003924948324454135, y=0.001074053551540856, z=0.6988702319719202), 491532000000, 
-0.1511386730445674, -0.01083283795004393, geometry_msgs.msg.Vector3(x=-0.004040978437548141, y=0.000632124067668558, z=0.6986929894246304), 491537000000, 
-0.04523805959222902, 0.009016939246357842, geometry_msgs.msg.Vector3(x=-0.004118731019520969, y=0.000893977696846756, z=0.6986026682036272), 491542000000, 
0.018686027151949974, -0.015942000701419306, geometry_msgs.msg.Vector3(x=-0.004475910636920214, y=0.0005236375422148776, z=0.6985237702423501), 491547000000, 
-1.998624614014544, -0.5003971158474134, -0.7299209189467138, 491547000000, 
-0.15176879992801376, 0.01164560079698401, geometry_msgs.msg.Vector3(x=-0.00411055968027697, y=0.0005659689078768525, z=0.6984711367596369), 491552000000, 
-0.05889852393649307, 0.010871029362647267, geometry_msgs.msg.Vector3(x=-0.004094068060316172, y=0.0007272078360047906, z=0.6986274069111673), 491557000000, 
0.01889165592519932, -0.008415158864978768, geometry_msgs.msg.Vector3(x=-0.004039878698200713, y=8.695597006575905e-05, z=0.6986654016563671), 491562000000, 
-0.182391892427117, -0.03890519644035822, geometry_msgs.msg.Vector3(x=-0.004067875775096491, y=0.0004615005111104037, z=0.6986919272731442), 491567000000, 
-0.05841057248713459, -0.016155627767085404, geometry_msgs.msg.Vector3(x=-0.004074603467165886, y=0.0008134781703875913, z=0.6987651019183947), 491572000000, 
0.013473288892278109, -0.034483917936612665, geometry_msgs.msg.Vector3(x=-0.003940487542091577, y=0.0003166464620474301, z=0.6987523946051047), 491577000000, 
-1.99866044969758, -0.5003698477397597, -0.7061652597057327, 491581000000, 
5.339107361504586, -0.012397112068193746, geometry_msgs.msg.Vector3(x=-0.004438025216714868, y=-0.0020488707179540998, z=0.6987176976426133), 491582000000, 
1.2985989129818734, 0.013682028251271239, geometry_msgs.msg.Vector3(x=-0.004143598768659989, y=-0.0023241811632425304, z=0.7005523896289578), 491587000000, 
0.0054732780102336315, -0.013858265228649367, geometry_msgs.msg.Vector3(x=-0.00388789795793398, y=-0.002477973221365891, z=0.7037561476032699), 491592000000, 
-0.2585041470609327, 0.04685551674029003, geometry_msgs.msg.Vector3(x=-0.004256048711869253, y=-0.002421267592178686, z=0.7069673336851288), 491597000000, 
-0.05868427084548494, 0.02139523892848776, geometry_msgs.msg.Vector3(x=-0.00427572677177358, y=-0.0018097121670347803, z=0.7106752207820172), 491602000000, 
0.11185770846089677, 0.021573023890255876, geometry_msgs.msg.Vector3(x=-0.004239970835859589, y=-0.002291779790754314, z=0.7146380689504737), 491607000000, 
-0.2886598533889442, 0.03334169465011794, geometry_msgs.msg.Vector3(x=-0.004032367886524587, y=-0.00231614778859542, z=0.7183053796120449), 491612000000, 
-1.997810127740997, -0.5010816998790224, -0.6820719380613484, 491615000000, 
6.774432782013866, 0.014036511290560973, geometry_msgs.msg.Vector3(x=-0.004263393678982127, y=-0.004639787862458139, z=0.7215600895356221), 491617000000, 
0.0603340878246325, 0.05293613903298337, geometry_msgs.msg.Vector3(x=-0.0039576103558247476, y=-0.004654738822999826, z=0.7242577560769167), 491622000000, 
-0.02176385290235624, 0.042091233496415595, geometry_msgs.msg.Vector3(x=-0.004277615357928502, y=-0.0042889787054491615, z=0.7263047415871643), 491627000000, 
-0.19715005828366822, 0.0664930172682191, geometry_msgs.msg.Vector3(x=-0.003767266184836377, y=-0.0046641071355069275, z=0.727585864324929), 491632000000, 
-0.07275236353708739, 0.05434259312881975, geometry_msgs.msg.Vector3(x=-0.00396516372316313, y=-0.004490949479008222, z=0.7281598844036824), 491637000000, 
-0.020903629585154807, 0.05509390606361156, geometry_msgs.msg.Vector3(x=-0.003972282150185696, y=-0.004227341274161305, z=0.7279163125816472), 491642000000, 
-0.05768025862159903, 0.03739160170923257, geometry_msgs.msg.Vector3(x=-0.004453679241265059, y=-0.00475818077916234, z=0.7266765883717589), 491647000000, 
-1.9960376250480045, -0.5024893218428913, -0.6573769251846046, 491649000000, 
6.931846749502586, 0.030230185673409862, geometry_msgs.msg.Vector3(x=-0.0042712223196305545, y=-0.006682099900911975, z=0.7252675346812677), 491652000000, 
-0.15047609509052415, 0.09008617101987705, geometry_msgs.msg.Vector3(x=-0.0038123526632264423, y=-0.006513176770384775, z=0.7234964486385438), 491657000000, 
-0.08236904014870623, 0.07601481848142246, geometry_msgs.msg.Vector3(x=-0.0038473613501880774, y=-0.006453912232915542, z=0.7206233830445408), 491664000000, 
-0.04026883579886479, 0.08905728376050229, geometry_msgs.msg.Vector3(x=-0.0035566921765374155, y=-0.006336223824398161, z=0.718001863058367), 491669000000, 
-0.04759576564055657, 0.09843677187046333, geometry_msgs.msg.Vector3(x=-0.004041271657590418, y=-0.006346158532637647, z=0.7157230475432248), 491674000000, 
-0.044270159914612396, 0.05853087120637347, geometry_msgs.msg.Vector3(x=-0.003813077183546523, y=-0.0057930635976846025, z=0.7139503639908111), 491679000000, 
-1.9933074603018275, -0.5045476206564111, -0.632920325414116, 491683000000, 
5.613988890150674, 0.06655659622784123, geometry_msgs.msg.Vector3(x=-0.003796496697480021, y=-0.008455683552682228, z=0.712107014702232), 491684000000, 
1.1679639053510664, 0.06079972877692217, geometry_msgs.msg.Vector3(x=-0.0038148883965227467, y=-0.008588446396624884, z=0.7116853798669336), 491689000000, 
-0.13217233861171251, 0.10194277341628111, geometry_msgs.msg.Vector3(x=-0.0036187410626574855, y=-0.008214316350946764, z=0.7105387572965137), 491694000000, 
-0.07146745537952813, 0.09747798550619582, geometry_msgs.msg.Vector3(x=-0.0032671835179569064, y=-0.008509129481650956, z=0.7105760014877914), 491699000000, 
-0.05823529845249201, 0.10907953023483105, geometry_msgs.msg.Vector3(x=-0.0035585938920332004, y=-0.008303123268196952, z=0.7105316861836528), 491704000000, 
-0.027858233367992875, 0.08189751370541638, geometry_msgs.msg.Vector3(x=-0.0037731729592399453, y=-0.007573684218278107, z=0.7111894317299763), 491709000000, 
-0.03168647642162418, 0.09820731003549955, geometry_msgs.msg.Vector3(x=-0.0035758911166070073, y=-0.008007330556505033, z=0.712198415935856), 491714000000, 
-1.9895878260926816, -0.5072112903967368, -0.6087387409471374, 491717000000, 
6.775184198462172, 0.051274798564613665, geometry_msgs.msg.Vector3(x=-0.0036621429931476515, y=-0.01030350296143862, z=0.713336156306987), 491719000000, 
0.02821588667085922, 0.11941716577583539, geometry_msgs.msg.Vector3(x=-0.003618844295958383, y=-0.01019949867766589, z=0.7150904279706037), 491724000000, 
-0.07582934668131767, 0.11870250796459633, geometry_msgs.msg.Vector3(x=-0.0033570445846960026, y=-0.009921446141758685, z=0.7175672889927643), 491731000000, 
-0.07078636513172264, 0.13972907283836453, geometry_msgs.msg.Vector3(x=-0.003451134537549917, y=-0.009664739329228546, z=0.7179578383293937), 491736000000, 
-0.05634904476765488, 0.08965824069244124, geometry_msgs.msg.Vector3(x=-0.0035691521526588035, y=-0.009733284040800476, z=0.7188865332808181), 491741000000, 
-0.03004905010608246, 0.1271221871117881, geometry_msgs.msg.Vector3(x=-0.003570717113598856, y=-0.009695439529802369, z=0.7196416681141239), 491746000000, 
-0.06211036382015472, 0.10996055800507605, geometry_msgs.msg.Vector3(x=-0.003278291371241099, y=-0.009334769802910151, z=0.720294171592042), 491751000000, 
-1.9848490889707522, -0.5104327181367555, -0.5843523534132881, 491751000000, 
6.892865677943772, 0.11804056917982438, geometry_msgs.msg.Vector3(x=-0.0036855338659006662, y=-0.011821440982860745, z=0.7208342654910618), 491756000000, 
-0.1386148040969759, 0.12792634246949725, geometry_msgs.msg.Vector3(x=-0.0032343082520468816, y=-0.011789663541240513, z=0.7211597683647827), 491761000000, 
-0.0494291062076197, 0.17025950759335498, geometry_msgs.msg.Vector3(x=-0.002984781732621726, y=-0.011606274127042578, z=0.720766132027621), 491769000000, 
-0.052757577105236264, 0.13399805932593334, geometry_msgs.msg.Vector3(x=-0.0031224296435893133, y=-0.011653461058144942, z=0.719893056153516), 491774000000, 
-0.032257583165247336, 0.141331499510285, geometry_msgs.msg.Vector3(x=-0.002784149019280945, y=-0.011018891178898602, z=0.7193400404161407), 491779000000, 
-0.011943283123088684, 0.1249745419204184, geometry_msgs.msg.Vector3(x=-0.002938467902430335, y=-0.01097544839210645, z=0.7185633412370639), 491784000000, 
-1.9790616270958044, -0.5141625121593046, -0.5598646549255568, 491785000000, 
6.963464408077647, 0.1454397893457671, geometry_msgs.msg.Vector3(x=-0.0026272128422775757, y=-0.013784192145337113, z=0.7177782512052581), 491789000000, 
-0.15470540835055605, 0.20240694746608362, geometry_msgs.msg.Vector3(x=-0.002628122642832323, y=-0.013707988090866447, z=0.7172751245650073), 491794000000, 
-0.080280621796143, 0.17961662606807174, geometry_msgs.msg.Vector3(x=-0.00261205430978054, y=-0.013068937356233344, z=0.715852544271365), 491799000000, 
-0.039665313485221426, 0.16173752204893316, geometry_msgs.msg.Vector3(x=-0.0025495445542813282, y=-0.013356130995949773, z=0.7156632178379386), 491804000000, 
-0.02566354604679101, 0.15783799491785927, geometry_msgs.msg.Vector3(x=-0.002736193823199883, y=-0.013331508125251674, z=0.7149645792072157), 491809000000, 
-0.040400026965469266, 0.1671315907533831, geometry_msgs.msg.Vector3(x=-0.0022279764295023204, y=-0.012650363603252078, z=0.7146016071802093), 491814000000, 
-0.03346468597486841, 0.18447914341979094, geometry_msgs.msg.Vector3(x=-0.0024161723558822784, y=-0.012744672931818546, z=0.7148318840856408), 491819000000, 
-1.972198071704068, -0.518351441785703, -0.5355183927361717, 491819000000, 
6.91246571336009, 0.16594336838575177, geometry_msgs.msg.Vector3(x=-0.0020578050177793446, y=-0.015348887591526134, z=0.7143412427844799), 491824000000, 
-0.161548111269728, 0.18291589742901296, geometry_msgs.msg.Vector3(x=-0.0021367760769986843, y=-0.014951483801957958, z=0.7149191848486655), 491829000000, 
-0.05356464271570495, 0.1756272117862412, geometry_msgs.msg.Vector3(x=-0.0021571700381723376, y=-0.0149766525932345, z=0.7154107501805742), 491834000000, 
-0.029319508277854643, 0.19760070615043493, geometry_msgs.msg.Vector3(x=-0.001795504864604021, y=-0.014989017376854784, z=0.7157499390563837), 491839000000, 
-0.02664536710167724, 0.230721380232577, geometry_msgs.msg.Vector3(x=-0.0018352193630386214, y=-0.014573497433475354, z=0.7157731576155695), 491844000000, 
-0.010097972048454393, 0.1768801506926138, geometry_msgs.msg.Vector3(x=-0.001737137881504674, y=-0.014709308673891357, z=0.7165193265646437), 491849000000, 
5.62704123530915, 0.18835694699691694, geometry_msgs.msg.Vector3(x=-0.0018090265379617277, y=-0.0173744424154071, z=0.7167431788198338), 491854000000, 
-1.9642337937924208, -0.5229495741720197, -0.5111935143198699, 491853000000, 
0.11895906767705901, 0.1776420169873158, geometry_msgs.msg.Vector3(x=-0.001740769149267794, y=-0.016706088013726007, z=0.7170404608043196), 491859000000, 
-0.10906910623517509, 0.2175694226018833, geometry_msgs.msg.Vector3(x=-0.001673639365731536, y=-0.016613751233681688, z=0.7177020829724724), 491864000000, 
-0.0493294141859489, 0.19396242907161715, geometry_msgs.msg.Vector3(x=-0.001556825088616206, y=-0.016812297471836015, z=0.7182250219497152), 491869000000, 
-0.032774515311911306, 0.24398045569869653, geometry_msgs.msg.Vector3(x=-0.0014097285795993447, y=-0.016716001506122895, z=0.7177498143047194), 491874000000, 
-0.032874378439692965, 0.21317592462091037, geometry_msgs.msg.Vector3(x=-0.0012020824636940902, y=-0.01625366747245497, z=0.7182551773516382), 491879000000, 
-0.04818368732885277, 0.24147325450515839, geometry_msgs.msg.Vector3(x=-0.0009168355455759344, y=-0.015875247228289757, z=0.7182007406184221), 491884000000, 
-1.9551453462440604, -0.5279049780420595, -0.48678543628597737, 491887000000, 
6.747056905485579, 0.21364583537864487, geometry_msgs.msg.Vector3(x=-0.0008497084746757863, y=-0.019045988486781115, z=0.7183044081034095), 491889000000, 
0.09865371357651123, 0.25884718863044676, geometry_msgs.msg.Vector3(x=-0.0010054848141152679, y=-0.018464989394397908, z=0.7181624825218638), 491894000000, 
-0.09631697631297484, 0.23572681795128825, geometry_msgs.msg.Vector3(x=-0.0007511620067318522, y=-0.0183807084481516, z=0.7174921197436347), 491899000000, 
-0.02107530913776149, 0.2528922273927109, geometry_msgs.msg.Vector3(x=-0.0004089162781028916, y=-0.018166862467146168, z=0.7177185944909413), 491904000000, 
-0.06664558217752384, 0.23943695685707683, geometry_msgs.msg.Vector3(x=-0.00041021553960022324, y=-0.01829003504417116, z=0.7172575660769411), 491909000000, 
-0.03152137367114834, 0.2187032225329585, geometry_msgs.msg.Vector3(x=-0.0005662290263200903, y=-0.01800026668685088, z=0.7172813596862124), 491914000000, 
-0.023411575410126964, 0.26396531043256305, geometry_msgs.msg.Vector3(x=-0.00041420385391566136, y=-0.017770460508724717, z=0.7169186845010606), 491919000000, 
-1.9449107906539886, -0.5331649084012502, -0.46238877196070716, 491921000000, 
6.96528164383452, 0.26751757782349306, geometry_msgs.msg.Vector3(x=-0.00016065302748716404, y=-0.020484281890979155, z=0.7164825867000599), 491924000000, 
-0.1250250987745583, 0.2830301929750674, geometry_msgs.msg.Vector3(x=-0.0002740486220739135, y=-0.02021383580923762, z=0.7159313850774105), 491929000000, 
-0.0529246319873682, 0.2621706252723184, geometry_msgs.msg.Vector3(x=3.569951564087089e-05, y=-0.02012484975598366, z=0.7160641658847553), 491934000000, 
-0.0193870661820134, 0.25550144043961975, geometry_msgs.msg.Vector3(x=-0.00018358041701173127, y=-0.02024479518334653, z=0.7162422965963464), 491939000000, 
-0.005702617656153363, 0.27144750026990494, geometry_msgs.msg.Vector3(x=0.0004992675255944569, y=-0.01982738445420317, z=0.7162980313682648), 491944000000, 
-0.0002354243450914395, 0.25493861631544945, geometry_msgs.msg.Vector3(x=1.0069697988613442e-05, y=-0.019441050750031035, z=0.7156842920985136), 491949000000, 
-0.022503725362337246, 0.278002899071153, geometry_msgs.msg.Vector3(x=0.00022715265183942854, y=-0.019349781846949594, z=0.7161108711005473), 491954000000, 
-1.9335106085098932, -0.5386765395086544, -0.4380370097438303, 491955000000, 
5.822481016068204, 0.26513336003793664, geometry_msgs.msg.Vector3(x=0.0004419848443217079, y=-0.021753967581727474, z=0.716407841243727), 491959000000, 
-0.15326428228323813, 0.28516031696962274, geometry_msgs.msg.Vector3(x=0.0008467927321797152, y=-0.02173024042870394, z=0.7161729024764228), 491964000000, 
-0.028066004305719806, 0.272647724462425, geometry_msgs.msg.Vector3(x=0.0008398804371029056, y=-0.02158020763611149, z=0.7161111936074394), 491969000000, 
-0.0006259605736321436, 0.3301631624368142, geometry_msgs.msg.Vector3(x=0.0005673430907350621, y=-0.021653399679915256, z=0.7166870182447093), 491974000000, 
-0.029514249869314627, 0.2927607108635622, geometry_msgs.msg.Vector3(x=0.0008438983850583544, y=-0.021434612094028357, z=0.7169509073970997), 491979000000, 
-0.003747095913663482, 0.26473891268377764, geometry_msgs.msg.Vector3(x=0.0011126867967078515, y=-0.02158119837937058, z=0.7169106331729116), 491984000000, 
-0.01759238129073324, 0.29566396339419637, geometry_msgs.msg.Vector3(x=0.0011384117706499462, y=-0.02082854077336648, z=0.7172487933309618), 491989000000, 
-1.9209272283464716, -0.5443858928355793, -0.41366669378995635, 491989000000, 
6.9583092536352735, 0.2984568462817706, geometry_msgs.msg.Vector3(x=0.001470139734547477, y=-0.0237959089869602, z=0.7174250344433049), 491994000000, 
-0.11126935836310725, 0.3051630245316215, geometry_msgs.msg.Vector3(x=0.001701264023263413, y=-0.023337760574549934, z=0.7168560705938728), 491999000000, 
-0.023090968454966398, 0.2938983964917145, geometry_msgs.msg.Vector3(x=0.0017701393988598178, y=-0.023111036154431677, z=0.7175654755516039), 492004000000, 
-0.013545828068348625, 0.31899682739437185, geometry_msgs.msg.Vector3(x=0.0013941682121041174, y=-0.023036521945570734, z=0.7174041056559529), 492009000000, 
0.006082677132741163, 0.3518368274344384, geometry_msgs.msg.Vector3(x=0.0016104252033711172, y=-0.02289887257440761, z=0.7173686246651676), 492014000000, 
-1.9071446792956914, -0.5502377377873472, -0.38927374252069435, 492023000000, 
-0.02012862055968182, 0.29237874211695225, geometry_msgs.msg.Vector3(x=0.0021736631681052295, y=-0.022548910850735935, z=0.7168625928415404), 492021000000, 
0.03273890096221171, 0.34160845980683796, geometry_msgs.msg.Vector3(x=0.002038888643224196, y=-0.022518068043085242, z=0.7172132287454628), 492028000000, 
3.823047635151911, 0.29303215427847723, geometry_msgs.msg.Vector3(x=0.0019421215333599799, y=-0.02459134916334261, z=0.7172446951119412), 492033000000, 
-0.002895432890508788, 0.33953201528775445, geometry_msgs.msg.Vector3(x=0.002204948797796207, y=-0.02469997306866614, z=0.7171705500275218), 492039000000, 
0.02866626033926664, 0.3606526447944781, geometry_msgs.msg.Vector3(x=0.002281828996976115, y=-0.024481878384160816, z=0.716487237071989), 492044000000, 
0.02557451704331911, 0.3599873057531076, geometry_msgs.msg.Vector3(x=0.0028173238084260185, y=-0.02397505536383811, z=0.7170545598225934), 492049000000, 
0.0004890116398770621, 0.3557426572129336, geometry_msgs.msg.Vector3(x=0.00260951289504287, y=-0.024369940945789505, z=0.7167308428858846), 492054000000, 
-1.8921490791953393, -0.5561767218357325, -0.3648951384340957, 492057000000, 
4.815526145840836, 0.3586490599991146, geometry_msgs.msg.Vector3(x=0.0025595403970292466, y=-0.02632391905713121, z=0.7163254682796676), 492059000000, 
0.10581929179908181, 0.37107884494669735, geometry_msgs.msg.Vector3(x=0.002947911056135318, y=-0.025620891125322162, z=0.7141606908235408), 492064000000, 
-0.03196273549219374, 0.36974067816673806, geometry_msgs.msg.Vector3(x=0.002846305726176067, y=-0.025642162486147854, z=0.711192829804973), 492069000000, 
0.0022865823287213766, 0.37039121393866403, geometry_msgs.msg.Vector3(x=0.0031310844884960545, y=-0.025137026865737204, z=0.7074826517103029), 492074000000, 
0.01931102302875488, 0.38957524175305336, geometry_msgs.msg.Vector3(x=0.0030683697739315435, y=-0.02487180778410159, z=0.7040038219486662), 492079000000, 
-0.005752977724867662, 0.33940570005607795, geometry_msgs.msg.Vector3(x=0.003206547104372248, y=-0.025051825678689178, z=0.7006817437815698), 492084000000, 
0.0186047439752463, 0.3337202582295996, geometry_msgs.msg.Vector3(x=0.0037028609332227977, y=-0.02461325382650621, z=0.6966118066686604), 492089000000, 
-1.876247241803786, -0.562031924502056, -0.34086067345682847, 492091000000, 
0.01296496975794104, 0.31591065747869557, geometry_msgs.msg.Vector3(x=0.00381398882607932, y=-0.024801301290568768, z=0.6934911069160603), 492094000000, 
0.016167627563763894, 0.34071220087549475, geometry_msgs.msg.Vector3(x=0.0035235277534137574, y=-0.024726395691276458, z=0.6906828132508643), 492099000000, 
0.012999672475646278, 0.3565377875292853, geometry_msgs.msg.Vector3(x=0.0037605352451411094, y=-0.024207537998008784, z=0.6880368230740576), 492108000000, 
0.042525469614547895, 0.3589408182898707, geometry_msgs.msg.Vector3(x=0.0041293992684664094, y=-0.023918196424319513, z=0.6873120502300617), 492113000000, 
0.0341919972067578, 0.34440501341207913, geometry_msgs.msg.Vector3(x=0.004486387252239211, y=-0.023781523897748305, z=0.6879471683869488), 492118000000, 
0.021441198627718032, 0.3855914401147853, geometry_msgs.msg.Vector3(x=0.004682447260354177, y=-0.023974609469213922, z=0.6889990775532189), 492123000000, 
-1.860209768557133, -0.5675089323646366, -0.3174207918365838, 492125000000, 
0.02742821577435942, 0.37071025354377035, geometry_msgs.msg.Vector3(x=0.004393965575143433, y=-0.023368678099434093, z=0.6901730268999006), 492128000000, 
0.04525949095512031, 0.3308878562644637, geometry_msgs.msg.Vector3(x=0.004873081908795174, y=-0.02349657986397357, z=0.6919206653431086), 492133000000, 
0.045025074295919544, 0.32242303831988, geometry_msgs.msg.Vector3(x=0.0051095319415609694, y=-0.023074813599775174, z=0.6941420951705021), 492138000000, 
0.04875680789659613, 0.3835180863808457, geometry_msgs.msg.Vector3(x=0.005037029038709339, y=-0.022891229119912683, z=0.696039107243214), 492143000000, 
0.03768376177772474, 0.3704872396082391, geometry_msgs.msg.Vector3(x=0.005328391899951731, y=-0.023017762177997322, z=0.6985388299243919), 492148000000, 
0.013705482436575982, 0.32932116523140736, geometry_msgs.msg.Vector3(x=0.0055264105030973145, y=-0.0226821779673826, z=0.7006741924556966), 492153000000, 
0.037184679575169514, 0.36149616672056384, geometry_msgs.msg.Vector3(x=0.005184476821697584, y=-0.022855261261500993, z=0.7023562089330893), 492158000000, 
-1.8440479456967975, -0.5726073685149062, -0.29375331802225124, 492159000000, 
0.021012585964428954, 0.3493206637857848, geometry_msgs.msg.Vector3(x=0.005284137103075049, y=-0.022620326621479527, z=0.7036197186601041), 492163000000, 
0.03656315832050452, 0.37567755877094733, geometry_msgs.msg.Vector3(x=0.006003602367004233, y=-0.0221120684346123, z=0.7046628875985306), 492168000000, 
0.024418532387524058, 0.3464771165730746, geometry_msgs.msg.Vector3(x=0.005753873231973498, y=-0.021884376805423423, z=0.7051437905201507), 492173000000, 
0.03995092719767216, 0.3512842131500594, geometry_msgs.msg.Vector3(x=0.005734656832141244, y=-0.02193991514216435, z=0.7048921301969858), 492178000000, 
0.013722200407279252, 0.32456760082025926, geometry_msgs.msg.Vector3(x=0.005809954097019871, y=-0.0215993914075612, z=0.7043784686203537), 492183000000, 
0.023593384775951663, 0.3540065182170305, geometry_msgs.msg.Vector3(x=0.005530014987311424, y=-0.021397521213343585, z=0.7037999063622797), 492188000000, 
-1.8277691623560175, -0.5773185296635899, -0.26981129325327374, 492193000000, 
0.05295820650019224, 0.3585099401158087, geometry_msgs.msg.Vector3(x=0.006449602831078428, y=-0.021053580324166325, z=0.7025326376581034), 492193000000, 
0.05353319769499229, 0.36011299948239756, geometry_msgs.msg.Vector3(x=0.006460273234266608, y=-0.021272366515112703, z=0.7012625683388424), 492198000000, 
0.038229664233404875, 0.348427543719433, geometry_msgs.msg.Vector3(x=0.0064227246209564055, y=-0.021002600807125394, z=0.699832086770814), 492203000000, 
0.059016213967951175, 0.35897340546695256, geometry_msgs.msg.Vector3(x=0.006611733197760038, y=-0.02040692690913359, z=0.6987934675556571), 492208000000, 
0.04516158402457188, 0.34879438467183643, geometry_msgs.msg.Vector3(x=0.006515354571317413, y=-0.02069745797330583, z=0.6972914369730363), 492213000000, 
0.04804960009911028, 0.34137344414522325, geometry_msgs.msg.Vector3(x=0.006573470592672667, y=-0.02063041845598783, z=0.6964964883623598), 492218000000, 
0.05513935894369299, 0.34017282305304236, geometry_msgs.msg.Vector3(x=0.007085402316574671, y=-0.02031216145200779, z=0.6955155232843315), 492223000000, 
-1.8113817276239055, -0.5816395272629294, -0.24606573217335928, 492227000000, 
0.0446944970662211, 0.37032205212080443, geometry_msgs.msg.Vector3(x=0.0072876730418821, y=-0.020455492452451943, z=0.6948903350105363), 492228000000, 
0.0365848291011667, 0.3451984636055047, geometry_msgs.msg.Vector3(x=0.006803718995744856, y=-0.020103948693222302, z=0.6944940192866905), 492233000000, 
0.041558396089875334, 0.347311894417631, geometry_msgs.msg.Vector3(x=0.0067670338485956456, y=-0.019800244151782064, z=0.6945488430923471), 492238000000, 
0.06153921279451074, 0.3430330406902486, geometry_msgs.msg.Vector3(x=0.007344544071331022, y=-0.019699117976924294, z=0.6943935447642265), 492243000000, 
0.06462181238505259, 0.33437501165348066, geometry_msgs.msg.Vector3(x=0.007414798984874666, y=-0.019746718514196484, z=0.6948822451179626), 492248000000, 
0.0683390607549062, 0.34697685931162386, geometry_msgs.msg.Vector3(x=0.007229847177503527, y=-0.01933145537403017, z=0.6955747522286857), 492253000000, 
0.054000560380867965, 0.38092118555862287, geometry_msgs.msg.Vector3(x=0.007402692307361402, y=-0.019204691547147407, z=0.6963649879036267), 492260000000, 
-1.7948959395509758, -0.5855712736335627, -0.22242457859578055, 492261000000, 
0.08611730949419344, 0.3648482633223007, geometry_msgs.msg.Vector3(x=0.007530523907519796, y=-0.019080744619041027, z=0.6973594253173534), 492265000000, 
0.0692149975258817, 0.3712124905716569, geometry_msgs.msg.Vector3(x=0.007965956875278467, y=-0.018929761961062594, z=0.6980988861854294), 492270000000, 
0.040566167132959824, 0.3724670696762068, geometry_msgs.msg.Vector3(x=0.00755387060214337, y=-0.018482326474495013, z=0.6990875553144261), 492275000000, 
0.07377242337768622, 0.37392391946754155, geometry_msgs.msg.Vector3(x=0.00795703691694232, y=-0.018695700081734785, z=0.6993960087616674), 492280000000, 
0.03577051506831612, 0.3804516403750404, geometry_msgs.msg.Vector3(x=0.008046004816756698, y=-0.01829773910483934, z=0.6998228291174932), 492285000000, 
0.05308124812059564, 0.36248323340525657, geometry_msgs.msg.Vector3(x=0.008687169649380272, y=-0.01807538732161002, z=0.7001917203358856), 492290000000, 
0.06520271402871561, 0.39733441133505104, geometry_msgs.msg.Vector3(x=0.008402733240567142, y=-0.01796785547964706, z=0.7006470999897306), 492295000000, 
-1.7783213859394642, -0.5891109180286022, -0.19864863376016265, 492295000000, 
0.11065683446676373, 0.3684222883185573, geometry_msgs.msg.Vector3(x=0.008603282979608416, y=-0.017657215025681624, z=0.7003426496648786), 492300000000, 
0.05102909543156729, 0.37774326535776526, geometry_msgs.msg.Vector3(x=0.0083517005197818, y=-0.017545414046852625, z=0.7003342634049998), 492305000000, 
0.06102856743382709, 0.3536631445672792, geometry_msgs.msg.Vector3(x=0.008432756276663202, y=-0.017690474716432016, z=0.7004793230772338), 492310000000, 
0.08445962181073811, 0.40180621347552187, geometry_msgs.msg.Vector3(x=0.008430371217654883, y=-0.017470770955205786, z=0.7001793488233704), 492315000000, 
0.08579703655955917, 0.34600729494785726, geometry_msgs.msg.Vector3(x=0.009002872505725821, y=-0.01702519088583331, z=0.6991745871362441), 492320000000, 
0.07981637529224123, 0.317915742346141, geometry_msgs.msg.Vector3(x=0.008869379486008994, y=-0.016733647793327148, z=0.6991706068603116), 492325000000, 
-1.7616673463904147, -0.592254307774907, -0.17484971788601258, 492329000000, 
0.09774139370127115, 0.3098542287974947, geometry_msgs.msg.Vector3(x=0.009162392467892584, y=-0.016569493509898996, z=0.6985840831378126), 492330000000, 
0.0875939646753178, 0.3371031073744601, geometry_msgs.msg.Vector3(x=0.009118138428298932, y=-0.0160299342383978, z=0.6987843462944447), 492335000000, 
0.09941486113164036, 0.32628739348749775, geometry_msgs.msg.Vector3(x=0.009193723697721945, y=-0.015980541849692144, z=0.6986430575170995), 492340000000, 
0.08859470527149237, 0.3646965089177359, geometry_msgs.msg.Vector3(x=0.009443425342205013, y=-0.01570978215102755, z=0.6983668929527347), 492345000000, 
0.11856823831401002, 0.33079129113083383, geometry_msgs.msg.Vector3(x=0.009381730537483594, y=-0.015008792189285827, z=0.6984375986072684), 492350000000, 
0.07617475328873456, 0.3540675449702871, geometry_msgs.msg.Vector3(x=0.009619487588885362, y=-0.014841523952192513, z=0.6982530876651085), 492355000000, 
0.07876653274093944, 0.3519190334475478, geometry_msgs.msg.Vector3(x=0.009579753816471283, y=-0.014811129001513539, z=0.6983199000889431), 492360000000, 
-1.7449430833575947, -0.5950004623287023, -0.15110424061992261, 492363000000, 
0.08769635927143918, 0.37097095988792356, geometry_msgs.msg.Vector3(x=0.0098716202084411, y=-0.014397731485050615, z=0.6983160112709353), 492365000000, 
0.0781730831746774, 0.3435968121049556, geometry_msgs.msg.Vector3(x=0.010204657830466955, y=-0.014416029319985138, z=0.6986494189430961), 492370000000, 
0.10782865518472551, 0.3435711172776138, geometry_msgs.msg.Vector3(x=0.010244407095287952, y=-0.013738796230777821, z=0.699068359951634), 492375000000, 
0.0767599106753264, 0.3533381644402987, geometry_msgs.msg.Vector3(x=0.010526789553688114, y=-0.013309479596945058, z=0.7000970206665403), 492380000000, 
0.07000306785124985, 0.39663333628530123, geometry_msgs.msg.Vector3(x=0.010449808573992098, y=-0.01353459587437359, z=0.701108856678162), 492385000000, 
0.09945003299065942, 0.4293287561503935, geometry_msgs.msg.Vector3(x=0.011120547421865263, y=-0.013089760896870958, z=0.701727314867547), 492391000000, 
0.0785173047420333, 0.40435134107204995, geometry_msgs.msg.Vector3(x=0.011146250726444719, y=-0.012497374607111818, z=0.7027247216954643), 492396000000, 
-1.7281577150822225, -0.5973577011587593, -0.12729723132495835, 492397000000, 
0.07811795982078765, 0.3870518920802683, geometry_msgs.msg.Vector3(x=0.010787151513928268, y=-0.012380804397364838, z=0.7026398698954003), 492401000000, 
0.1027604500857814, 0.3926849064461921, geometry_msgs.msg.Vector3(x=0.011411953388222004, y=-0.012228249185375496, z=0.7025715439676639), 492406000000, 
0.052231507073437454, 0.376399376234917, geometry_msgs.msg.Vector3(x=0.011375432482315435, y=-0.011635983734370442, z=0.7021788151479244), 492411000000, 
0.08771305328194756, 0.3680525237984121, geometry_msgs.msg.Vector3(x=0.011458794912664948, y=-0.0111358870302904, z=0.7021315942264117), 492416000000, 
0.09219459138978225, 0.38371225300988004, geometry_msgs.msg.Vector3(x=0.011835280520068462, y=-0.011125052938233232, z=0.701433344727423), 492421000000, 
0.09301064664012892, 0.36593502504359987, geometry_msgs.msg.Vector3(x=0.012163080109833744, y=-0.010718887378146622, z=0.7003711616587868), 492426000000, 
-1.7113204080106632, -0.5993073449959475, -0.10343498227908812, 492431000000, 
0.08147180131794943, 0.34510920283768526, geometry_msgs.msg.Vector3(x=0.012261834695625707, y=-0.010446912706025062, z=0.6993004543357613), 492431000000, 
0.07731129166592975, 0.3783548008594155, geometry_msgs.msg.Vector3(x=0.012098011640459915, y=-0.010414757484247479, z=0.6989277302933605), 492436000000, 
0.09943582685494921, 0.37543236174942257, geometry_msgs.msg.Vector3(x=0.012811608250311104, y=-0.009862243308188289, z=0.6980884912245713), 492443000000, 
0.13832709633087223, 0.39780488846658807, geometry_msgs.msg.Vector3(x=0.013450609540020652, y=-0.009479877382241233, z=0.6969870656611171), 492451000000, 
0.08380006824592622, 0.36511833256384163, geometry_msgs.msg.Vector3(x=0.013242425136946286, y=-0.008893798987272213, z=0.6961842322409312), 492456000000, 
0.13334716407468897, 0.39880307302133516, geometry_msgs.msg.Vector3(x=0.013216087443256442, y=-0.008750128743755112, z=0.6959113096632392), 492461000000, 
-1.6944405250590127, -0.6008556750983357, -0.07971932174227121, 492465000000, 
0.08905990623740141, 0.3603312555714279, geometry_msgs.msg.Vector3(x=0.013552381124060764, y=-0.008254588924101162, z=0.6961415268156093), 492466000000, 
0.10619795297588754, 0.35251534464051454, geometry_msgs.msg.Vector3(x=0.013511399541290046, y=-0.008170751980822863, z=0.6959339911943392), 492471000000, 
0.08504086816107256, 0.36330994096365665, geometry_msgs.msg.Vector3(x=0.013812665925619963, y=-0.007924824451625297, z=0.6964351475965819), 492476000000, 
0.08597489463416315, 0.39975951645336993, geometry_msgs.msg.Vector3(x=0.013799935888377933, y=-0.007286538028856817, z=0.696640849276422), 492481000000, 
0.10140894396070131, 0.37904731401542113, geometry_msgs.msg.Vector3(x=0.014365113650167433, y=-0.007252931446020612, z=0.6974338889544981), 492486000000, 
0.10635321721901858, 0.3565353502595572, geometry_msgs.msg.Vector3(x=0.014446590664740189, y=-0.006984691354658023, z=0.6972481223449917), 492491000000, 
0.11700115612473758, 0.40449122070963933, geometry_msgs.msg.Vector3(x=0.014548852873797874, y=-0.0067201128625810035, z=0.6982883101820434), 492496000000, 
-1.677527994692848, -0.6020036448704232, -0.05601014711629331, 492499000000, 
0.09962834744717805, 0.38115377867242317, geometry_msgs.msg.Vector3(x=0.014960136636515336, y=-0.006324190826086144, z=0.6985678534403315), 492501000000, 
0.08542165980714884, 0.3865845005825895, geometry_msgs.msg.Vector3(x=0.014908162370643506, y=-0.0065801529405001185, z=0.6986732144752709), 492506000000, 
0.11713674186492166, 0.37607575735681, geometry_msgs.msg.Vector3(x=0.015213948598929251, y=-0.006030608040817454, z=0.6995874616944666), 492511000000, 
0.09580163855373731, 0.3848748046047968, geometry_msgs.msg.Vector3(x=0.015309135593369697, y=-0.005477257255020114, z=0.6996022263874604), 492516000000, 
0.0597381319377277, 0.3767031285117159, geometry_msgs.msg.Vector3(x=0.01521734187484896, y=-0.005265456228005941, z=0.6996655725569656), 492521000000, 
0.09036365997904258, 0.3520379967548869, geometry_msgs.msg.Vector3(x=0.01550687606050898, y=-0.005136877808842968, z=0.6996601322044302), 492526000000, 
0.1152626336269187, 0.3926327892843443, geometry_msgs.msg.Vector3(x=0.015556792688221579, y=-0.005099678623506908, z=0.6997085721389861), 492531000000, 
-1.6605924662888623, -0.6027493415646499, -0.032216220235984146, 492533000000, 
0.09130867063916166, 0.3738356074135237, geometry_msgs.msg.Vector3(x=0.015840322404241616, y=-0.004475917610845852, z=0.6994144473211078), 492536000000, 
0.10258959777308886, 0.35833496482029825, geometry_msgs.msg.Vector3(x=0.015834422757785144, y=-0.004147268379739759, z=0.6995693218450235), 492541000000, 
0.12114507319811323, 0.38117372213330775, geometry_msgs.msg.Vector3(x=0.01610915413622746, y=-0.004059109014714774, z=0.6993947231657851), 492546000000, 
0.07799340045280624, 0.38769186458199534, geometry_msgs.msg.Vector3(x=0.015984405307845864, y=-0.003583802117143232, z=0.6991206697490054), 492551000000, 
0.08975735118030412, 0.4127289558358356, geometry_msgs.msg.Vector3(x=0.016023619380647648, y=-0.0031077048501782813, z=0.6987316650570611), 492556000000, 
0.09285874686901716, 0.3891848801948389, geometry_msgs.msg.Vector3(x=0.015897973659813047, y=-0.003475407258120912, z=0.6981131132774921), 492561000000, 
-1.6436433030874977, -0.6030916994252467, -0.008436155675827691, 492567000000, 
0.09637728334658198, 0.37602948188312674, geometry_msgs.msg.Vector3(x=0.015893703558613564, y=-0.002912437330842206, z=0.698323240450464), 492568000000, 
0.08883179348872318, 0.3787392210388983, geometry_msgs.msg.Vector3(x=0.016440134303698374, y=-0.00220101323237259, z=0.6982509242153608), 492573000000, 
0.0811255390036392, 0.3679722000965663, geometry_msgs.msg.Vector3(x=0.01657185473770075, y=-0.002092028898112891, z=0.6979265375814165), 492579000000, 
0.11525036893520468, 0.3865856592363052, geometry_msgs.msg.Vector3(x=0.01635835078734535, y=-0.0018563543890957547, z=0.6975298606332089), 492584000000, 
0.09836165690897011, 0.3420894481833339, geometry_msgs.msg.Vector3(x=0.016752791778304545, y=-0.0017852880291522035, z=0.6973838193124373), 492589000000, 
0.13404275802358082, 0.3900966638802411, geometry_msgs.msg.Vector3(x=0.01694189098206257, y=-0.001558810992686906, z=0.6978617621402827), 492594000000, 
0.11218986330259262, 0.41832451476344296, geometry_msgs.msg.Vector3(x=0.017032533736955367, y=-0.0011368728428693678, z=0.698091991164044), 492599000000, 
-1.6266900318726678, -0.6030309175337772, 0.015301853756370177, 492601000000, 
0.08026474779532518, 0.35061825456352647, geometry_msgs.msg.Vector3(x=0.017138975316119767, y=-0.0003476742311719001, z=0.6974707163999182), 492604000000, 
0.08624936647050936, 0.36786668652581966, geometry_msgs.msg.Vector3(x=0.01750488276931651, y=-0.0005546411037774962, z=0.6981967745848682), 492609000000, 
0.09745194272755808, 0.38163765436402713, geometry_msgs.msg.Vector3(x=0.017176390558793615, y=-0.0001545469248579086, z=0.6981612435292044), 492614000000, 
0.07556065385010594, 0.3828886729209872, geometry_msgs.msg.Vector3(x=0.017368940515057583, y=0.0002540529930601114, z=0.6981186207455176), 492619000000, 
0.08992713990747563, 0.3689810334010627, geometry_msgs.msg.Vector3(x=0.017829153719209585, y=0.00016745058828451968, z=0.6982510314705862), 492624000000, 
0.09475148737929638, 0.3784027474187612, geometry_msgs.msg.Vector3(x=0.017997054517676137, y=0.0009478723309550208, z=0.6986587589704519), 492632000000, 
-1.609742311279245, -0.6025674766889807, 0.03905459157743315, 492635000000, 
0.09530022446028699, 0.3506713678651871, geometry_msgs.msg.Vector3(x=0.01788049917277288, y=0.0011443794200865422, z=0.6985336930360575), 492637000000, 
0.0772422028871208, 0.36852234159898806, geometry_msgs.msg.Vector3(x=0.017983301711856584, y=0.0012923004294067887, z=0.6985886450175793), 492642000000, 
0.08944734828065116, 0.36820133484530965, geometry_msgs.msg.Vector3(x=0.018309305627180066, y=0.0018363526606977145, z=0.6986509195166772), 492647000000, 
0.1036453593796207, 0.39029124708039364, geometry_msgs.msg.Vector3(x=0.018505127903763397, y=0.0019105009003632853, z=0.698372399113041), 492652000000, 
0.10794401784824803, 0.3285724455536403, geometry_msgs.msg.Vector3(x=0.018620494071128244, y=0.002422442613579284, z=0.6986491380262563), 492657000000, 
0.10831419337718062, 0.4112456792667182, geometry_msgs.msg.Vector3(x=0.018501859567784856, y=0.0023819235038605615, z=0.698565801572763), 492662000000, 
0.09618144242372197, 0.37192218249910924, geometry_msgs.msg.Vector3(x=0.018632877875254333, y=0.002655067952762068, z=0.6985177617463941), 492667000000, 
-1.5928097055174846, -0.6017019363142471, 0.06282063028357134, 492669000000, 
0.09931844425354588, 0.3958932152346621, geometry_msgs.msg.Vector3(x=0.018885610580585473, y=0.0029326009230488297, z=0.6985685202018919), 492672000000, 
0.0708313157088102, 0.38698321871397656, geometry_msgs.msg.Vector3(x=0.01896342064067412, y=0.0033574703887996175, z=0.6981022716538949), 492677000000, 
0.1263106052963085, 0.3611014645139227, geometry_msgs.msg.Vector3(x=0.0190570080174282, y=0.0033174358087614793, z=0.698383430557379), 492682000000, 
0.11450693372643912, 0.341203924500237, geometry_msgs.msg.Vector3(x=0.019110729573024142, y=0.0036461940406605883, z=0.6981788898796553), 492687000000, 
0.08889735644341148, 0.3516927706104606, geometry_msgs.msg.Vector3(x=0.019223942947773687, y=0.004306855040716411, z=0.6978611966499473), 492692000000, 
0.09301375644835957, 0.34405690975576564, geometry_msgs.msg.Vector3(x=0.019253242038619275, y=0.004286681019273799, z=0.6977995712200882), 492697000000, 
0.10275675926551453, 0.39267768168936373, geometry_msgs.msg.Vector3(x=0.019357252285049715, y=0.004673535119865458, z=0.698154040960859), 492702000000, 
-1.5759017094914611, -0.6004326718686332, 0.08657169428482427, 492703000000, 
0.09411271650193295, 0.39153674384445114, geometry_msgs.msg.Vector3(x=0.01952187248109479, y=0.004515378366612553, z=0.6982520242287754), 492707000000, 
0.11720550413825541, 0.3579150871125678, geometry_msgs.msg.Vector3(x=0.019845788048616367, y=0.0050663182575646035, z=0.6978833040375634), 492712000000, 
0.06611604383542596, 0.3637868327921407, geometry_msgs.msg.Vector3(x=0.019699805167072724, y=0.005104372801422159, z=0.698110904915785), 492717000000, 
0.07584278981412705, 0.34219634641238605, geometry_msgs.msg.Vector3(x=0.019395905631338868, y=0.005929117860947528, z=0.6981844668242897), 492722000000, 
0.1268490891592868, 0.35056988768762015, geometry_msgs.msg.Vector3(x=0.019509701516128533, y=0.00609742221839097, z=0.6982740230259427), 492727000000, 
0.11454636242019434, 0.3770067995229778, geometry_msgs.msg.Vector3(x=0.019336649294900445, y=0.00612442132538168, z=0.6979901135565884), 492732000000, 
0.10164156988610602, 0.35236082592675433, geometry_msgs.msg.Vector3(x=0.019780563447785393, y=0.00629554966855961, z=0.6983451352890785), 492737000000, 
-1.5590278576749361, -0.5987619106780984, 0.11032236541024872, 492737000000, 
0.10433692980390742, 0.37763822878843656, geometry_msgs.msg.Vector3(x=0.019949787948787486, y=0.006672738445473333, z=0.6987512108633265), 492742000000, 
0.10705709134058437, 0.3556106825028199, geometry_msgs.msg.Vector3(x=0.020034047127013448, y=0.007080900719349257, z=0.6986130857707544), 492747000000, 
0.10184818419198763, 0.36269056221585766, geometry_msgs.msg.Vector3(x=0.019869864866186242, y=0.007158175037214493, z=0.6986687528335739), 492752000000, 
0.09040787745921161, 0.3523147102565503, geometry_msgs.msg.Vector3(x=0.019921533751187853, y=0.007422758275809908, z=0.6986512785269523), 492757000000, 
0.08644411815758982, 0.36730059014674116, geometry_msgs.msg.Vector3(x=0.01989279970218046, y=0.007393800584672285, z=0.6988184634953885), 492762000000, 
0.09364241737503907, 0.36265596326873395, geometry_msgs.msg.Vector3(x=0.02002511859479591, y=0.00842199276483534, z=0.6987287291370189), 492767000000, 
-1.5421977123427915, -0.5966907457166174, 0.1340878493748107, 492771000000, 
0.10055530537693623, 0.34422165775431024, geometry_msgs.msg.Vector3(x=0.02006125617046913, y=0.008022488896148162, z=0.698757032339005), 492772000000, 
0.06749092439976845, 0.37326516409854354, geometry_msgs.msg.Vector3(x=0.020103778730382493, y=0.008392648232248268, z=0.6983604636845765), 492779000000, 
0.06872526548525647, 0.3795296262924225, geometry_msgs.msg.Vector3(x=0.019973246568856354, y=0.008364595286667276, z=0.6987103852576884), 492784000000, 
0.10539604496705354, 0.37414473111918645, geometry_msgs.msg.Vector3(x=0.019938630429590095, y=0.009196425354555005, z=0.6988982460135743), 492789000000, 
0.0597577712875456, 0.36691386671426246, geometry_msgs.msg.Vector3(x=0.01978356073113323, y=0.009535529797746894, z=0.6985683386982925), 492794000000, 
0.07071577406131574, 0.408759696811335, geometry_msgs.msg.Vector3(x=0.019957828373135686, y=0.009396383083175672, z=0.6985935819377554), 492799000000, 
0.11169736581495397, 0.6182152836458971, geometry_msgs.msg.Vector3(x=0.019822659208492053, y=0.009925301581022696, z=0.6983581054351741), 492804000000, 
-1.5254208367639353, -0.5942335994727308, 0.15785288913636022, 492805000000, 
0.12959967373044637, 0.7606945059759266, geometry_msgs.msg.Vector3(x=0.019937575450652778, y=0.010600664910246626, z=0.6983147520478974), 492809000000, 
-0.15180031282424433, 0.6911277932550328, geometry_msgs.msg.Vector3(x=0.020027198207902434, y=0.010620580841148825, z=0.6999231391712233), 492814000000, 
0.02184241309566106, 0.5704059057754086, geometry_msgs.msg.Vector3(x=0.01996590493423849, y=0.010582682668713416, z=0.7028509201604541), 492819000000, 
0.0281922073011157, 0.43677239980772337, geometry_msgs.msg.Vector3(x=0.02001128793107127, y=0.011257167923240231, z=0.7075126574684523), 492824000000, 
0.01889812774716458, 0.4159023702511369, geometry_msgs.msg.Vector3(x=0.019750197739989112, y=0.011156450686873796, z=0.7124360518194), 492829000000, 
0.031038578500382167, 0.3791125987116107, geometry_msgs.msg.Vector3(x=0.020035523781647257, y=0.01169887276301483, z=0.7184379889908065), 492834000000, 
-1.5087664412634554, -0.591398763440437, 0.18193656516886014, 492839000000, 
0.04663013565352972, 0.34917348551194305, geometry_msgs.msg.Vector3(x=0.019760665116548934, y=0.011975771767665405, z=0.7245256241576659), 492839000000, 
0.04084155252436833, 0.39202161318712686, geometry_msgs.msg.Vector3(x=0.019614811800799627, y=0.012067124548852427, z=0.7305508454462278), 492844000000, 
0.08230082711601505, 0.36421905457693715, geometry_msgs.msg.Vector3(x=0.019601472166611553, y=0.012525183065067311, z=0.736106908758772), 492849000000, 
0.12127537636511923, 0.38920362090531646, geometry_msgs.msg.Vector3(x=0.020101852077979286, y=0.012960121264724407, z=0.7408383324473776), 492854000000, 
0.12425981865711727, 0.3820371946336847, geometry_msgs.msg.Vector3(x=0.01972638616198995, y=0.013000285831527273, z=0.7441199232541226), 492859000000, 
0.1443710550622948, 0.40192307491377227, geometry_msgs.msg.Vector3(x=0.019502991208535877, y=0.013152755222152807, z=0.7465916964675131), 492864000000, 
0.10880572370941306, 0.4128801129444941, geometry_msgs.msg.Vector3(x=0.0193670951348971, y=0.013353079855156531, z=0.7477644138008939), 492869000000, 
-1.492220127034299, -0.5881392211484204, 0.20713017024896704, 492873000000, 
0.1549767730547877, 0.39807196907692716, geometry_msgs.msg.Vector3(x=0.019366230230033553, y=0.01394909440835087, z=0.747467582650732), 492874000000, 
0.15446335218344615, 0.399254444468517, geometry_msgs.msg.Vector3(x=0.019189948468133954, y=0.014269782869886461, z=0.7461119838893963), 492879000000, 
0.10407991137004811, 0.39172919671748396, geometry_msgs.msg.Vector3(x=0.0190854023996472, y=0.014408387631392744, z=0.7439573133952367), 492884000000, 
0.1283317101188602, 0.4008631814631683, geometry_msgs.msg.Vector3(x=0.019032697133236093, y=0.014489384258538842, z=0.7417749289908522), 492889000000, 
0.12612937004636518, 0.4022988510133124, geometry_msgs.msg.Vector3(x=0.01906615821047279, y=0.014997917256553339, z=0.7380914220327873), 492894000000, 
0.10420589916429973, 0.38629229406463733, geometry_msgs.msg.Vector3(x=0.0185348946297949, y=0.01533034708891074, z=0.7347959306380731), 492899000000, 
0.07718310884890744, 0.4347536659135641, geometry_msgs.msg.Vector3(x=0.018430308963715256, y=0.015395279895830078, z=0.731008191297467), 492904000000, 
-1.4757615100297143, -0.5844617968843284, 0.23230658091829268, 492907000000, 
0.11025629304156079, 0.381636662894981, geometry_msgs.msg.Vector3(x=0.01833465196774348, y=0.015685085039897125, z=0.7278873129522248), 492909000000, 
0.02887006524228553, 0.39026325065390305, geometry_msgs.msg.Vector3(x=0.01827438471088973, y=0.016016090602813383, z=0.7249828596356944), 492914000000, 
0.06858598733022303, 0.38734442993073076, geometry_msgs.msg.Vector3(x=0.01776731860574598, y=0.016232908072922124, z=0.7219993092197609), 492920000000, 
0.03004403772275984, 0.3834636525834824, geometry_msgs.msg.Vector3(x=0.017840769284876573, y=0.01673809786891138, z=0.720659273944722), 492925000000, 
0.04232855140369223, 0.36722180848909775, geometry_msgs.msg.Vector3(x=0.01782318181586092, y=0.016757958581386474, z=0.720092775644332), 492931000000, 
0.022888778390399885, 0.4046852121185465, geometry_msgs.msg.Vector3(x=0.01774321852838514, y=0.0174446345785725, z=0.7195508523238959), 492936000000, 
0.051607332231685475, 0.41275716647313, geometry_msgs.msg.Vector3(x=0.01757711906581014, y=0.01716123494241329, z=0.7202047840948358), 492941000000, 
-1.4593855574961232, -0.5803732835430201, 0.2568793746082612, 492941000000, 
0.05376698861026214, 0.4110555890729152, geometry_msgs.msg.Vector3(x=0.01716845286235943, y=0.01754151374613223, z=0.721622735447434), 492946000000, 
0.016449361772233707, 0.42110047234697706, geometry_msgs.msg.Vector3(x=0.017195523699235257, y=0.018302139056616273, z=0.7230105356437073), 492951000000, 
0.06067101061687374, 0.42280514986737183, geometry_msgs.msg.Vector3(x=0.016880682521996815, y=0.018894105881457374, z=0.7252120066140305), 492956000000, 
0.05555375015684369, 0.40812823752962013, geometry_msgs.msg.Vector3(x=0.01724007243562825, y=0.0186026127407721, z=0.7273539092487243), 492961000000, 
0.06531035560092653, 0.4333467826795585, geometry_msgs.msg.Vector3(x=0.016640608008951993, y=0.018448089990223734, z=0.7290912929483783), 492966000000, 
0.0630280944395219, 0.40182774848660985, geometry_msgs.msg.Vector3(x=0.016395717196058694, y=0.019102378095930607, z=0.7310800542488308), 492971000000, 
-1.4431163021643185, -0.5758838577566281, 0.2815861690385983, 492975000000, 
0.08804248997357716, 0.40274380646625985, geometry_msgs.msg.Vector3(x=0.01618882973589492, y=0.019205840919147076, z=0.7330143431325906), 492976000000, 
0.05500493932315127, 0.4094322011971054, geometry_msgs.msg.Vector3(x=0.016662964657632617, y=0.01930558065373236, z=0.7342996950961135), 492981000000, 
0.10187293359754451, 0.4168861374476034, geometry_msgs.msg.Vector3(x=0.016305926235846393, y=0.019846694860814727, z=0.7353651001842368), 492986000000, 
0.08121878405783803, 0.4154708357359926, geometry_msgs.msg.Vector3(x=0.015577795030842223, y=0.01978242695746259, z=0.7362843207630149), 492991000000, 
0.11943988494812126, 0.3911070215294149, geometry_msgs.msg.Vector3(x=0.016055767081071197, y=0.020325543651215902, z=0.7362948424950932), 492996000000, 
0.11012708630116246, 0.42255210759340256, geometry_msgs.msg.Vector3(x=0.015732686198009528, y=0.020638278096224805, z=0.7363536544500758), 493001000000, 
0.09516257489541095, 0.3960560739390843, geometry_msgs.msg.Vector3(x=0.01531925599058877, y=0.020870455339950775, z=0.7353909712430623), 493006000000, 
-1.4269691668046582, -0.5709921768914162, 0.3066034777619409, 493009000000, 
0.05075067212348321, 0.3878201379050648, geometry_msgs.msg.Vector3(x=0.01543958081796747, y=0.021298415466331374, z=0.7347476911684628), 493011000000, 
0.07256274476652474, 0.3775460044682893, geometry_msgs.msg.Vector3(x=0.015640156552496176, y=0.021540849725786987, z=0.7321521685928415), 493018000000, 
0.07612343550948408, 0.4393840963269544, geometry_msgs.msg.Vector3(x=0.015572098019614766, y=0.021240060586583027, z=0.7316278461088023), 493023000000, 
0.09026494235005288, 0.411735726143982, geometry_msgs.msg.Vector3(x=0.015287275991364481, y=0.021551451453023066, z=0.7300403154253768), 493028000000, 
0.07448533457660615, 0.42218879250855634, geometry_msgs.msg.Vector3(x=0.01533685978126058, y=0.021654860423990875, z=0.7287963485496662), 493033000000, 
0.052547217503839755, 0.4256552318694622, geometry_msgs.msg.Vector3(x=0.014902499621568404, y=0.021594612539522114, z=0.7274762931337646), 493038000000, 
0.05555268258660399, 0.41577855746326564, geometry_msgs.msg.Vector3(x=0.0149308261377139, y=0.021978056875248984, z=0.726700413351199), 493043000000, 
-1.4109458731055806, -0.5657000511710732, 0.3314565117009643, 493043000000, 
0.08029371259073642, 0.3849717222941795, geometry_msgs.msg.Vector3(x=0.01469415323699115, y=0.02229183961154651, z=0.7263671555218589), 493048000000, 
0.06667269305696498, 0.42910910140971587, geometry_msgs.msg.Vector3(x=0.014476388584107923, y=0.022326527914264784, z=0.7262063171522111), 493053000000, 
0.004444483326626836, 0.42826885837627615, geometry_msgs.msg.Vector3(x=0.01436797581064339, y=0.02204506171830918, z=0.7257740608370461), 493058000000, 
0.05367373347865155, 0.37295685016713787, geometry_msgs.msg.Vector3(x=0.01442403096489981, y=0.02258905270869136, z=0.7261600779274158), 493063000000, 
0.04890716546968659, 0.4123082576872185, geometry_msgs.msg.Vector3(x=0.01406966696087296, y=0.022764265354191, z=0.7270358846805995), 493068000000, 
0.017333118081887464, 0.4114328761519744, geometry_msgs.msg.Vector3(x=0.013994533622417692, y=0.02316766558622716, z=0.7273675111972356), 493073000000, 
-1.3950564699333363, -0.5600119592897055, 0.3561704944322261, 493077000000, 
0.050568835807147876, 0.4357457316822008, geometry_msgs.msg.Vector3(x=0.013829691147999621, y=0.022803054363070077, z=0.7281368788318953), 493078000000, 
0.062847768808908, 0.39924081812044454, geometry_msgs.msg.Vector3(x=0.013757157591951381, y=0.022938414075718463, z=0.7289417091248421), 493084000000, 
0.046524459361706384, 0.4287157609378972, geometry_msgs.msg.Vector3(x=0.013693456043321681, y=0.023328291917434567, z=0.7303620930226821), 493089000000, 
0.05741659649282925, 0.4161707010146948, geometry_msgs.msg.Vector3(x=0.013457961764059568, y=0.023457888310930944, z=0.7306605911724492), 493094000000, 
0.08725870028715753, 0.42115860074259903, geometry_msgs.msg.Vector3(x=0.013141321899779634, y=0.02331396599615468, z=0.7320023467568221), 493099000000, 
0.05372370266152465, 0.41570978016851984, geometry_msgs.msg.Vector3(x=0.013110611878857332, y=0.02343073783439637, z=0.7320997385253577), 493104000000, 
0.03634247769160065, 0.4195990611402125, geometry_msgs.msg.Vector3(x=0.01296545676941661, y=0.02385018574307822, z=0.7327818195125215), 493109000000, 
-1.379314604277232, -0.5539330064215565, 0.38102802407321784, 493111000000, 
0.19187459761266829, 0.36575879771344333, geometry_msgs.msg.Vector3(x=0.012574782602276758, y=0.02397046867627336, z=0.7318877933575935), 493114000000, 
0.24435234557161273, 0.3269523497072111, geometry_msgs.msg.Vector3(x=0.012502241647743325, y=0.024609261135898862, z=0.7307076624457541), 493119000000, 
-0.09021206178847367, 0.13160413382145153, geometry_msgs.msg.Vector3(x=0.012323991902510404, y=0.02436579742697617, z=0.7280607765041673), 493124000000, 
0.12910094983422654, 0.165439862420852, geometry_msgs.msg.Vector3(x=0.01219356580806793, y=0.02477973633435877, z=0.7258000648253959), 493129000000, 
0.041114945763308125, 0.45196260031245633, geometry_msgs.msg.Vector3(x=0.011957430263780076, y=0.025255635871014478, z=0.7229507272762926), 493134000000, 
0.06270572652681627, 0.2889098051198129, geometry_msgs.msg.Vector3(x=0.011388267998665715, y=0.02488335214558769, z=0.7206193624436303), 493139000000, 
0.10422786224828764, 0.3457247182667988, geometry_msgs.msg.Vector3(x=0.011325859025842596, y=0.025058149546437845, z=0.7177494028332305), 493144000000, 
-1.3636859441425992, -0.5474938383552566, 0.4057146705311496, 493145000000, 
0.040897323434730126, 0.44427437486055116, geometry_msgs.msg.Vector3(x=0.010979116568530272, y=0.025266387415640183, z=0.7155200699020109), 493149000000, 
-0.029895986865286883, 0.3681064783884886, geometry_msgs.msg.Vector3(x=0.010937011262955976, y=0.025339930535972534, z=0.7135072808917243), 493154000000, 
0.020967300437800485, 0.45857363396632145, geometry_msgs.msg.Vector3(x=0.01068190844755265, y=0.025549622098672706, z=0.7119031377035288), 493159000000, 
0.030468523121958267, 0.4867492160139548, geometry_msgs.msg.Vector3(x=0.010598204702814399, y=0.025801337180208057, z=0.7102859091695722), 493164000000, 
0.04261743603308844, 0.45543423199379746, geometry_msgs.msg.Vector3(x=0.010211456589267282, y=0.02584738212006173, z=0.7094772036642536), 493169000000, 
0.057557623941747196, 0.39408020348938405, geometry_msgs.msg.Vector3(x=0.01021978818867795, y=0.026075959257563074, z=0.709116022234324), 493174000000, 
0.04007050103048286, 0.3977816796821259, geometry_msgs.msg.Vector3(x=0.00995602485005737, y=0.0258819306554804, z=0.707827768001261), 493179000000, 
-1.3482045017831403, -0.5406473133640816, 0.4299162959120371, 493179000000, 
0.02033444346447403, 0.43324495864533563, geometry_msgs.msg.Vector3(x=0.009704270422542004, y=0.026313460674447904, z=0.706519535139806), 493184000000, 
0.02920248491628954, 0.4121551817929391, geometry_msgs.msg.Vector3(x=0.009589247922645287, y=0.026529379057793703, z=0.7056727755122864), 493189000000, 
0.050441803980334654, 0.4250686486271961, geometry_msgs.msg.Vector3(x=0.009080714187061958, y=0.026001406561127365, z=0.7049765476519559), 493194000000, 
0.0371602867046671, 0.40730453137530304, geometry_msgs.msg.Vector3(x=0.009224328901137441, y=0.02671033849151563, z=0.7044439000934306), 493199000000, 
0.05271069441120137, 0.414500734379821, geometry_msgs.msg.Vector3(x=0.008960745532420204, y=0.027158834407519348, z=0.7037952597138021), 493204000000, 
0.04097525632347748, 0.4203272804571923, geometry_msgs.msg.Vector3(x=0.008827493584565426, y=0.027313226737380313, z=0.7030932441191223), 493209000000, 
-1.3328842551052598, -0.5333974150303796, 0.45388602251172333, 493213000000, 
0.02931184389679803, 0.4153085145126302, geometry_msgs.msg.Vector3(x=0.009194388030856532, y=0.02709913635098654, z=0.7023262376076127), 493214000000, 
0.039534452552932794, 0.42372115777786434, geometry_msgs.msg.Vector3(x=0.008525227311309468, y=0.027851667260521618, z=0.7020655315191257), 493219000000, 
0.0045666480471619544, 0.4484303222417724, geometry_msgs.msg.Vector3(x=0.00863992434946017, y=0.027678267671351474, z=0.7016290862112423), 493224000000, 
0.03087319804691621, 0.41277935053972736, geometry_msgs.msg.Vector3(x=0.008257993452612425, y=0.027466282643124004, z=0.700978107686932), 493229000000, 
0.025484882078142874, 0.4144226769971009, geometry_msgs.msg.Vector3(x=0.00812005134837149, y=0.027702554076660287, z=0.7005079091477959), 493234000000, 
-0.00402037174462103, 0.4360987338657955, geometry_msgs.msg.Vector3(x=0.008160795991786367, y=0.02828385498443272, z=0.7004441996287631), 493239000000, 
0.0559365126685054, 0.3986371170168383, geometry_msgs.msg.Vector3(x=0.007935707541860943, y=0.02804331052249206, z=0.7000778236829629), 493244000000, 
-1.317731437357071, -0.525778592199826, 0.4777263206003139, 493247000000, 
0.041398472219664986, 0.39887355515350265, geometry_msgs.msg.Vector3(x=0.007648602479235379, y=0.028255214107007934, z=0.699372797166781), 493249000000, 
0.05157786239114917, 0.43479217152437877, geometry_msgs.msg.Vector3(x=0.007361071572329208, y=0.02859877531778451, z=0.6992459206213153), 493254000000, 
0.03758573417885193, 0.3615121346212039, geometry_msgs.msg.Vector3(x=0.007252265699803492, y=0.028445080237739562, z=0.6989880144025964), 493259000000, 
-0.018397973304742233, 0.39535923548890195, geometry_msgs.msg.Vector3(x=0.007245641852455558, y=0.02884498363937422, z=0.6985865886972263), 493264000000, 
0.01576632224615937, 0.40026689163444007, geometry_msgs.msg.Vector3(x=0.007032690815569031, y=0.028935804028162784, z=0.6983348727325285), 493269000000, 
0.013787500653856356, 0.4374256356374652, geometry_msgs.msg.Vector3(x=0.006904315900445781, y=0.029065674506345063, z=0.6982664691056323), 493274000000, 
0.025772287969004687, 0.42715717851958956, geometry_msgs.msg.Vector3(x=0.00692086173948039, y=0.029033093559081322, z=0.6979408279298576), 493279000000, 
-1.3027577836473, -0.5177982126458035, 0.501488468744227, 493281000000, 
0.03762830102419515, 0.4087933969505298, geometry_msgs.msg.Vector3(x=0.006293827919700245, y=0.0297525074927565, z=0.6978543766253333), 493284000000, 
0.04740211907539759, 0.4146547727042082, geometry_msgs.msg.Vector3(x=0.0064361361186408336, y=0.02950138991375466, z=0.6973708943185705), 493289000000, 
0.022177240635857957, 0.4098009166169556, geometry_msgs.msg.Vector3(x=0.005946915364648818, y=0.029624323286187575, z=0.6975289463426303), 493294000000, 
0.02127642370761633, 0.40086481482641084, geometry_msgs.msg.Vector3(x=0.005835551179793397, y=0.030146000877643558, z=0.6971645082152622), 493299000000, 
0.03598108426647086, 0.4225184539992526, geometry_msgs.msg.Vector3(x=0.005573690950593581, y=0.030176789805023838, z=0.6966471421761316), 493304000000, 
0.015819153322146288, 0.4177031357343965, geometry_msgs.msg.Vector3(x=0.005768170582191704, y=0.02990168219352489, z=0.696844525663678), 493309000000, 
0.018371627927765137, 0.4404552769068625, geometry_msgs.msg.Vector3(x=0.005682683218686812, y=0.03027594309453853, z=0.6963305069638839), 493314000000, 
-1.2879732168362905, -0.5094621775755701, 0.5251993706620843, 493315000000, 
0.02485076007406789, 0.4153860403456524, geometry_msgs.msg.Vector3(x=0.005305649673960766, y=0.030717186307334284, z=0.6963471589081901), 493319000000, 
0.010800165600823431, 0.39123377882688376, geometry_msgs.msg.Vector3(x=0.005360822761395411, y=0.030853461462840515, z=0.6963787281523496), 493324000000, 
0.014365968900835177, 0.4044246641806984, geometry_msgs.msg.Vector3(x=0.004729701790499782, y=0.030712621892669493, z=0.696357587707401), 493329000000, 
0.0009766801926854697, 0.40584410153462175, geometry_msgs.msg.Vector3(x=0.005045059821226928, y=0.03133641117288787, z=0.69627522447517), 493334000000, 
-0.004242838262567846, 0.4207171985938416, geometry_msgs.msg.Vector3(x=0.004846406241964329, y=0.030797891397161985, z=0.6963445258807563), 493339000000, 
0.0020772767075971877, 0.3966691721535911, geometry_msgs.msg.Vector3(x=0.00467209945857077, y=0.03144085992634357, z=0.6961797155443433), 493344000000, 
-0.021489966311146223, 0.441694200767447, geometry_msgs.msg.Vector3(x=0.00424438207984318, y=0.031710410117476155, z=0.6956947993432826), 493349000000, 
-1.2733872763348817, -0.5007772887801032, 0.5488723622468021, 493349000000, 
-0.01698271469282469, 0.4194995018816321, geometry_msgs.msg.Vector3(x=0.004065896847011862, y=0.03161244930724592, z=0.6952382768728612), 493354000000, 
0.00544547210622128, 0.40513242691483703, geometry_msgs.msg.Vector3(x=0.004106066112507928, y=0.03177432139185721, z=0.6952072293759874), 493359000000, 
0.021106349613466503, 0.3852402844235531, geometry_msgs.msg.Vector3(x=0.004172934354418577, y=0.031962941759451656, z=0.6953051049092577), 493364000000, 
8.109018886960553e-05, 0.39521754468637305, geometry_msgs.msg.Vector3(x=0.0035154048378774933, y=0.03205452527139845, z=0.6951748950725165), 493369000000, 
0.03959588421605885, 0.3723724851469378, geometry_msgs.msg.Vector3(x=0.003466002320318034, y=0.03249469702066258, z=0.6947061413477101), 493374000000, 
0.0025423217611534174, 0.4461020943268895, geometry_msgs.msg.Vector3(x=0.0036759945768572557, y=0.032154991827526555, z=0.6950656763115582), 493379000000, 
-1.2590082939250855, -0.491748606260439, 0.572516807997072, 493383000000, 
-0.02738167802404374, 0.42211347067377214, geometry_msgs.msg.Vector3(x=0.0030129035270434544, y=0.032558806161940436, z=0.6947246852518821), 493384000000, 
-0.039355563782841045, 0.43439108529461046, geometry_msgs.msg.Vector3(x=0.003536828194928373, y=0.032868217888833734, z=0.6946605781644951), 493389000000, 
-0.04076783349934905, 0.3849777298095819, geometry_msgs.msg.Vector3(x=0.0030073235716587044, y=0.03282123738363992, z=0.6951547266977731), 493394000000, 
-0.01746257670806052, 0.3869716708084709, geometry_msgs.msg.Vector3(x=0.003106442917451017, y=0.03310362547135012, z=0.6947435935633527), 493399000000, 
-0.0116991079608505, 0.36222982078486676, geometry_msgs.msg.Vector3(x=0.0029022741195004367, y=0.032879427820298616, z=0.6945302245626017), 493404000000, 
-0.042147460655278725, 0.31131706180838814, geometry_msgs.msg.Vector3(x=0.0029692994093210856, y=0.03294603824283023, z=0.6954567277553428), 493409000000, 
-0.06552947396581356, 0.4506383832712589, geometry_msgs.msg.Vector3(x=0.002775097300572918, y=0.0334288861911757, z=0.6977631700780639), 493414000000, 
-1.2448595481304445, -0.48239837550083753, 0.59616604747732, 493417000000, 
0.035363515248603254, 0.4766239217333696, geometry_msgs.msg.Vector3(x=0.002479214277293736, y=0.03341245922882421, z=0.7004657915061476), 493419000000, 
-0.10492607724342692, 0.5248489369497351, geometry_msgs.msg.Vector3(x=0.0023303669565143347, y=0.03369368936813797, z=0.7039410156937161), 493424000000, 
-0.11559542258170268, 0.4802573525394386, geometry_msgs.msg.Vector3(x=0.00257574913557397, y=0.03428616937659563, z=0.7083153834191861), 493429000000, 
-0.08462560973681989, 0.3854232242952403, geometry_msgs.msg.Vector3(x=0.0019480550592055708, y=0.033942333619577006, z=0.7123874232882559), 493434000000, 
-0.0892633180010119, 0.4064942113842291, geometry_msgs.msg.Vector3(x=0.002067600773451739, y=0.03417681895423164, z=0.7158095551657337), 493439000000, 
-0.05451376827517855, 0.41165295838786625, geometry_msgs.msg.Vector3(x=0.0013865664896342276, y=0.03454658854420022, z=0.721875732181312), 493444000000, 
-0.05210701618066632, 0.43761019490416, geometry_msgs.msg.Vector3(x=0.0016605735039020924, y=0.034669318282550154, z=0.7245699479586731), 493449000000, 
-1.2309775859237784, -0.472727967934608, 0.6203966685702981, 493451000000, 
-0.08568312024852995, 0.4076276607742908, geometry_msgs.msg.Vector3(x=0.0014414690797187948, y=0.03489533626921475, z=0.7289488867999949), 493454000000, 
-0.029005110497423485, 0.4366331443885532, geometry_msgs.msg.Vector3(x=0.0015752622660123617, y=0.0346785072676989, z=0.7328373631214345), 493459000000, 
-0.02499236050869052, 0.4329552383232972, geometry_msgs.msg.Vector3(x=0.0011329619467184502, y=0.03484318280986466, z=0.7368010403017377), 493464000000, 
0.006995831434708158, 0.41876735298770795, geometry_msgs.msg.Vector3(x=0.0012589718102478953, y=0.03498243485273193, z=0.7396573152607291), 493469000000, 
-0.006887786740909439, 0.4183621639781267, geometry_msgs.msg.Vector3(x=0.000835524639369144, y=0.03559221236878038, z=0.7420512667260319), 493474000000, 
0.0225606663101178, 0.38781908804262233, geometry_msgs.msg.Vector3(x=0.0009101067803771051, y=0.03514735142767438, z=0.7433002333811434), 493479000000, 
0.008761461339832601, 0.42045092368069953, geometry_msgs.msg.Vector3(x=0.0008976816429000817, y=0.03552624396983226, z=0.744197007349892), 493484000000, 
-1.2173704153323688, -0.4627491854009325, 0.6455010135777512, 493485000000, 
-0.02379686601366807, 0.4085795884000694, geometry_msgs.msg.Vector3(x=0.0010062745838629167, y=0.03548906100948884, z=0.7432300958332747), 493489000000, 
0.04020309293901414, 0.4110016097539412, geometry_msgs.msg.Vector3(x=0.0004899880161640086, y=0.0356533753732523, z=0.7424980443834287), 493494000000, 
-0.01845593019153003, 0.42478788255266053, geometry_msgs.msg.Vector3(x=0.00042447595785574254, y=0.035648694377953025, z=0.7408316092695073), 493499000000, 
-0.005281073452446605, 0.42219052916987987, geometry_msgs.msg.Vector3(x=0.00036676370757667237, y=0.03616585734002196, z=0.7387511717010382), 493504000000, 
-0.025588020627727606, 0.44279946127577696, geometry_msgs.msg.Vector3(x=0.00030334622885123106, y=0.036125033495275814, z=0.7364823296276145), 493509000000, 
0.012146586910552468, 0.41205832387737146, geometry_msgs.msg.Vector3(x=0.0003855050949851768, y=0.03650482651958421, z=0.7336588691815202), 493514000000, 
-0.024395106316032894, 0.4213955432991448, geometry_msgs.msg.Vector3(x=7.85395081080247e-05, y=0.03597403078908707, z=0.7314659787133494), 493519000000, 
-1.2040204164130426, -0.45243213158906337, 0.6706355139275356, 493519000000, 
-0.056097378029535724, 0.3958309479396567, geometry_msgs.msg.Vector3(x=0.00011778491356760592, y=0.036288480028771435, z=0.7289318260266718), 493524000000, 
-0.06894349602801997, 0.4237733951269063, geometry_msgs.msg.Vector3(x=0.00030032982811346854, y=0.036479899630697976, z=0.7269514362242164), 493529000000, 
-0.059901053192672644, 0.43513847631042335, geometry_msgs.msg.Vector3(x=0.00021606081566679486, y=0.03701258124326948, z=0.725106666885743), 493534000000, 
0.09780275363374771, 0.4712303773677464, geometry_msgs.msg.Vector3(x=4.122191523642032e-05, y=0.03603199533613908, z=0.7243479027906099), 493539000000, 
-0.037526995535634225, 0.36965815337301305, geometry_msgs.msg.Vector3(x=0.0003164199421470532, y=0.035873649693252865, z=0.7222642099863881), 493544000000, 
-0.14278495663495164, 0.46337249884691134, geometry_msgs.msg.Vector3(x=-3.674291344135323e-05, y=0.03592786183374422, z=0.7180719467643688), 493549000000, 
-1.1909078308981114, -0.44176267059909774, 0.6952776879542407, 493553000000, 
0.0610322508056034, 0.39761343959111933, geometry_msgs.msg.Vector3(x=0.00026663940329856457, y=0.0355891744636852, z=0.7159423159576038), 493554000000, 
0.03016085960179964, 0.40182490630138207, geometry_msgs.msg.Vector3(x=0.0004227992638655839, y=0.034969469848584414, z=0.7129542362825445), 493559000000, 
-0.003897542857596345, 0.3748375704402773, geometry_msgs.msg.Vector3(x=-0.00012671898797352274, y=0.034687465312859836, z=0.7090301665032618), 493564000000, 
-0.07564734539814215, 0.40729361671429815, geometry_msgs.msg.Vector3(x=-1.1370815045638275e-05, y=0.03389322237642973, z=0.7036421588935579), 493570000000, 
-0.19063468188688443, 0.490123167814533, geometry_msgs.msg.Vector3(x=0.00012233728059993197, y=0.033373333918628054, z=0.7017996814688326), 493575000000, 
-0.1305043654047996, 0.48497974646776987, geometry_msgs.msg.Vector3(x=5.984953279715388e-05, y=0.032761683921770965, z=0.6979653508255623), 493580000000, 
-0.1882589471249515, 0.2698467489799757, geometry_msgs.msg.Vector3(x=-8.958299452677639e-06, y=0.03218163318906912, z=0.6964559231107826), 493585000000, 
-1.1780277087211712, -0.4307475099047761, 0.7192431129345342, 493587000000, 
-0.09905456833195396, 0.28986324141867564, geometry_msgs.msg.Vector3(x=-4.623219204847889e-05, y=0.031523009650537566, z=0.6967879174274088), 493590000000, 
0.07629877680205699, 0.4521333462685243, geometry_msgs.msg.Vector3(x=0.00021728073307245827, y=0.03122970980009386, z=0.6983258009637261), 493595000000, 
0.04319258193477571, 0.4352974682073386, geometry_msgs.msg.Vector3(x=0.0004074501497900207, y=0.030585280290295287, z=0.6995776411622712), 493600000000, 
-0.049749920661168, 0.407823531325328, geometry_msgs.msg.Vector3(x=-0.0003268434110455065, y=0.030062162614010193, z=0.7012540964378349), 493605000000, 
-0.08841080987731478, 0.4250523757399201, geometry_msgs.msg.Vector3(x=0.00010639782619686988, y=0.029400981578842557, z=0.7021769633604866), 493610000000, 
-0.09185361235211649, 0.3899176368046151, geometry_msgs.msg.Vector3(x=-0.00010045798119509944, y=0.028999314109510434, z=0.7031662770096815), 493615000000, 
-0.07803549375212306, 0.39307547161968565, geometry_msgs.msg.Vector3(x=-0.00022707403925729318, y=0.02826297475050542, z=0.7036271019636985), 493620000000, 
-1.1654020760254518, -0.4194361001112436, 0.7430698072588439, 493621000000, 
-0.10069706697964817, 0.4022509624310776, geometry_msgs.msg.Vector3(x=-0.00019580518699422407, y=0.028018396291295093, z=0.7039914274897058), 493627000000, 
-0.09198663871934423, 0.39402170430170597, geometry_msgs.msg.Vector3(x=-0.0003540151528883803, y=0.02714016596660116, z=0.7038773034959404), 493632000000, 
-0.08036517558986758, 0.3892729461126243, geometry_msgs.msg.Vector3(x=-0.0005922467242365798, y=0.026476514434124444, z=0.7031855677082222), 493637000000, 
-0.09396466635289588, 0.4032038156482629, geometry_msgs.msg.Vector3(x=-0.00024369261042029552, y=0.025950021534051237, z=0.7025374545046874), 493642000000, 
-0.07137520224584194, 0.4137376322277579, geometry_msgs.msg.Vector3(x=-0.00012548187135706215, y=0.025615429518659086, z=0.702344597078418), 493647000000, 
-0.08369079636909327, 0.4434498244704109, geometry_msgs.msg.Vector3(x=-0.0002307860351857427, y=0.02509919292642411, z=0.7009400049976651), 493652000000, 
-1.1530446272192245, -0.40781532715627167, 0.7669708991557308, 493655000000, 
-0.06164956682365026, 0.3979487796156028, geometry_msgs.msg.Vector3(x=-0.0003110922002097545, y=0.02442318254226556, z=0.7001219315030571), 493657000000, 
-0.0903753564472088, 0.4374710925531232, geometry_msgs.msg.Vector3(x=-0.0003515387992981772, y=0.023899018366454666, z=0.6993810920608232), 493662000000, 
-0.0712272703831387, 0.4034564531881903, geometry_msgs.msg.Vector3(x=-0.00048776390390771127, y=0.02335043756646254, z=0.6989353829571507), 493667000000, 
-0.0926637922666572, 0.39713756529659816, geometry_msgs.msg.Vector3(x=-0.0006075458182652916, y=0.022030159365607295, z=0.6982786150919225), 493672000000, 
-0.06763771978885716, 0.400151918219605, geometry_msgs.msg.Vector3(x=-0.0010029605431299484, y=0.0221630050029057, z=0.6978807900236067), 493677000000, 
-0.1293841071720795, 0.39757295595854686, geometry_msgs.msg.Vector3(x=-0.0008327008117947092, y=0.021669753111259793, z=0.6978115316859778), 493682000000, 
-0.10554008335803292, 0.40634560862492747, geometry_msgs.msg.Vector3(x=-0.000392336584053715, y=0.02146102451656184, z=0.6977165844874046), 493687000000, 
-1.1409678878772773, -0.39590437611443074, 0.7907239980037691, 493689000000, 
-0.07888174423492057, 0.40685451949153106, geometry_msgs.msg.Vector3(x=-0.0010358487400081852, y=0.020599716028391227, z=0.6973840822264955), 493692000000, 
-0.10070461776645435, 0.4254460664288034, geometry_msgs.msg.Vector3(x=-0.000653690764640219, y=0.01976129419798369, z=0.6978119722125158), 493697000000, 
-0.08264933847670462, 0.37532959789293696, geometry_msgs.msg.Vector3(x=-0.0008466625761674901, y=0.01939529622616226, z=0.6980195707490332), 493702000000, 
-0.06630247128607171, 0.38485332527278376, geometry_msgs.msg.Vector3(x=-0.0010997124941176494, y=0.019088875940652422, z=0.6984878265021087), 493707000000, 
-0.13651382966015901, 0.3733964607268926, geometry_msgs.msg.Vector3(x=-0.000757869550476532, y=0.018344582130173405, z=0.699428169125592), 493712000000, 
-0.14983848785672207, 0.41105953077180346, geometry_msgs.msg.Vector3(x=-0.0009131635540535898, y=0.01785499253923719, z=0.6997802676690368), 493719000000, 
-1.12917784329999, -0.3837112993555254, 0.8144767899126899, 493723000000, 
-0.11182952714352157, 0.40405358168763517, geometry_msgs.msg.Vector3(x=-0.0013801029541155641, y=0.01717409955988892, z=0.6999810291993299), 493724000000, 
-0.08284062155431768, 0.43840988285255367, geometry_msgs.msg.Vector3(x=-0.0011686284976221031, y=0.016391153861912738, z=0.7006153687066958), 493729000000, 
-0.12085319034598535, 0.39488951258664806, geometry_msgs.msg.Vector3(x=-0.0013540106812124858, y=0.016181883173653842, z=0.7008307198358495), 493734000000, 
-0.09890978291476119, 0.42903396328059584, geometry_msgs.msg.Vector3(x=-0.0010636958148084027, y=0.01536272247942517, z=0.7012463423760662), 493739000000, 
-0.08341812990906619, 0.42111539947713644, geometry_msgs.msg.Vector3(x=-0.001223756929667713, y=0.015062292027915106, z=0.701147293342925), 493744000000, 
-0.09475935262863597, 0.4151658739104069, geometry_msgs.msg.Vector3(x=-0.0011043913582943728, y=0.014499598072065027, z=0.7009828463265009), 493749000000, 
-0.08013114009774157, 0.41154895355146554, geometry_msgs.msg.Vector3(x=-0.0014218779974119987, y=0.014134704216268142, z=0.7010782048618714), 493754000000, 
-1.1176820365282225, -0.37124238877973603, 0.8383095841681014, 493757000000, 
-0.07411430904192899, 0.3868929468259372, geometry_msgs.msg.Vector3(x=-0.0010489744019610515, y=0.013677185639568191, z=0.7006792353247433), 493759000000, 
-0.09222416885542914, 0.4066706176480682, geometry_msgs.msg.Vector3(x=-0.001537050957573715, y=0.013029870781348506, z=0.7006149727711253), 493764000000, 
-0.09820750245014123, 0.3855171660931902, geometry_msgs.msg.Vector3(x=-0.0014972869890837188, y=0.012534797521621576, z=0.7005985410110924), 493769000000, 
-0.07829745701472057, 0.40094418036531954, geometry_msgs.msg.Vector3(x=-0.0013500098600744065, y=0.011966422959979654, z=0.700064760665171), 493774000000, 
-0.0950921139549179, 0.4099764000833697, geometry_msgs.msg.Vector3(x=-0.0009822395732994463, y=0.011075819433034909, z=0.6998909781136957), 493779000000, 
-0.10688593505928648, 0.4155854883610672, geometry_msgs.msg.Vector3(x=-0.0012765431421173257, y=0.010598212085702882, z=0.6993113877810903), 493784000000, 
-0.08578209348638226, 0.4354551077225572, geometry_msgs.msg.Vector3(x=-0.0010010919424667812, y=0.010156185665580289, z=0.6990437076277989), 493789000000, 
-1.106487211093901, -0.3585041467708012, 0.8621138711588688, 493791000000, 
-0.09763614942640186, 0.4345718702714173, geometry_msgs.msg.Vector3(x=-0.0012373950885998253, y=0.009261829124732692, z=0.6988773142967296), 493794000000, 
-0.10511376449485026, 0.37522594543927795, geometry_msgs.msg.Vector3(x=-0.0011882879467933248, y=0.009082067423785183, z=0.6986827366092968), 493799000000, 
-0.08411409560441312, 0.4435525179039703, geometry_msgs.msg.Vector3(x=-0.0013684710256146968, y=0.008460620512870408, z=0.6986150915235685), 493804000000, 
-0.11747069719929948, 0.41789266412177956, geometry_msgs.msg.Vector3(x=-0.0014029235691467696, y=0.007991674301067044, z=0.6987101463555282), 493809000000, 
-0.09467738894806133, 0.413349229980136, geometry_msgs.msg.Vector3(x=-0.0015623826407853915, y=0.007249613748444519, z=0.6989597934884992), 493814000000, 
-0.08173236872482724, 0.4058724040676536, geometry_msgs.msg.Vector3(x=-0.0015566209110877446, y=0.006750932979503832, z=0.6986835845374221), 493819000000, 
-0.10309452732943185, 0.4345482088907639, geometry_msgs.msg.Vector3(x=-0.001441603849884326, y=0.006377302015448182, z=0.6985837144044256), 493824000000, 
-1.095599052679465, -0.34550429037097846, 0.885874635127314, 493825000000, 
-0.09616048537020755, 0.40543819712653767, geometry_msgs.msg.Vector3(x=-0.0016735502315565508, y=0.005576651048169094, z=0.6991406985291817), 493829000000, 
-0.10159798922015773, 0.41931473325004176, geometry_msgs.msg.Vector3(x=-0.0014010656503486315, y=0.00548588973100296, z=0.6995211907676456), 493834000000, 
-0.11768740404586991, 0.43317690224741845, geometry_msgs.msg.Vector3(x=-0.001331871735816881, y=0.004900110771391238, z=0.6991569891001779), 493839000000, 
-0.11399984484807636, 0.4126455688607718, geometry_msgs.msg.Vector3(x=-0.0019341284522532494, y=0.004602048880167541, z=0.7000118365938891), 493844000000, 
-0.08393605815593472, 0.424734773777312, geometry_msgs.msg.Vector3(x=-0.0017349502552353904, y=0.003359238954458548, z=0.6998122736378979), 493849000000, 
-0.11462886740976182, 0.38990591016353593, geometry_msgs.msg.Vector3(x=-0.0020671171396047937, y=0.0033081259436226217, z=0.7000810518533614), 493854000000, 
-0.06922035026955314, 0.40987139159710095, geometry_msgs.msg.Vector3(x=-0.0017809422050294366, y=0.0023819783685466887, z=0.7003802348362552), 493859000000, 
-1.0850237848716788, -0.3322502805311807, 0.9096630466289846, 493859000000, 
-0.08663193786262337, 0.40764218426681426, geometry_msgs.msg.Vector3(x=-0.0018612242476807946, y=0.0023450468431370783, z=0.7005456056606167), 493864000000, 
-9.881137509372348, 1.993752412052369, geometry_msgs.msg.Vector3(x=0.00904415302610436, y=-0.007595399735050095, z=0.7191149062001572), 493869000000, 
-26.182193040282737, 3.682233466780422, geometry_msgs.msg.Vector3(x=0.018030353116475887, y=-0.011664310537851734, z=0.7331248389169672), 493874000000, 
-19.2832045474187, 2.9462127087034493, geometry_msgs.msg.Vector3(x=0.02448708643131753, y=-0.014294820785060908, z=0.7429297778229419), 493879000000, 
-13.768989573349682, 2.014023349594363, geometry_msgs.msg.Vector3(x=0.02901447227561584, y=-0.016831018811099947, z=0.7502756485664631), 493884000000, 
-8.456350927298692, -0.3797618177988019, geometry_msgs.msg.Vector3(x=0.032406395770752036, y=-0.017963220097556003, z=0.7540265966592756), 493889000000, 
-1.0797179304758335, -0.3253195947836214, 0.9348104970077125, 493893000000, 
-1.6807394529729993, -5.668756629853106, geometry_msgs.msg.Vector3(x=0.03543780694061959, y=-0.01980400808635321, z=0.75329386919402), 493895000000, 
-2.138847842882569, -2.544662294052397, geometry_msgs.msg.Vector3(x=0.03707465230821227, y=-0.02004387184246674, z=0.7534799236150712), 493900000000, 
-1.8264104104430758, -1.4983499503092668, geometry_msgs.msg.Vector3(x=0.037882572248922226, y=-0.02071395108403549, z=0.7536460608131383), 493905000000, 
-1.2868467420649734, -0.9717262842771345, geometry_msgs.msg.Vector3(x=0.038645794376007354, y=-0.02122797553619126, z=0.7543505224709705), 493910000000, 
-0.8946862236347238, -0.7271433207343282, geometry_msgs.msg.Vector3(x=0.03936210076300217, y=-0.02086677654170881, z=0.7543167296425395), 493915000000, 
-0.6330369085422367, -0.45583342978976177, geometry_msgs.msg.Vector3(x=0.03983806744787583, y=-0.02141835454547309, z=0.7550213079702928), 493920000000, 
-0.42654295404507775, -0.295651714431991, geometry_msgs.msg.Vector3(x=0.040105587946163174, y=-0.021709153018405897, z=0.7551868706078547), 493925000000, 
-1.0775748292208323, -0.3257183156646057, 0.960575305896401, 493927000000, 
-0.27044196573445833, -0.1601250967397711, geometry_msgs.msg.Vector3(x=0.040696512648464384, y=-0.021516441300733075, z=0.7552825867823605), 493930000000, 
32.232599982788756, 2.8884530267911384, geometry_msgs.msg.Vector3(x=0.04118481413674333, y=-0.028863126886507846, z=0.7743601141692557), 493935000000, 
60.88408021349101, 3.3664438576801534, geometry_msgs.msg.Vector3(x=0.046360233819402366, y=-0.05415487752452221, z=0.8352446814633139), 493940000000, 
1.4639654508407727, -2.4848344526380535, geometry_msgs.msg.Vector3(x=0.05503336250726855, y=-0.06805404701804996, z=0.8726991851458946), 493945000000, 
-28.344220692889742, 6.196404223716048, geometry_msgs.msg.Vector3(x=0.06583930119520486, y=-0.0737748868347707, z=0.8917124458273346), 493950000000, 
-69.44055133333069, -9.112821079015049, geometry_msgs.msg.Vector3(x=0.06345289722332619, y=-0.06453208991286398, z=0.9180541001006195), 493955000000, 
0.09104992966782557, -0.13918077439405396, geometry_msgs.msg.Vector3(x=0.0635662469818879, y=-0.0646167147693436, z=0.9180311375345768), 493960000000, 
-1.0736476897932605, -0.3211918967443604, 0.9898741465542902, 493961000000, 
0.10548900902713787, -0.06962398449262802, geometry_msgs.msg.Vector3(x=0.0638972345909223, y=-0.06434135999198923, z=0.91798635954013), 493965000000, 
0.052658908491706125, -0.0691897184031271, geometry_msgs.msg.Vector3(x=0.06366007471394627, y=-0.06435217078667903, z=0.9176384568118844), 493970000000, 
0.029336829090922393, -0.023539070490549176, geometry_msgs.msg.Vector3(x=0.06415834557389773, y=-0.06454258026219381, z=0.9173993682065118), 493975000000, 
32.335277988660366, 3.8028012082707425, geometry_msgs.msg.Vector3(x=0.06486712935527991, y=-0.07170220742386753, z=0.936444458100365), 493980000000, 
62.4698344377212, 4.051715484492566, geometry_msgs.msg.Vector3(x=0.06998321092545143, y=-0.09624400628714987, z=0.99732489359395), 493985000000, 
-8.114012531575822, 1.0522912894298913, geometry_msgs.msg.Vector3(x=0.07982315407433674, y=-0.10809567292469709, z=1.0280210452297605), 493990000000, 
-35.68695732544014, 1.3073185490756127, geometry_msgs.msg.Vector3(x=0.0847314708382554, y=-0.11184042425407778, z=1.1161237165252467), 493995000000, 
-1.0704880161980062, -0.3188418556834576, 1.0230928409329054, 493995000000, 
-48.413566570595826, -8.536657624523048, geometry_msgs.msg.Vector3(x=0.0849785890168925, y=-0.1065588242435909, z=1.1330676687267645), 494000000000, 
0.055511637356697445, -0.09349682832809111, geometry_msgs.msg.Vector3(x=0.08539808324962708, y=-0.10658219670984684, z=1.1331865803660446), 494005000000, 
0.04393506818646558, -0.07295887104357279, geometry_msgs.msg.Vector3(x=0.0854592583159089, y=-0.10654310949055745, z=1.1331938572404414), 494010000000, 
0.025502566588187215, -0.02735435542663444, geometry_msgs.msg.Vector3(x=0.08574784671910705, y=-0.10636302822734103, z=1.1326869746595274), 494015000000, 
50.01128083979232, 8.120513209692499, geometry_msgs.msg.Vector3(x=0.0880715543520325, y=-0.11855363406020926, z=1.1652004189086362), 494020000000, 
40.10486128194347, 3.915274836567131, geometry_msgs.msg.Vector3(x=0.09505049296939301, y=-0.13930928890025696, z=1.2159943062600003), 494025000000, 
-1.0674637031830125, -0.3172347227448674, 1.0627559151677428, 494029000000, 
-29.541658146405283, -3.9032466106912738, geometry_msgs.msg.Vector3(x=0.10352555929404707, y=-0.1479935301355195, z=1.3149975149838413), 494030000000, 
-10.126319998151518, 1.0425211383084643, geometry_msgs.msg.Vector3(x=0.10625922102515799, y=-0.15382500969795038, z=1.3851808605065292), 494035000000, 
-46.191267613281234, -7.287021624383227, geometry_msgs.msg.Vector3(x=0.10815097267474756, y=-0.15049786364786047, z=1.411489774239004), 494040000000, 
0.05731452354903313, -0.09258030942884041, geometry_msgs.msg.Vector3(x=0.1076812799145083, y=-0.1498665700929738, z=1.4115557684066458), 494045000000, 
0.006278181759381586, -0.048238756952536536, geometry_msgs.msg.Vector3(x=0.10792240672408036, y=-0.15004656075680414, z=1.4111474512809479), 494050000000, 
65.09189728501761, 14.473525727169633, geometry_msgs.msg.Vector3(x=0.11444030675737096, y=-0.16838203077288388, z=1.4603908580815919), 494055000000, 
-44.04795237215169, -9.614869565940056, geometry_msgs.msg.Vector3(x=0.12443268037331025, y=-0.17685151026741944, z=1.5890861484212442), 494061000000, 
-1.0639794968328724, -0.315037000820181, 1.1115486431712214, 494063000000, 
22.54322955497263, 2.9406911323043876, geometry_msgs.msg.Vector3(x=0.129478135427952, y=-0.18808695652135923, z=1.663942388336715), 494066000000, 
0.30476206672278805, 0.016706572709294005, geometry_msgs.msg.Vector3(x=0.13293076447220442, y=-0.19494825602896476, z=1.7261624905366715), 494071000000, 
-20.534228366370336, -2.758660383042163, geometry_msgs.msg.Vector3(x=0.13570951201595555, y=-0.19519447564584166, z=1.7481656523311335), 494076000000, 
22.512350774430104, 5.741114230479061, geometry_msgs.msg.Vector3(x=0.1372853907080289, y=-0.20024874047295732, z=1.760479297961182), 494081000000, 
16.038827145974388, 3.9974824801774242, geometry_msgs.msg.Vector3(x=0.14725351006426682, y=-0.2142859088242533, z=1.8362662727765602), 494086000000, 
4.974107170453985, 2.772697985547914, geometry_msgs.msg.Vector3(x=0.15303292895958487, y=-0.22298867857483967, z=1.9032989795879018), 494091000000, 
-18.24568958378589, -6.596730204267717, geometry_msgs.msg.Vector3(x=0.1582719712200783, y=-0.22852090842450914, z=1.9904642683030096), 494096000000, 
-1.0597556336566147, -0.3119861427678271, 1.1724093955476629, 494097000000, 
-19.41817942693459, -4.663086717417795, geometry_msgs.msg.Vector3(x=0.16499471057318846, y=-0.23401846612556215, z=2.0684606923458033), 494101000000, 
1.2911247829435637, 0.021281409129713158, geometry_msgs.msg.Vector3(x=0.17212651714059884, y=-0.2416601231251946, z=2.144081463704968), 494106000000, 
17.781767132920557, 6.114867544139089, geometry_msgs.msg.Vector3(x=0.17988470056683967, y=-0.25236680532101585, z=2.217126860677974), 494111000000, 
-14.399045929042554, -5.9013546046254755, geometry_msgs.msg.Vector3(x=0.19017980259313738, y=-0.2619106772431155, z=2.3318538971447245), 494116000000, 
29.32687343147397, 14.63601187438693, geometry_msgs.msg.Vector3(x=0.20529173798956107, y=-0.2787588349991391, z=2.4467410640203915), 494121000000, 
-25.46150532639269, -14.373937827842314, geometry_msgs.msg.Vector3(x=0.21795148381972823, y=-0.2885069837185055, z=2.5690746842640295), 494126000000, 
33.080286392078186, 23.511538552517536, geometry_msgs.msg.Vector3(x=0.23722503298138276, y=-0.30535569404364477, z=2.6693716761250283), 494131000000, 
-1.0551923363346305, -0.30770527552533805, 1.2510256949116578, 494131000000, 
-28.97348828601259, -23.09280284053358, geometry_msgs.msg.Vector3(x=0.2551718636582839, y=-0.31622575306308415, z=2.8059516512207896), 494136000000, 
2.376024424326439, 0.20721360666345512, geometry_msgs.msg.Vector3(x=0.28249717003476255, y=-0.3333022706100578, z=2.9556993220461694), 494141000000, 
32.435023097760876, 44.803991724621774, geometry_msgs.msg.Vector3(x=0.31149313731511563, y=-0.35208381733184757, z=3.0617072132314034), 494146000000, 
-0.5384205351688025, 3.183820153610899, geometry_msgs.msg.Vector3(x=0.3324052435719456, y=-0.36420536477386845, z=3.1405736405847597), 494151000000, 
-0.5056718329586459, 2.4298447109021772, geometry_msgs.msg.Vector3(x=0.36507449552544374, y=-0.3799773537555691, z=3.2470175269328845), 494156000000, 
-0.7422338962186639, 3.0994854151486306, geometry_msgs.msg.Vector3(x=0.3867269948294931, y=-0.3901807830024058, z=3.310393362992476), 494161000000, 
-1.0524892859002102, -0.3016446452141816, 1.3553978089049852, 494165000000, 
-27.220737882429727, -35.23314875287905, geometry_msgs.msg.Vector3(x=0.40971693793255953, y=-0.3994540439456974, z=3.389419184316949), 494166000000, 
25.529980712406594, 46.396492915068436, geometry_msgs.msg.Vector3(x=0.4398333905510294, y=-0.4141453516930539, z=3.4631691841326435), 494171000000, 
-23.956229099860593, -35.24201644083348, geometry_msgs.msg.Vector3(x=0.45928320595263117, y=-0.42293384886629887, z=3.5405649044411005), 494176000000, 
24.627291193844414, 32.133709357420365, geometry_msgs.msg.Vector3(x=0.48319173730822795, y=-0.43605025221822225, z=3.6103187953558007), 494181000000, 
-20.92288017617522, -31.303062316062302, geometry_msgs.msg.Vector3(x=0.49975648817477136, y=-0.44430115075738263, z=3.6819283688721267), 494186000000, 
22.336490321036443, 25.454038828723792, geometry_msgs.msg.Vector3(x=0.5199098011994439, y=-0.45548009556536234, z=3.744584256978798), 494191000000, 
-18.48366118164234, -24.48072940277896, geometry_msgs.msg.Vector3(x=0.5336288153124382, y=-0.4629213682622887, z=3.809840766041776), 494196000000, 
-1.052091732337541, -0.2938468115019435, 1.4782090802494239, 494199000000, 
16.445787288030026, 18.91695403707662, geometry_msgs.msg.Vector3(x=0.5490843542078614, y=-0.47204480699738216, z=3.8601059291302673), 494201000000, 
-13.108345751594772, -15.038087154576559, geometry_msgs.msg.Vector3(x=0.557385507382766, y=-0.4763856320368442, z=3.902821996147004), 494206000000, 
10.091190605615303, 10.991951494306722, geometry_msgs.msg.Vector3(x=0.5602960926646243, y=-0.4790519235229301, z=3.916094138565502), 494211000000, 
-4.933296652467835, -4.45416187351239, geometry_msgs.msg.Vector3(x=0.5583503749785121, y=-0.47808243115543236, z=3.917835640449561), 494216000000, 
-1.5700526665831867, -0.634499674713123, geometry_msgs.msg.Vector3(x=0.5565299266495526, y=-0.4773392638305837, z=3.9147147519975447), 494224000000, 
-44.46248162854189, 2.3007999170321702, geometry_msgs.msg.Vector3(x=0.5559631150769621, y=-0.48512599544221335, z=3.866816867216047), 494229000000, 
-1.0518311849600344, -0.2905865552847059, 1.6096554649474542, 494233000000, 
-34.310559871691716, -24.91668167970703, geometry_msgs.msg.Vector3(x=0.5557851943103839, y=-0.4977199112467459, z=3.821621468156409), 494234000000, 
37.46545204201961, 26.174672196461604, geometry_msgs.msg.Vector3(x=0.5672062473893574, y=-0.5195514259211912, z=3.8190904051356496), 494239000000, 
-38.05492348599104, 4.2653829422996195, geometry_msgs.msg.Vector3(x=0.5562681387893459, y=-0.5146316852772498, z=3.778619160282919), 494244000000, 
0.8670684252657189, 12.124094612939729, geometry_msgs.msg.Vector3(x=0.5543087976445492, y=-0.5098233091128269, z=3.772279784519525), 494249000000, 
0.49595987720978796, 8.104757635902816, geometry_msgs.msg.Vector3(x=0.552938535626954, y=-0.5064324358627399, z=3.7681065219197127), 494254000000, 
0.1438619969320955, 4.084469962013777, geometry_msgs.msg.Vector3(x=0.5525540423100863, y=-0.5046050767225185, z=3.7661968623020727), 494259000000, 
1.2427540531992247, 1.2277097766092486, geometry_msgs.msg.Vector3(x=0.5528118822796626, y=-0.5048955756085823, z=3.7655177613420974), 494264000000, 
-1.052708955315888, -0.2995124810686543, 1.7373194150194438, 494267000000, 
11.466591992020604, 16.790684968225506, geometry_msgs.msg.Vector3(x=0.5474270797164689, y=-0.4959179947554522, z=3.7572645842681), 494269000000, 
0.2949611800376394, -0.5890068309126223, geometry_msgs.msg.Vector3(x=0.5473472509762767, y=-0.495841203151349, z=3.757721249421981), 494274000000, 
-6.17542398715817, 20.911680168439144, geometry_msgs.msg.Vector3(x=0.543633692983396, y=-0.4855971771851333, z=3.742699535982638), 494279000000, 
0.09739565527844138, -0.2919651794442211, geometry_msgs.msg.Vector3(x=0.5438816139559473, y=-0.48587100715344167, z=3.7434916518884354), 494284000000, 
1.709168387383668, 8.669915003567557, geometry_msgs.msg.Vector3(x=0.539562180122168, y=-0.4780656227944941, z=3.7389579100484847), 494289000000, 
0.3672951432473938, -0.6796614743087148, geometry_msgs.msg.Vector3(x=0.5398776770752414, y=-0.47881879431546936, z=3.739576108714647), 494294000000, 
-0.3324205581116757, -0.2056672432095606, geometry_msgs.msg.Vector3(x=0.5345699514376001, y=-0.4712883412862939, z=3.7394017665373487), 494300000000, 
-1.0604749359928671, -0.3097714342385608, 1.8643886816360051, 494301000000, 
-0.5295779194029465, -0.04868076892930069, geometry_msgs.msg.Vector3(x=0.5302686007193527, y=-0.46540469894217706, z=3.7385897439134403), 494305000000, 
-0.17813443722229486, -0.43902250934250187, geometry_msgs.msg.Vector3(x=0.5265014226673087, y=-0.4598654731876177, z=3.7391045081653775), 494310000000, 
-0.06735151263707659, -0.3700804045046616, geometry_msgs.msg.Vector3(x=0.5229155998493935, y=-0.4552518016009477, z=3.738749637150274), 494315000000, 
0.07873090368793705, -0.32123718795293943, geometry_msgs.msg.Vector3(x=0.5194595027000961, y=-0.4507465563703873, z=3.7387844008946254), 494320000000, 
0.0022779098289518167, -0.34752752292860084, geometry_msgs.msg.Vector3(x=0.5162467034383953, y=-0.44676721651696066, z=3.739052064254108), 494325000000, 
-0.25566156165358367, -0.5852379501382998, geometry_msgs.msg.Vector3(x=0.5128915934027566, y=-0.4417007020244064, z=3.7391780864495816), 494330000000, 
0.09211778700780224, -0.3524263595423256, geometry_msgs.msg.Vector3(x=0.5107833854096575, y=-0.4382534103188424, z=3.7395601659771707), 494335000000, 
-1.0689462494573796, -0.3225899965105045, 1.991636621930504, 494335000000, 
0.18150031397894742, -0.3419307100189266, geometry_msgs.msg.Vector3(x=0.5061696945369415, y=-0.432447185905118, z=3.7396682576840865), 494340000000, 
0.12735567462260333, -0.38506512963582856, geometry_msgs.msg.Vector3(x=0.503596275992639, y=-0.4288803761548884, z=3.7395114986116402), 494345000000, 
0.17618613732490393, -0.3826017369516744, geometry_msgs.msg.Vector3(x=0.49980281294265777, y=-0.42356992691467765, z=3.7400932791543906), 494350000000, 
0.16196424851933505, -0.42041835618485307, geometry_msgs.msg.Vector3(x=0.49742603295997395, y=-0.4198777555189634, z=3.740004598819683), 494355000000, 
0.2950247947106975, -0.35356309653576357, geometry_msgs.msg.Vector3(x=0.49357942514108083, y=-0.4146340978012029, z=3.740487479674226), 494360000000, 
0.2573466481811404, -0.4131576133680324, geometry_msgs.msg.Vector3(x=0.48938180694106287, y=-0.4092170605415935, z=3.7403281253320904), 494365000000, 
-1.0758889876448454, -0.3367483771264661, 2.11949855742223, 494369000000, 
0.3131122085349715, -0.43244610433423497, geometry_msgs.msg.Vector3(x=0.48688446590927165, y=-0.4060106196115424, z=3.7407027076453723), 494370000000, 
0.3236409147618674, -0.4440558109925044, geometry_msgs.msg.Vector3(x=0.48153872494186206, y=-0.39829801343385385, z=3.7405175238029433), 494377000000, 
0.373171058078412, -0.4437477223176968, geometry_msgs.msg.Vector3(x=0.47890118764649225, y=-0.39500374236960234, z=3.7406638154410716), 494382000000, 
0.29625640281407306, -0.5388070519931106, geometry_msgs.msg.Vector3(x=0.4769478962665692, y=-0.3912665617026221, z=3.7410417906386), 494387000000, 
0.4997124409515156, -0.4016076963087371, geometry_msgs.msg.Vector3(x=0.4731382363573117, y=-0.3859064131241185, z=3.7409550663675626), 494392000000, 
0.3643329968591059, -0.5717524077445117, geometry_msgs.msg.Vector3(x=0.4708151379135245, y=-0.38261003028511964, z=3.741130936587964), 494397000000, 
0.5146949372643854, -0.38502644916092416, geometry_msgs.msg.Vector3(x=0.46673976777546206, y=-0.3775417253401495, z=3.741208974728762), 494402000000, 
-1.0809809472679943, -0.35169350702449703, 2.248095946891939, 494403000000, 
0.4158043543346357, -0.6490646574677774, geometry_msgs.msg.Vector3(x=0.4642763584245097, y=-0.3743647764842293, z=3.741570904735055), 494407000000, 
0.583886621123923, -0.4087551283164071, geometry_msgs.msg.Vector3(x=0.46057887503916883, y=-0.36890743855992525, z=3.7416464315724203), 494412000000, 
0.6510350348883094, -0.7531993050425545, geometry_msgs.msg.Vector3(x=0.457996365425263, y=-0.3657140279567246, z=3.7420356886856334), 494417000000, 
0.6136197658666984, -0.31752342904355935, geometry_msgs.msg.Vector3(x=0.45433438143939436, y=-0.36025116359194737, z=3.7421428325452024), 494422000000, 
0.6047439586159002, -0.6822677718422546, geometry_msgs.msg.Vector3(x=0.45175427827121106, y=-0.35626956894970757, z=3.7420629471657736), 494427000000, 
0.7085384518988362, -0.5996871013679445, geometry_msgs.msg.Vector3(x=0.4484142111347162, y=-0.35261890621141595, z=3.7422732940482177), 494432000000, 
0.9720698407178449, -0.46963787621404374, geometry_msgs.msg.Vector3(x=0.4452096375912772, y=-0.34699665802397084, z=3.7430715638835204), 494437000000, 
-1.0839306220505316, -0.3669012190195366, 2.377505834875169, 494437000000, 
0.08939954357485684, -1.9499881891413584, geometry_msgs.msg.Vector3(x=0.4451840861892598, y=-0.3467736357062244, z=3.743429319465294), 494442000000, 
1.0869651416852428, 0.41777275162794986, geometry_msgs.msg.Vector3(x=0.4404826409314754, y=-0.33973020079455807, z=3.7437899600256213), 494447000000, 
-0.002215099839093646, -2.609237528351174, geometry_msgs.msg.Vector3(x=0.44063838682524253, y=-0.33951928046309016, z=3.744299529093025), 494454000000, 
0.8244609326019668, -0.37097315810962095, geometry_msgs.msg.Vector3(x=0.4353571373173737, y=-0.3321928296939221, z=3.744491052484012), 494459000000, 
-0.0223926651424994, -3.854956843762919, geometry_msgs.msg.Vector3(x=0.43502100553295187, y=-0.3312018200159612, z=3.7460208237673656), 494464000000, 
1.8216424263279505, 2.7920504829958963, geometry_msgs.msg.Vector3(x=0.4295864337103428, y=-0.3232769846435674, z=3.745363033061559), 494469000000, 
-1.0843678420365983, -0.3816581578839804, 2.5078106654679133, 494471000000, 
-0.1727737127445877, -3.6174815832738267, geometry_msgs.msg.Vector3(x=0.42923099183458446, y=-0.32280238308531384, z=3.7470817065823527), 494474000000, 
2.3040361806357823, 2.939259279710324, geometry_msgs.msg.Vector3(x=0.4237486057686044, y=-0.3135196414854914, z=3.746307316615253), 494479000000, 
-0.23941506024531065, -2.8644973498978907, geometry_msgs.msg.Vector3(x=0.42342846390988526, y=-0.31291936475001997, z=3.7477041440071743), 494484000000, 
-0.37850501461282027, -4.471411562132007, geometry_msgs.msg.Vector3(x=0.4228289466231341, y=-0.3116507549900046, z=3.7497840724877043), 494489000000, 
3.779494282875039, 4.942893290127256, geometry_msgs.msg.Vector3(x=0.4160647810843336, y=-0.30048091808521926, z=3.7479425021436157), 494494000000, 
-0.3897852855582991, -2.4421359354522325, geometry_msgs.msg.Vector3(x=0.41600843703634277, y=-0.30005215686512016, z=3.7489380448704774), 494499000000, 
-0.5765721781840598, -4.087826504637066, geometry_msgs.msg.Vector3(x=0.4156935702030224, y=-0.29878050579309634, z=3.750748469359123), 494504000000, 
-1.0822425477248518, -0.395412611905561, 2.6390207380096165, 494505000000, 
-0.8003847631036856, -5.464249484244578, geometry_msgs.msg.Vector3(x=0.4153071836401668, y=-0.29716608306154557, z=3.753295418363834), 494509000000, 
-1.0402262285204504, -6.625428520466394, geometry_msgs.msg.Vector3(x=0.4147131202488287, y=-0.29542329853812904, z=3.7559825376939653), 494514000000, 
7.570336060482935, 13.429748285381699, geometry_msgs.msg.Vector3(x=0.40688510023891317, y=-0.2825275051613528, z=3.7520006357285327), 494519000000, 
-0.7607343702808238, -3.294023649615685, geometry_msgs.msg.Vector3(x=0.4068843608252385, y=-0.2813560099430667, z=3.753099098802953), 494524000000, 
46.466081950345945, -19.0231089914761, geometry_msgs.msg.Vector3(x=0.4127532149612313, y=-0.2778724716168007, z=3.7439100985381493), 494529000000, 
-0.3282348353749462, -0.4797715045951536, geometry_msgs.msg.Vector3(x=0.41246396813253894, y=-0.27825319733112464, z=3.7444773851816398), 494535000000, 
-0.7311755373883801, -2.3608785210919514, geometry_msgs.msg.Vector3(x=0.41278241341730754, y=-0.2774561359591057, z=3.744718958406827), 494540000000, 
-1.0797736593630665, -0.40617264877711556, 2.7709120605535023, 494539000000, 
30.549887318293546, 7.37598269851026, geometry_msgs.msg.Vector3(x=0.422115140816363, y=-0.27145667207461766, z=3.728368647842023), 494545000000, 
-0.19079911313175935, -0.17776195784840593, geometry_msgs.msg.Vector3(x=0.422752563858943, y=-0.271579344599803, z=3.728703429321455), 494550000000, 
20.078996558662777, 7.688128951596266, geometry_msgs.msg.Vector3(x=0.42939302217481123, y=-0.26726362873700726, z=3.7157964143851667), 494555000000, 
-0.11448506854517962, -0.058567003637021386, geometry_msgs.msg.Vector3(x=0.42985266235042224, y=-0.2671145336447634, z=3.7155133583319038), 494560000000, 
18.256851552012613, 5.84127770825169, geometry_msgs.msg.Vector3(x=0.4361424776119936, y=-0.26423289681341167, z=3.7051459553109565), 494565000000, 
4.684960972149017, 1.7352817466464645, geometry_msgs.msg.Vector3(x=0.44113890671528944, y=-0.2585938972895116, z=3.7016448988041573), 494570000000, 
-1.0863321694287322, -0.414773323978517, 2.90204645614449, 494573000000, 
1.0218564972184943, 0.6748600076365633, geometry_msgs.msg.Vector3(x=0.44498442135081817, y=-0.2547569475907731, z=3.7004294827562716), 494575000000, 
1.0411723050470412, 0.677159559007378, geometry_msgs.msg.Vector3(x=0.4491053574924822, y=-0.2507015663670643, z=3.699640109243776), 494580000000, 
1.0000250383836715, 0.4671952886244218, geometry_msgs.msg.Vector3(x=0.4530083419321531, y=-0.24706512753895202, z=3.6983484647916773), 494585000000, 
1.370218141987625, 0.6993283437095578, geometry_msgs.msg.Vector3(x=0.45733283285393167, y=-0.24162006986406362, z=3.696999414876481), 494590000000, 
0.9043231759803301, 0.44792535182753673, geometry_msgs.msg.Vector3(x=0.46060130738782157, y=-0.23822667803485265, z=3.696167092797818), 494595000000, 
1.5448907022086926, 0.634696190581007, geometry_msgs.msg.Vector3(x=0.4659145306230858, y=-0.2328062129072305, z=3.6949556125258023), 494600000000, 
1.194310079844013, 0.5493860333686889, geometry_msgs.msg.Vector3(x=0.4690544817723447, y=-0.22954437071961148, z=3.6940377248569516), 494605000000, 
-1.0971025476984424, -0.425790454021103, 3.0325361695235826, 494607000000, 
1.1417637969606358, 0.4578904474616001, geometry_msgs.msg.Vector3(x=0.473882135195893, y=-0.22446026805282904, z=3.6927319637362865), 494610000000, 
0.9547856780405116, 0.35319224643221114, geometry_msgs.msg.Vector3(x=0.4776215023141398, y=-0.2207625151592679, z=3.6915730333321806), 494615000000, 
1.5526668046959973, 0.5013686131641814, geometry_msgs.msg.Vector3(x=0.4819061242317827, y=-0.21552693450152785, z=3.6907529436753843), 494620000000, 
0.941743836825895, 0.3280116295632242, geometry_msgs.msg.Vector3(x=0.48537862179942237, y=-0.21176817593869468, z=3.6894887791158912), 494625000000, 
1.4100398110971168, 0.4655052891191357, geometry_msgs.msg.Vector3(x=0.48979540516128056, y=-0.20657443457915325, z=3.6888284723729674), 494630000000, 
0.9271419505641376, 0.29030767840341964, geometry_msgs.msg.Vector3(x=0.492666215990666, y=-0.20324479873275134, z=3.688014502044529), 494635000000, 
1.5458455275881422, 0.37920255651487195, geometry_msgs.msg.Vector3(x=0.49797113060987164, y=-0.19777253724266805, z=3.6868644528784613), 494640000000, 
-1.1064568066644453, -0.4381028818310491, -3.1203816010398273, 494641000000, 
0.8946263266838761, 0.2659097228828729, geometry_msgs.msg.Vector3(x=0.5011981281713082, y=-0.19459101529275188, z=3.68637280389211), 494645000000, 
1.3479729635747126, 0.3484367650098609, geometry_msgs.msg.Vector3(x=0.5058785262765674, y=-0.18915810578075595, z=3.685784156990505), 494650000000, 
0.8977327117625946, 0.20390217177725495, geometry_msgs.msg.Vector3(x=0.5094229609738196, y=-0.18578936074200886, z=3.6849026770731204), 494655000000, 
1.5128108858668396, 0.27573985729731354, geometry_msgs.msg.Vector3(x=0.5139335571728499, y=-0.18067417885318052, z=3.6843776720723067), 494660000000, 
0.928173791421404, 0.20480488882181974, geometry_msgs.msg.Vector3(x=0.5175086304655243, y=-0.17693955988871243, z=3.6834167226009136), 494665000000, 
1.1722959262808845, 0.23207962625744885, geometry_msgs.msg.Vector3(x=0.5221246191029655, y=-0.1721135640009515, z=3.682758367929595), 494670000000, 
1.1770827959745238, 0.19290970431001347, geometry_msgs.msg.Vector3(x=0.5260073043170893, y=-0.16863866410328573, z=3.6826794177122566), 494675000000, 
-1.1142288291484395, -0.45147956835879904, -2.99045810146463, 494675000000, 
1.490566643874002, 0.185555802819803, geometry_msgs.msg.Vector3(x=0.5306488796388045, y=-0.16328483144915304, z=3.6820490931951997), 494680000000, 
0.9081012078125296, 0.10805781067722543, geometry_msgs.msg.Vector3(x=0.5346340356112405, y=-0.15999516556513071, z=3.6815954374924025), 494685000000, 
1.3637462813241563, 0.16100047598605124, geometry_msgs.msg.Vector3(x=0.5390931463912985, y=-0.1550144796897875, z=3.681372170563587), 494690000000, 
0.8877239276029413, 0.07467416474876583, geometry_msgs.msg.Vector3(x=0.542784639634852, y=-0.1513847237721573, z=3.681086378993246), 494695000000, 
1.4511894997233499, 0.07156660863674028, geometry_msgs.msg.Vector3(x=0.5476020056790682, y=-0.14643024606490596, z=3.680663952719999), 494700000000, 
0.8701057983916148, 0.05589420477269067, geometry_msgs.msg.Vector3(x=0.5510475200339914, y=-0.14321999918966408, z=3.6799928377997912), 494705000000, 
-1.1203047781767193, -0.4657169091938279, -2.8609743991002885, 494709000000, 
1.3297806210630245, 0.0648259226486585, geometry_msgs.msg.Vector3(x=0.5558818284358847, y=-0.13761930114427967, z=3.679647056904488), 494710000000, 
0.8540336566428579, -0.009167608078913245, geometry_msgs.msg.Vector3(x=0.5597126959545743, y=-0.13423193308762946, z=3.6798396647476137), 494715000000, 
1.38806048146151, -0.019982000694924333, geometry_msgs.msg.Vector3(x=0.56501230419704, y=-0.12939984993907555, z=3.6789878502586975), 494720000000, 
0.8191180757819907, -0.0038059399152647923, geometry_msgs.msg.Vector3(x=0.5685910410693724, y=-0.1256808583964898, z=3.678862491676548), 494725000000, 
1.3297503318781156, -0.05270099358541876, geometry_msgs.msg.Vector3(x=0.5731991867641503, y=-0.1207511531112148, z=3.678261910557716), 494730000000, 
0.8204531831634929, -0.0257513981724515, geometry_msgs.msg.Vector3(x=0.5768951857336508, y=-0.11717797123225131, z=3.678095678820661), 494735000000, 
1.3003966247824919, -0.0928089543225486, geometry_msgs.msg.Vector3(x=0.5819825835017528, y=-0.11251345565859434, z=3.677384519963209), 494740000000, 
-1.1245920056767118, -0.4805949278489683, -2.7320441870350143, 494743000000, 
0.8240953347995068, -0.06426491774192494, geometry_msgs.msg.Vector3(x=0.5856352182092806, y=-0.10863864363724042, z=3.6770673633738893), 494745000000, 
0.9920516322415187, -0.09379671073697952, geometry_msgs.msg.Vector3(x=0.5906407077572644, y=-0.10332887266975543, z=3.6762212874880045), 494750000000, 
1.0158676221987653, -0.11745506412458294, geometry_msgs.msg.Vector3(x=0.5944094375675983, y=-0.10019989550117256, z=3.6762765730583977), 494755000000, 
1.2387441833789392, -0.14539573876664322, geometry_msgs.msg.Vector3(x=0.5991692603458925, y=-0.09446424097678158, z=3.675027032661757), 494760000000, 
0.756519730365686, -0.11601830915442075, geometry_msgs.msg.Vector3(x=0.6025355053212823, y=-0.09121977817852515, z=3.6746321873004453), 494765000000, 
1.1663229034105862, -0.19354755761183712, geometry_msgs.msg.Vector3(x=0.6078700892889566, y=-0.08615036597075018, z=3.673684110836968), 494770000000, 
0.7251776419487924, -0.1286552888657896, geometry_msgs.msg.Vector3(x=0.6115144566107159, y=-0.08253857760416428, z=3.673230814024737), 494775000000, 
-1.1270228676657874, -0.49587777846172393, -2.6037994839340812, 494777000000, 
1.1829296347698917, -0.21953388607286453, geometry_msgs.msg.Vector3(x=0.6158922861092971, y=-0.07750403505999363, z=3.6725293919629287), 494780000000, 
0.7004702951799862, -0.1395829400810049, geometry_msgs.msg.Vector3(x=0.6200778446348237, y=-0.07387114519044288, z=3.671947812451392), 494785000000, 
1.0904968263677568, -0.2562525168680959, geometry_msgs.msg.Vector3(x=0.6245647786564034, y=-0.06886208054293026, z=3.671319710383525), 494790000000, 
0.6557565695659497, -0.2066172872277005, geometry_msgs.msg.Vector3(x=0.6278325004080874, y=-0.06504495512210469, z=3.6704506558667163), 494795000000, 
1.066351391891099, -0.2968728316975374, geometry_msgs.msg.Vector3(x=0.6330933878969104, y=-0.0598584441870342, z=3.670000158793881), 494800000000, 
0.6331671988440895, -0.19828172988008647, geometry_msgs.msg.Vector3(x=0.6363967825566207, y=-0.05632327558714344, z=3.6689803805746166), 494805000000, 
0.9810331707697245, -0.3190947806339286, geometry_msgs.msg.Vector3(x=0.6408288370351034, y=-0.051078642064862935, z=3.668468885470751), 494810000000, 
-1.1275594111222, -0.5113226825558557, -2.4763340393094286, 494811000000, 
0.5667572457439054, -0.21446140628353733, geometry_msgs.msg.Vector3(x=0.6444513200075795, y=-0.047657018775411335, z=3.6678291257070637), 494815000000, 
0.9715395907882367, -0.31340592660174676, geometry_msgs.msg.Vector3(x=0.6492587878226985, y=-0.04232745317703972, z=3.667168710839187), 494820000000, 
0.5767165975777514, -0.22365047197441165, geometry_msgs.msg.Vector3(x=0.6538822582515642, y=-0.03723354560277818, z=3.667226129257557), 494826000000, 
0.7327035980238648, -0.2782512603215858, geometry_msgs.msg.Vector3(x=0.6572815591538983, y=-0.03423496797509773, z=3.6660322761702027), 494831000000, 
0.8825667494402529, -0.32547512217345864, geometry_msgs.msg.Vector3(x=0.6617203600512135, y=-0.028273085399929555, z=3.6655042865132526), 494836000000, 
0.5174768404806306, -0.20848762638862747, geometry_msgs.msg.Vector3(x=0.6654209829960323, y=-0.02510017156617299, z=3.6651593637296647), 494841000000, 
-1.126193611608051, -0.5266907662599233, -2.3496464722780095, 494845000000, 
0.8226440973168766, -0.3784655994512066, geometry_msgs.msg.Vector3(x=0.669883165958991, y=-0.01949924549019849, z=3.665404093671908), 494846000000, 
0.4990043617082587, -0.23560674953699362, geometry_msgs.msg.Vector3(x=0.6738305032476737, y=-0.016248002345323195, z=3.664487041442429), 494851000000, 
0.8385289578800786, -0.3887506194652614, geometry_msgs.msg.Vector3(x=0.6781786236750114, y=-0.010957458527299664, z=3.6643187111130953), 494856000000, 
0.42056798446382904, -0.2075540352210502, geometry_msgs.msg.Vector3(x=0.6816325285549384, y=-0.007329182463525977, z=3.664571983609458), 494861000000, 
0.7142045934572673, -0.3531768918792083, geometry_msgs.msg.Vector3(x=0.686301158210035, y=-0.0020881645611910836, z=3.6643885004052477), 494866000000, 
0.4104983852085347, -0.2392499568997685, geometry_msgs.msg.Vector3(x=0.6897985586171703, y=0.001068417071627993, z=3.6645355754073305), 494871000000, 
0.6530689780231945, -0.39432102625599924, geometry_msgs.msg.Vector3(x=0.6948384924094211, y=0.0067244649997614215, z=3.664129936991317), 494876000000, 
-1.1229439623432074, -0.5417505757263071, -2.2236437327832284, 494879000000, 
0.361920103355181, -0.23495032971408625, geometry_msgs.msg.Vector3(x=0.6980687818359046, y=0.01001126768534283, z=3.664242525990594), 494881000000, 
0.5972750975369384, -0.36728361198433185, geometry_msgs.msg.Vector3(x=0.703422692146011, y=0.015507205502220947, z=3.6641982019160952), 494886000000, 
0.32731507828380413, -0.21846793344745846, geometry_msgs.msg.Vector3(x=0.7065444147786082, y=0.018467364435371714, z=3.664115486843775), 494891000000, 
0.5470621629802709, -0.37298034772761846, geometry_msgs.msg.Vector3(x=0.7122226049527379, y=0.024127536946784503, z=3.6641669456072803), 494896000000, 
0.3007109072335928, -0.22686537529515619, geometry_msgs.msg.Vector3(x=0.7146788442600885, y=0.02714475624569836, z=3.6647031903841514), 494901000000, 
0.3545629784487693, -0.2760390711118412, geometry_msgs.msg.Vector3(x=0.7185919878549952, y=0.030944805734541503, z=3.664551064279582), 494908000000, 
0.3600136545270581, -0.27033207519555363, geometry_msgs.msg.Vector3(x=0.7253151655156247, y=0.03792294760018721, z=3.664601472243403), 494913000000, 
-1.11785421305274, -0.556273784881396, -2.0982034488522654, 494913000000, 
0.43659417727588745, -0.3534825212617524, geometry_msgs.msg.Vector3(x=0.7306022992230155, y=0.0430123533996783, z=3.664777177568472), 494918000000, 
0.1824408555978957, -0.22972412932645592, geometry_msgs.msg.Vector3(x=0.7341772196576322, y=0.046522655168677235, z=3.6648220750425904), 494923000000, 
0.36013058477641974, -0.3390747619367828, geometry_msgs.msg.Vector3(x=0.7392872011753089, y=0.05228359358448567, z=3.664831283509513), 494928000000, 
0.13753015544733993, -0.22107904227354508, geometry_msgs.msg.Vector3(x=0.7427160808553906, y=0.05548937421018237, z=3.664645774068834), 494933000000, 
0.3076043798234065, -0.3146781638697111, geometry_msgs.msg.Vector3(x=0.7480568481086461, y=0.0608308803048235, z=3.664815594276108), 494938000000, 
0.10377606020994237, -0.21807200968856802, geometry_msgs.msg.Vector3(x=0.751896086226234, y=0.06411421177137777, z=3.6641357786287085), 494943000000, 
-1.1109962553799926, -0.5700320399476593, -1.9732322088874485, 494947000000, 
0.21810357304554, -0.3011667114119475, geometry_msgs.msg.Vector3(x=0.756532581738714, y=0.06968520243394896, z=3.6646725105808446), 494948000000, 
0.0784012384511712, -0.20106474651071973, geometry_msgs.msg.Vector3(x=0.760977150040969, y=0.07306576288120144, z=3.664684621608811), 494953000000, 
0.17572204426038804, -0.22332906155214585, geometry_msgs.msg.Vector3(x=0.7658821702602584, y=0.07841312438954859, z=3.6642892574172223), 494958000000, 
0.04677943113587941, -0.1917433658619049, geometry_msgs.msg.Vector3(x=0.7697442297338077, y=0.08177273282884184, z=3.663890450602068), 494963000000, 
0.12352903611352094, -0.2597444904668882, geometry_msgs.msg.Vector3(x=0.7744675984648841, y=0.08742019720727458, z=3.663641651890712), 494968000000, 
-0.054531971245525404, -0.1533972268293138, geometry_msgs.msg.Vector3(x=0.7784225859468311, y=0.09109062120483458, z=3.663853238962938), 494973000000, 
0.010292516285464941, -0.21538107943884102, geometry_msgs.msg.Vector3(x=0.7835329203240252, y=0.09597066899741062, z=3.6631692568600407), 494978000000, 
-1.1024724811604283, -0.5828020455798196, -1.8486660362776786, 494981000000, 
-0.04139563677149851, -0.1466523283308392, geometry_msgs.msg.Vector3(x=0.7902332046892789, y=0.10332246611215101, z=3.6631978687045117), 494985000000, 
-0.0504683240510351, -0.1327613502777208, geometry_msgs.msg.Vector3(x=0.794037058286129, y=0.10750129158918036, z=3.6625065039548983), 494990000000, 
-0.12573884120815865, -0.07625362056344942, geometry_msgs.msg.Vector3(x=0.7974866556267108, y=0.11060465366240442, z=3.6623861254053223), 494995000000, 
-0.10349756112243201, -0.14956655045885447, geometry_msgs.msg.Vector3(x=0.8026112290776687, y=0.11600531481635742, z=3.66210626823154), 495000000000, 
-0.1467344354218035, -0.06328684727152506, geometry_msgs.msg.Vector3(x=0.8061003641581329, y=0.11934953448435648, z=3.661681856727824), 495005000000, 
-0.15870787323985439, -0.09815816450947017, geometry_msgs.msg.Vector3(x=0.8113337859267501, y=0.12505348025654825, z=3.6616276219743096), 495010000000, 
35.52402630750759, -11.101373993602593, geometry_msgs.msg.Vector3(x=0.8098686144274612, y=0.12180164807094065, z=3.642648298699898), 495015000000, 
-1.0924967467533933, -0.5945427193095388, -1.7244431422138708, 495015000000, 
65.55154344745516, -49.36691256996742, geometry_msgs.msg.Vector3(x=0.7986889167425327, y=0.11504303826982597, z=3.6022712892406097), 495020000000, 
5.667099592018825, -13.273772729745657, geometry_msgs.msg.Vector3(x=0.79893271487699, y=0.11704345248444925, z=3.59543390404176), 495025000000, 
-4.043241305863233, 4.035926904655479, geometry_msgs.msg.Vector3(x=0.804303319054421, y=0.12236796259164558, z=3.5922307136099367), 495030000000, 
0.7145586501831368, 2.3022133365010626, geometry_msgs.msg.Vector3(x=0.8082590432147675, y=0.1257603811888866, z=3.5881986241985975), 495035000000, 
-0.12210468319965014, 2.944368974317991, geometry_msgs.msg.Vector3(x=0.8135434797175058, y=0.13078094149301597, z=3.582694833648153), 495040000000, 
1.8051723016148444, 1.1502110124316651, geometry_msgs.msg.Vector3(x=0.8172363064003721, y=0.13306611030073504, z=3.578316061372151), 495045000000, 
-1.0944619567389757, -0.6205423062253771, -1.6026864399789733, 495049000000, 
0.9464808565323739, 1.823234401015954, geometry_msgs.msg.Vector3(x=0.8205271763154415, y=0.1359374123072291, z=3.573692116122051), 495050000000, 
-1.6140472916287174, 4.2853756374129155, geometry_msgs.msg.Vector3(x=0.8258224849804225, y=0.14103441734848568, z=3.5676173104695716), 495055000000, 
-3.9282136079278676, -0.0707974091675689, geometry_msgs.msg.Vector3(x=0.8285945432273529, y=0.14245242951420692, z=3.5653836510379997), 495060000000, 
0.38963925259632337, 2.5311007318064065, geometry_msgs.msg.Vector3(x=0.8307142407744971, y=0.14239007423303435, z=3.5615973054441548), 495065000000, 
0.6854637155558747, 2.075094241776256, geometry_msgs.msg.Vector3(x=0.8342385747163814, y=0.14310069458229813, z=3.557419101969521), 495070000000, 
0.7599691103758043, 1.8840635315821652, geometry_msgs.msg.Vector3(x=0.8369864741233035, y=0.14397394347542994, z=3.552056711037441), 495075000000, 
1.1316620741664465, 1.402724825483547, geometry_msgs.msg.Vector3(x=0.8400306039283031, y=0.14426289550941518, z=3.547128121146047), 495080000000, 
-1.0939938382793655, -0.645541455551789, -1.4820292219250046, 495083000000, 
1.218787277091115, 1.225029834381615, geometry_msgs.msg.Vector3(x=0.8430297460914981, y=0.14530581974880832, z=3.541537305955908), 495085000000, 
1.1659532900025018, 1.2732375017259598, geometry_msgs.msg.Vector3(x=0.8464560460364997, y=0.1456993760942487, z=3.535763926300505), 495090000000, 
1.0093564075907782, 1.3896989200205265, geometry_msgs.msg.Vector3(x=0.8496193804707233, y=0.1463626349781482, z=3.5305064858864905), 495095000000, 
0.9741412608088504, 1.4546463094781183, geometry_msgs.msg.Vector3(x=0.8520867487170714, y=0.14690962363651544, z=3.524978000215247), 495100000000, 
0.8827053200036306, 1.5136128497702834, geometry_msgs.msg.Vector3(x=0.855788164525592, y=0.14742800199450898, z=3.519669894288494), 495105000000, 
0.8951438942375565, 1.5284998075631624, geometry_msgs.msg.Vector3(x=0.8586696251610119, y=0.14901073258588743, z=3.5144435876523326), 495110000000, 
0.8483680610905141, 1.4862553139956798, geometry_msgs.msg.Vector3(x=0.8617368325549428, y=0.14896687323487537, z=3.5084216814922784), 495115000000, 
-1.0904923441912158, -0.6698833419708848, -1.362569804812944, 495117000000, 
0.8108402832737256, 1.4986736391998885, geometry_msgs.msg.Vector3(x=0.8649733639656306, y=0.14984369831133879, z=3.5027630263118072), 495120000000, 
0.8269549600572081, 1.6249864397193357, geometry_msgs.msg.Vector3(x=0.867932368236392, y=0.1508402890561851, z=3.4975239813323595), 495125000000, 
0.8649178256689591, 1.7144894014241663, geometry_msgs.msg.Vector3(x=0.8707940727540061, y=0.15151767767468036, z=3.4930774079598716), 495132000000, 
0.8181444708890181, 1.6808320239641, geometry_msgs.msg.Vector3(x=0.8751466903792934, y=0.15263896374365643, z=3.4845933109428806), 495137000000, 
0.8616319750716861, 1.694732036609421, geometry_msgs.msg.Vector3(x=0.8783297432033583, y=0.15363689420697477, z=3.478295060714312), 495142000000, 
0.8348198616344318, 1.6509888091082938, geometry_msgs.msg.Vector3(x=0.8815336922740609, y=0.15434971963392505, z=3.472722868675647), 495147000000, 
-1.084150959415687, -0.6935153889766396, -1.2443247076913642, 495151000000, 
0.8525766011899621, 1.718150684879416, geometry_msgs.msg.Vector3(x=0.8842461851368142, y=0.15505252025535018, z=3.4667049028342793), 495152000000, 
0.8487655893187284, 1.657982399504795, geometry_msgs.msg.Vector3(x=0.8874212795382375, y=0.15611659657744706, z=3.4613097872615803), 495157000000, 
0.8696693060742786, 1.6753010155372905, geometry_msgs.msg.Vector3(x=0.8902419311208687, y=0.15654413009956805, z=3.4556734478390148), 495162000000, 
0.8946157183574438, 1.671446577478025, geometry_msgs.msg.Vector3(x=0.8934788196771353, y=0.15738511092929663, z=3.449311026847126), 495167000000, 
0.9298244091316634, 1.642928584350233, geometry_msgs.msg.Vector3(x=0.895838589620689, y=0.15850887147043058, z=3.444158023880097), 495172000000, 
0.8976509712819107, 1.5828647607650341, geometry_msgs.msg.Vector3(x=0.8991278735423036, y=0.1592560407410125, z=3.4377868298703884), 495177000000, 
0.9074437167611271, 1.5252640643771131, geometry_msgs.msg.Vector3(x=0.9022685178689918, y=0.16042087261792243, z=3.4320182060445052), 495182000000, 
-1.0750742115840743, -0.7160772553289663, -1.12735023396319, 495185000000, 
0.7272966423264556, 1.7470932425067147, geometry_msgs.msg.Vector3(x=0.9048574881998098, y=0.16089456519087042, z=3.4261251803720585), 495187000000, 
0.6482080945095334, 1.4565459700232257, geometry_msgs.msg.Vector3(x=0.9076787522189198, y=0.16185590958199003, z=3.420729303767802), 495192000000, 
-38.698595207817725, 7.326073112438265, geometry_msgs.msg.Vector3(x=0.9065878222473803, y=0.1671704212377739, z=3.350729645629532), 495197000000, 
-9.737309395037208, 2.090354906715039, geometry_msgs.msg.Vector3(x=0.8947884812036598, y=0.1695887746579599, z=3.1675023582592696), 495202000000, 
-36.0243882218026, -4.424228931427958, geometry_msgs.msg.Vector3(x=0.8868732300541374, y=0.17819878703302103, z=3.0692663043284414), 495208000000, 
-2.061821853472818, 0.5544053449970667, geometry_msgs.msg.Vector3(x=0.8794892292512293, y=0.1788278431340013, z=3.0048567443423515), 495213000000, 
-0.46039499050050153, 1.655716322610333, geometry_msgs.msg.Vector3(x=0.8758181425937873, y=0.17847209414194182, z=2.993796797915547), 495218000000, 
-1.0678425769558482, -0.7291629608926039, -1.0185996331478975, 495219000000, 
2.153579551642429, 1.6295315779343431, geometry_msgs.msg.Vector3(x=0.872851145675941, y=0.17826507785527107, z=2.9920906700848344), 495223000000, 
0.9526490433375446, 2.0144360522836955, geometry_msgs.msg.Vector3(x=0.8701150066760371, y=0.17799037383502236, z=2.9898048948288545), 495228000000, 
0.42428520551112214, 2.2970180261011697, geometry_msgs.msg.Vector3(x=0.8671733912274285, y=0.17744513194393582, z=2.987574066199913), 495233000000, 
0.3131158640458628, 2.4337145227053516, geometry_msgs.msg.Vector3(x=0.8643423419434221, y=0.17731416556982185, z=2.985183069982364), 495238000000, 
0.31435073482087306, 2.4674315876735404, geometry_msgs.msg.Vector3(x=0.8613639886657808, y=0.17749027662149006, z=2.982640046377817), 495243000000, 
0.24212921324154485, 2.535930460890235, geometry_msgs.msg.Vector3(x=0.8588830248005925, y=0.17715124265857463, z=2.979919676598938), 495248000000, 
0.19469227434086198, 2.6500345437241886, geometry_msgs.msg.Vector3(x=0.8560025175953, y=0.1771861058650811, z=2.9774365268878538), 495253000000, 
-1.0621621901036702, -0.7380790285378979, -0.9170329907192263, 495253000000, 
0.2740118041067545, 2.6160577909233553, geometry_msgs.msg.Vector3(x=0.8534372690105438, y=0.17641685294655446, z=2.9750162617382823), 495258000000, 
0.4042322613766207, 2.6489117691495427, geometry_msgs.msg.Vector3(x=0.8508614007124823, y=0.17650463525579949, z=2.9723519396416305), 495263000000, 
0.4570379178782732, 2.536663326893002, geometry_msgs.msg.Vector3(x=0.8481725375376387, y=0.17613137838171927, z=2.9698224684281045), 495268000000, 
0.4894300876648125, 2.2952994704819374, geometry_msgs.msg.Vector3(x=0.845899825175137, y=0.17639479179942277, z=2.9670169383368403), 495273000000, 
0.48548491347691414, 1.7730034546048186, geometry_msgs.msg.Vector3(x=0.8417798280149295, y=0.175443692784572, z=2.9635520851871067), 495280000000, 
0.46905256263570916, 1.569103590736296, geometry_msgs.msg.Vector3(x=0.8391344117188418, y=0.1748620544218744, z=2.9609389137128606), 495285000000, 
-1.0555493165915195, -0.746379742509972, -0.8158478347814986, 495287000000, 
0.5133665960548114, 1.5272142279387022, geometry_msgs.msg.Vector3(x=0.8353434628682931, y=0.1739893880633371, z=2.9584573484615406), 495290000000, 
0.41771194351644225, 1.1706479475121987, geometry_msgs.msg.Vector3(x=0.8332259267819204, y=0.17408704892634358, z=2.956300925560822), 495295000000, 
0.41319520840054225, 1.513831007531796, geometry_msgs.msg.Vector3(x=0.8306876259199013, y=0.172871942523248, z=2.954396317715745), 495300000000, 
0.41012969057307785, 1.6085954945547036, geometry_msgs.msg.Vector3(x=0.8273806564339223, y=0.17186459582991562, z=2.9530535292216626), 495305000000, 
0.471275359335576, 1.6121426937270775, geometry_msgs.msg.Vector3(x=0.8242989608939235, y=0.17126565791092688, z=2.951226668610171), 495310000000, 
0.4692374254160455, 1.670166458364922, geometry_msgs.msg.Vector3(x=0.8210463452427519, y=0.16988279125007485, z=2.9499866219431645), 495315000000, 
0.45874155507632497, 1.6661929253301275, geometry_msgs.msg.Vector3(x=0.8175641231736152, y=0.16902712880727616, z=2.9484168139760336), 495320000000, 
-1.0480433112366734, -0.7539293679998045, -0.7151707109197001, 495321000000, 
0.4498392461189301, 1.7381888291236136, geometry_msgs.msg.Vector3(x=0.8144859359155648, y=0.16808562225071633, z=2.9467178489020722), 495325000000, 
0.4932312143361273, 1.7481018097256458, geometry_msgs.msg.Vector3(x=0.8111344743413309, y=0.1669618081297767, z=2.9449125073861016), 495330000000, 
0.45335196384872256, 1.8132385236696136, geometry_msgs.msg.Vector3(x=0.8079539887240199, y=0.16583917168514256, z=2.9431984997228806), 495335000000, 
0.49332584615316505, 1.8291716010457173, geometry_msgs.msg.Vector3(x=0.8047884392570255, y=0.16493361772144358, z=2.941760569878839), 495340000000, 
0.4984842144518993, 1.8786651395974425, geometry_msgs.msg.Vector3(x=0.8009816261184334, y=0.16358609480780917, z=2.940798151618673), 495345000000, 
0.5309812696137292, 1.9331109970933857, geometry_msgs.msg.Vector3(x=0.7982750007695442, y=0.16296907485244602, z=2.939278156600753), 495352000000, 
-1.0397991175000285, -0.7607061242731259, -0.6149278756142175, 495355000000, 
0.5241302555938584, 1.9793677910018577, geometry_msgs.msg.Vector3(x=0.7934874378454829, y=0.1611942531418465, z=2.9366793485543172), 495357000000, 
0.4942150762477659, 1.9926073567342129, geometry_msgs.msg.Vector3(x=0.7902003953772695, y=0.16005283785080976, z=2.9351814567731274), 495362000000, 
0.5188620827092687, 2.0183096275709738, geometry_msgs.msg.Vector3(x=0.7860701061458903, y=0.15934901630256013, z=2.9336927138601387), 495367000000, 
0.5159861186266452, 2.064726862922029, geometry_msgs.msg.Vector3(x=0.7829396130981212, y=0.1579664277006507, z=2.932090218297241), 495372000000, 
0.541180124398436, 2.0708906164320346, geometry_msgs.msg.Vector3(x=0.7790754075632383, y=0.15747196788862414, z=2.930852049652012), 495377000000, 
0.5640004601154325, 2.1353512162663026, geometry_msgs.msg.Vector3(x=0.7761483469418766, y=0.15607310711448344, z=2.9298774350837373), 495382000000, 
0.5893695895085088, 2.1530845399512035, geometry_msgs.msg.Vector3(x=0.7728328004783175, y=0.1546629541380611, z=2.928243911542152), 495387000000, 
-1.030894882182413, -0.7666236449240088, -0.515135906936839, 495389000000, 
0.5245047103732876, 2.1821274157469905, geometry_msgs.msg.Vector3(x=0.7693371101429404, y=0.15388068373796593, z=2.9268958471575752), 495392000000, 
0.5813588395225068, 2.2042991808014967, geometry_msgs.msg.Vector3(x=0.7661579723943311, y=0.15296353051914824, z=2.9258470636415828), 495397000000, 
0.5784660060741118, 2.251449189368616, geometry_msgs.msg.Vector3(x=0.7626069480081475, y=0.15212107638623812, z=2.9245241416651533), 495402000000, 
0.5878878759795149, 2.276644746635618, geometry_msgs.msg.Vector3(x=0.7604532190190164, y=0.1513448828572918, z=2.9238154239752046), 495407000000, 
0.5925601359319193, 2.327584366427069, geometry_msgs.msg.Vector3(x=0.75617623599397, y=0.14971067006834884, z=2.9218907518790815), 495412000000, 
0.6288596812241427, 2.3444412126123, geometry_msgs.msg.Vector3(x=0.7516448518152897, y=0.14799126005253047, z=2.9198958104149924), 495418000000, 
-1.0214180716187602, -0.7715994038232492, -0.4157836525214533, 495423000000, 
0.6546225354262178, 2.362580162780049, geometry_msgs.msg.Vector3(x=0.7485335279090626, y=0.1470134907316131, z=2.918884861349416), 495423000000, 
0.6562412482703815, 2.3976844731427867, geometry_msgs.msg.Vector3(x=0.7449266903348881, y=0.1462217110996665, z=2.9180468826488184), 495428000000, 
0.6853133131661698, 2.4339515950595363, geometry_msgs.msg.Vector3(x=0.742827456124488, y=0.14563842586024653, z=2.9169836079347657), 495433000000, 
0.6602968122897185, 2.433273701559705, geometry_msgs.msg.Vector3(x=0.7395590098404349, y=0.14416570976744247, z=2.915682239162367), 495438000000, 
0.6912306443532638, 2.4674812448872925, geometry_msgs.msg.Vector3(x=0.7365534028589058, y=0.14341494035110325, z=2.9146361564374974), 495443000000, 
0.6953406232782116, 2.5187026132244785, geometry_msgs.msg.Vector3(x=0.7332209820040759, y=0.1423013618616063, z=2.913286888123163), 495448000000, 
0.7117781728568828, 2.5212710154924243, geometry_msgs.msg.Vector3(x=0.7300189314422612, y=0.14111808724494931, z=2.9122721348646987), 495453000000, 
-1.0114654487827153, -0.7755601718852209, -0.3168588075528072, 495457000000, 
0.7429833826080204, 2.5645175685250226, geometry_msgs.msg.Vector3(x=0.7272770186409966, y=0.14024961212040823, z=2.911151038712497), 495458000000, 
0.7533005807980345, 2.588498658366134, geometry_msgs.msg.Vector3(x=0.7240430795092835, y=0.1390372908610901, z=2.9101927647613497), 495463000000, 
0.8115720074787475, 2.585061677659903, geometry_msgs.msg.Vector3(x=0.7209651340444999, y=0.1382485755232937, z=2.9084101980720214), 495468000000, 
0.8054409999145151, 2.688931960092964, geometry_msgs.msg.Vector3(x=0.7173731598355181, y=0.13669944125341138, z=2.9072834565293415), 495476000000, 
0.8172525419454921, 2.6747541499064886, geometry_msgs.msg.Vector3(x=0.7125837937335838, y=0.13569570532034425, z=2.905163444145629), 495481000000, 
0.8147421715322628, 2.703763840310257, geometry_msgs.msg.Vector3(x=0.7097116606109685, y=0.1344336357604062, z=2.9037494095058234), 495486000000, 
-38.49544444075689, 35.50627764158144, geometry_msgs.msg.Vector3(x=0.6990848717967839, y=0.1561027954505968, z=2.869764168256252), 495491000000, 
-1.0011631288986447, -0.7784216370248858, -0.2183743085023548, 495491000000, 
21.303122213955398, -23.96887729548945, geometry_msgs.msg.Vector3(x=0.6938414891540571, y=0.1512337812060423, z=2.878903684862209), 495496000000, 
31.82068980227623, -7.562847124399354, geometry_msgs.msg.Vector3(x=0.692826935733551, y=0.14491793127457225, z=2.8918342113921294), 495501000000, 
-9.011290539015635, 6.814593692561198, geometry_msgs.msg.Vector3(x=0.6923728474734907, y=0.1459763769728234, z=2.885771125846128), 495506000000, 
-2.4353686496542952, 3.3650870116780105, geometry_msgs.msg.Vector3(x=0.6911962131733722, y=0.14577410220840806, z=2.883443564182973), 495511000000, 
0.18682912845869834, 2.2429526750445117, geometry_msgs.msg.Vector3(x=0.6892670227416459, y=0.14495963498670306, z=2.8813972083683117), 495516000000, 
-31.011853500791712, 35.01596473288265, geometry_msgs.msg.Vector3(x=0.6813166969194361, y=0.1635388369582501, z=2.8506444881406994), 495521000000, 
-0.9914646451494912, -0.7797445176395796, -0.12079571943033296, 495525000000, 
23.21374380864035, -28.046922237615775, geometry_msgs.msg.Vector3(x=0.6746981972278062, y=0.1583685707907085, z=2.861153381038926), 495526000000, 
20.848269412849117, -5.727432520553313, geometry_msgs.msg.Vector3(x=0.6736568687458044, y=0.15383176688816536, z=2.8712236939614457), 495531000000, 
-6.366919177050164, 7.193177545877189, geometry_msgs.msg.Vector3(x=0.6747585068212294, y=0.15495998599653332, z=2.867235474834358), 495536000000, 
-37.55341003019445, 43.57891226886958, geometry_msgs.msg.Vector3(x=0.6692592877752044, y=0.1728410468655854, z=2.8373236826193233), 495541000000, 
30.779087464498897, -31.63035602819227, geometry_msgs.msg.Vector3(x=0.6620101034734583, y=0.16635181398156484, z=2.8519279999517053), 495546000000, 
10.187176698325418, -0.16685047325550015, geometry_msgs.msg.Vector3(x=0.6619793290382335, y=0.1638600658352644, z=2.856903249707732), 495551000000, 
-23.647377612330637, 29.90449928450333, geometry_msgs.msg.Vector3(x=0.6577735953684437, y=0.1780860235056905, z=2.8325165067007148), 495556000000, 
-0.9812764983862488, -0.7804762960787959, -0.024005564813564938, 495559000000, 
22.57073285662684, -22.019164528653697, geometry_msgs.msg.Vector3(x=0.6526278031619406, y=0.17304175731574128, z=2.842532200519696), 495561000000, 
-16.60391517180116, 24.343909257974698, geometry_msgs.msg.Vector3(x=0.6494702926621716, y=0.1839365627665703, z=2.8242288060529166), 495566000000, 
16.72016376336667, -16.735240678710788, geometry_msgs.msg.Vector3(x=0.6462947428177532, y=0.1804255364360488, z=2.832319692891531), 495571000000, 
-12.499213260205021, 19.89671711582084, geometry_msgs.msg.Vector3(x=0.6436644826615556, y=0.1889094873437445, z=2.8163339962209233), 495576000000, 
0.7296531206170234, 3.2930999563008365, geometry_msgs.msg.Vector3(x=0.6384349935457223, y=0.19362916081543993, z=2.8087858877611733), 495581000000, 
-3.944752608745044, 5.0099300149180195, geometry_msgs.msg.Vector3(x=0.6347057109236006, y=0.1982424241740339, z=2.8007120974009707), 495586000000, 
-5.052645464562231, 7.938144393460596, geometry_msgs.msg.Vector3(x=0.6339661420949905, y=0.2014395301585464, z=2.794198820434848), 495591000000, 
-0.9713524253688701, -0.7798245811554202, 0.07177243993517068, 495593000000, 
-9.516670604022746, 15.361346153364558, geometry_msgs.msg.Vector3(x=0.6329590626606596, y=0.20752015372103128, z=2.782614590790087), 495596000000, 
-6.239476117359689, 10.322721295024284, geometry_msgs.msg.Vector3(x=0.6326238989816078, y=0.21157950392286362, z=2.7749741736908216), 495601000000, 
-9.450738210753, 12.24461050334121, geometry_msgs.msg.Vector3(x=0.6302301333444409, y=0.218421209603946, z=2.765094115250371), 495606000000, 
-6.773824893458966, 2.299259846572838, geometry_msgs.msg.Vector3(x=0.6278347093503456, y=0.22300377885158326, z=2.761475100338822), 495611000000, 
-9.824621361408763, 3.5152625522966434, geometry_msgs.msg.Vector3(x=0.6244693532250443, y=0.23029568338493997, z=2.7557300598427554), 495616000000, 
-6.731853524062776, 2.5414626886014045, geometry_msgs.msg.Vector3(x=0.6218520939320726, y=0.23535882628883717, z=2.7521130186220217), 495621000000, 
-10.151282550078962, 4.02118112024509, geometry_msgs.msg.Vector3(x=0.6180605336679597, y=0.24294375016944464, z=2.746268724723663), 495626000000, 
-0.9717379755889921, -0.7723415079562687, 0.165943123273866, 495627000000, 
-5.256443155755925, 2.1403104392781303, geometry_msgs.msg.Vector3(x=0.6170883547983255, y=0.24503998807321398, z=2.7449088081787187), 495631000000, 
-6.304180977430371, 3.4188893717325057, geometry_msgs.msg.Vector3(x=0.6126547744375931, y=0.2541205983255052, z=2.7388025967544447), 495636000000, 
0.69861151764472, 1.6641666522627074, geometry_msgs.msg.Vector3(x=0.6090797026210012, y=0.25974641002350524, z=2.738173312049208), 495641000000, 
0.6008598414857083, 1.543059044341637, geometry_msgs.msg.Vector3(x=0.6078973882258879, y=0.26127563207635607, z=2.738240562048314), 495646000000, 
0.5763111180303959, 1.5196155666592452, geometry_msgs.msg.Vector3(x=0.6046492412587157, y=0.26671310908825685, z=2.7375076275956034), 495651000000, 
0.8788578104389121, 1.98794610258068, geometry_msgs.msg.Vector3(x=0.6013207431057976, y=0.27179197521613974, z=2.7368154646160137), 495656000000, 
0.58545050681043, 1.3564728959030963, geometry_msgs.msg.Vector3(x=0.5989120718095361, y=0.27538045937606337, z=2.7366875755220623), 495661000000, 
-0.9801413674844375, -0.764848809160996, 0.2596345901224054, 495661000000, 
0.9374505259422509, 2.084773614573021, geometry_msgs.msg.Vector3(x=0.5957940895151776, y=0.2809939375763991, z=2.7354758246338227), 495666000000, 
0.5815476258601004, 1.3910159046625552, geometry_msgs.msg.Vector3(x=0.59327766200653, y=0.28452636015180166, z=2.7354301010099915), 495671000000, 
0.9369461229703749, 2.0374112107577997, geometry_msgs.msg.Vector3(x=0.5900727670701931, y=0.2896765647310048, z=2.7346381018926067), 495676000000, 
0.8217474992288358, 1.7233212666730875, geometry_msgs.msg.Vector3(x=0.5857048644610818, y=0.29696243661607635, z=2.733807545310917), 495683000000, 
0.8309806293533153, 1.7078799219869585, geometry_msgs.msg.Vector3(x=0.5838392594803148, y=0.30005359891336386, z=2.7329124355544994), 495688000000, 
0.6766948085790011, 1.407138624141485, geometry_msgs.msg.Vector3(x=0.5818948829355894, y=0.30342026442848313, z=2.7326068972859936), 495693000000, 
-0.9893990369379632, -0.7581892132560676, 0.3535248307083287, 495695000000, 
1.115323581464749, 2.1328614590717216, geometry_msgs.msg.Vector3(x=0.5777920794892064, y=0.30884721739150794, z=2.7313373824221383), 495698000000, 
0.7022032469279657, 1.4051024854638132, geometry_msgs.msg.Vector3(x=0.5763714148348507, y=0.31244320839601103, z=2.7305707165983515), 495703000000, 
1.065993512893191, 2.0478579438348627, geometry_msgs.msg.Vector3(x=0.5729358639375473, y=0.317550981130768, z=2.7298619440235896), 495708000000, 
0.7228502838701422, 1.417290387947235, geometry_msgs.msg.Vector3(x=0.570605451376281, y=0.3212992657650229, z=2.729440703785246), 495713000000, 
1.1396469291256248, 2.163882279022334, geometry_msgs.msg.Vector3(x=0.567410297861737, y=0.3269354377912814, z=2.7280694468625017), 495718000000, 
0.7336940728633663, 1.4007335526347713, geometry_msgs.msg.Vector3(x=0.5646557873708834, y=0.33033976874144005, z=2.727728147523518), 495723000000, 
-0.9992318538209014, -0.7524163858924835, 0.4476240149192045, 495729000000, 
1.1366581102123634, 2.033078080459982, geometry_msgs.msg.Vector3(x=0.5605524424788242, y=0.33765946584260637, z=2.726558273638692), 495729000000, 
0.9873661953877967, 1.7718004028897787, geometry_msgs.msg.Vector3(x=0.5578122227749103, y=0.34077144313105945, z=2.7258783692192345), 495734000000, 
0.7816164705816863, 1.428624016898527, geometry_msgs.msg.Vector3(x=0.5560049633930314, y=0.34400038981352954, z=2.7250524744419953), 495739000000, 
1.2632985537010701, 2.107713885141457, geometry_msgs.msg.Vector3(x=0.5524614717485687, y=0.34959080058841047, z=2.723720226752826), 495744000000, 
0.829007056716952, 1.405212416644681, geometry_msgs.msg.Vector3(x=0.5503013322945275, y=0.3529177879342956, z=2.7234943674202463), 495749000000, 
1.2946917042158053, 2.1881162861886234, geometry_msgs.msg.Vector3(x=0.5464058245808401, y=0.358232244661294, z=2.7224780381171687), 495754000000, 
0.8305046808498546, 1.4068499785362392, geometry_msgs.msg.Vector3(x=0.5442346852381018, y=0.3618094744933764, z=2.7221911816927182), 495759000000, 
-1.0095508126965704, -0.7475742104916546, 0.5419463871359305, 495763000000, 
1.2946529099791044, 2.0867191087129613, geometry_msgs.msg.Vector3(x=0.5403350014127813, y=0.36696632088392594, z=2.7210725028060163), 495764000000, 
0.8292652049914665, 1.462526301846712, geometry_msgs.msg.Vector3(x=0.5383918455864342, y=0.37059291219102286, z=2.7205695419378086), 495769000000, 
1.3495752004301942, 2.189508322043221, geometry_msgs.msg.Vector3(x=0.5351262757595145, y=0.3760898187467848, z=2.7199122201229984), 495774000000, 
0.9544572340595563, 1.5782549237686054, geometry_msgs.msg.Vector3(x=0.5302848731876411, y=0.3828814008030699, z=2.719113521662553), 495782000000, 
1.1262146146311836, 1.8104638621857325, geometry_msgs.msg.Vector3(x=0.528033483730839, y=0.3865680964483824, z=2.7187412084090514), 495787000000, 
1.3671903552995341, 2.142359634575039, geometry_msgs.msg.Vector3(x=0.524090459307507, y=0.3917236523512597, z=2.7181771716300305), 495792000000, 
0.9301622098249507, 1.4433550998424964, geometry_msgs.msg.Vector3(x=0.5222971297499831, y=0.3951526652616064, z=2.7177687131128425), 495797000000, 
-1.020269441800684, -0.7436964748654141, 0.6365429095585468, 495797000000, 
1.4213928238512612, 2.180112989671245, geometry_msgs.msg.Vector3(x=0.518778801715463, y=0.4004546193265634, z=2.7172999851982715), 495802000000, 
0.9342095061508142, 1.4422423542109395, geometry_msgs.msg.Vector3(x=0.5169529972538467, y=0.4037661776963199, z=2.716848582003285), 495807000000, 
1.4294675852411511, 2.1344277869127457, geometry_msgs.msg.Vector3(x=0.5133375776727733, y=0.40919772064845666, z=2.71663495166469), 495812000000, 
0.9656570664445737, 1.4250189513606673, geometry_msgs.msg.Vector3(x=0.5112907763428952, y=0.41297701357092337, z=2.7162495525408996), 495817000000, 
1.5204386370601761, 2.1816070780578376, geometry_msgs.msg.Vector3(x=0.5076548406561471, y=0.4178642400005096, z=2.7159282475779722), 495822000000, 
1.2280600480004669, 1.7738047813533808, geometry_msgs.msg.Vector3(x=0.5045345349816629, y=0.42323050982456767, z=2.715707715844122), 495827000000, 
1.222125980593671, 1.798487328107319, geometry_msgs.msg.Vector3(x=0.5021357236737134, y=0.42646379785250926, z=2.715456073120661), 495832000000, 
-1.0313017596038605, -0.740810490250459, 0.7314716708557071, 495831000000, 
0.9810369351612677, 1.4116729069014329, geometry_msgs.msg.Vector3(x=0.5003880216408725, y=0.42975747918631746, z=2.7155036894250633), 495837000000, 
1.3095827624669754, 1.7781460649061112, geometry_msgs.msg.Vector3(x=0.4986760904005998, y=0.43164069244068004, z=2.7149001253895326), 495842000000, 
1.2783966441523638, 1.770422794977395, geometry_msgs.msg.Vector3(x=0.4948515238853282, y=0.43874708705652954, z=2.7147426201390017), 495847000000, 
1.5662569891334817, 2.1213664085065673, geometry_msgs.msg.Vector3(x=0.491365572951754, y=0.4443127195301462, z=2.714327951782123), 495852000000, 
1.0176538631516148, 1.3840568154839583, geometry_msgs.msg.Vector3(x=0.4893879721451934, y=0.4472701746074323, z=2.71391430381324), 495857000000, 
1.5996337472135203, 2.137862794914287, geometry_msgs.msg.Vector3(x=0.48604435052244066, y=0.45270231878044287, z=2.7135294559859844), 495862000000, 
-1.04255718864404, -0.7389385373010755, 0.8267540542447752, 495865000000, 
1.0295471388081174, 1.3824693275518691, geometry_msgs.msg.Vector3(x=0.4840238294790637, y=0.45587431401119743, z=2.713711015287298), 495867000000, 
1.5851772826250894, 2.07450006389258, geometry_msgs.msg.Vector3(x=0.48087241025596855, y=0.46140371134530317, z=2.7130894861577577), 495872000000, 
1.0654186537424526, 1.4062397754360132, geometry_msgs.msg.Vector3(x=0.4786232184883489, y=0.464537630979218, z=2.7124900235167297), 495877000000, 
1.6530273187113627, 2.0848557285670064, geometry_msgs.msg.Vector3(x=0.47564557538155167, y=0.4700669839914889, z=2.71175789223188), 495882000000, 
1.175793602277028, 1.5740293671158874, geometry_msgs.msg.Vector3(x=0.4715096136511676, y=0.47701976626654563, z=2.7113563817245927), 495890000000, 
1.6591225277191237, 2.049139862169177, geometry_msgs.msg.Vector3(x=0.46767662908097823, y=0.48236626531986826, z=2.710788384192843), 495895000000, 
-1.0539388556989826, -0.7380957821706704, 0.9223613540803798, 495899000000, 
1.3453032085869636, 1.6883772154399448, geometry_msgs.msg.Vector3(x=0.4661261462193168, y=0.48569306212296454, z=2.7104800883253106), 495900000000, 
1.0920231535081617, 1.3437038968023833, geometry_msgs.msg.Vector3(x=0.46360131716041436, y=0.4889589480018199, z=2.7099456524511947), 495905000000, 
1.6744216835319912, 2.045639791109492, geometry_msgs.msg.Vector3(x=0.4606310383417518, y=0.49437404447538164, z=2.709271842450333), 495910000000, 
1.0633618150309654, 1.3730220737776062, geometry_msgs.msg.Vector3(x=0.45859741181481917, y=0.4979469992725093, z=2.7089065521246085), 495915000000, 
1.694746657115648, 1.9984513980808738, geometry_msgs.msg.Vector3(x=0.4545872041745769, y=0.5031140864383041, z=2.708383299218478), 495920000000, 
1.0900740700319218, 1.356524629405077, geometry_msgs.msg.Vector3(x=0.4524614235231797, y=0.5066405418252778, z=2.708188956160798), 495925000000, 
1.7474890312585036, 1.9956123967029944, geometry_msgs.msg.Vector3(x=0.44897780462455006, y=0.5117246094528447, z=2.70755218440663), 495930000000, 
-1.0653475627755704, -0.7382879496404577, 1.018241749600483, 495933000000, 
1.0806944525204554, 1.3370111138333574, geometry_msgs.msg.Vector3(x=0.4474599020060992, y=0.5150250471212736, z=2.7071951113098125), 495935000000, 
1.7278420942386652, 2.0021896249819315, geometry_msgs.msg.Vector3(x=0.44371818832430726, y=0.5205442744496594, z=2.7063154247852244), 495940000000, 
1.409149272523886, 1.633621055508563, geometry_msgs.msg.Vector3(x=0.4390037742362651, y=0.5277540096900826, z=2.7061885202910765), 495947000000, 
1.1319029287180562, 1.2970919995755332, geometry_msgs.msg.Vector3(x=0.4370122842301078, y=0.5308117427043751, z=2.705362949313599), 495952000000, 
1.4439423913646523, 1.6446424552974286, geometry_msgs.msg.Vector3(x=0.43462961064060684, y=0.5344665513059546, z=2.7049961261905486), 495957000000, 
1.779706309635658, 1.9717964500005098, geometry_msgs.msg.Vector3(x=0.4315020853140951, y=0.5399589664883699, z=2.704731500631825), 495962000000, 
1.1260717385438939, 1.2817127767677288, geometry_msgs.msg.Vector3(x=0.42909125697187306, y=0.5431508130952376, z=2.7044100954772685), 495967000000, 
-1.0766870765683096, -0.7395116818428998, 1.1143555375757666, 495967000000, 
1.7674287359435126, 1.9092830965138992, geometry_msgs.msg.Vector3(x=0.42560564732685885, y=0.5484859020138106, z=2.703621220568865), 495972000000, 
1.1503380489416095, 1.2505147595310606, geometry_msgs.msg.Vector3(x=0.4236461038166351, y=0.551814391368238, z=2.7035662931484437), 495977000000, 
1.7693089321012954, 1.9120507685025696, geometry_msgs.msg.Vector3(x=0.42035720988305636, y=0.557148532679977, z=2.703435964559028), 495982000000, 
1.134688860553756, 1.229601237257331, geometry_msgs.msg.Vector3(x=0.4180727781504943, y=0.5604670715188608, z=2.7030479595942927), 495987000000, 
1.7547036504744158, 1.8661982798492256, geometry_msgs.msg.Vector3(x=0.4145728119689297, y=0.5655042835842812, z=2.7028374216232), 495992000000, 
1.1438496071624962, 1.232408168905223, geometry_msgs.msg.Vector3(x=0.4124981645456886, y=0.5690756742706241, z=2.702736511318879), 495997000000, 
1.443402344791234, 1.5283371678902407, geometry_msgs.msg.Vector3(x=0.4092010651451069, y=0.5745401609826319, z=2.702303811236478), 496002000000, 
-1.087865374621181, -0.7417565944900066, 1.210681761957376, 496001000000, 
1.4223856291125252, 1.5201261891283944, geometry_msgs.msg.Vector3(x=0.40710326407558345, y=0.5779684464404125, z=2.7019986745846087), 496007000000, 
1.4468524934585973, 1.539801246098474, geometry_msgs.msg.Vector3(x=0.40347336988075977, y=0.5834539673765604, z=2.7018312032518863), 496012000000, 
1.4995184854672177, 1.5055116879336734, geometry_msgs.msg.Vector3(x=0.4014099986041623, y=0.5871675281868807, z=2.701736025498884), 496017000000, 
1.734055601750181, 1.7920839436425706, geometry_msgs.msg.Vector3(x=0.3978142085468624, y=0.5918988818388073, z=2.701458832649253), 496022000000, 
1.1310517378145848, 1.1864645203561925, geometry_msgs.msg.Vector3(x=0.3953998673869035, y=0.5958331652253432, z=2.7017920845751124), 496027000000, 
1.7293210698488577, 1.7797491324533294, geometry_msgs.msg.Vector3(x=0.3923820907015722, y=0.6010782539785661, z=2.7014540666661366), 496032000000, 
-1.098791820515909, -0.7450059395404014, 1.3071952434182121, 496035000000, 
1.1449474349796642, 1.1780731414622514, geometry_msgs.msg.Vector3(x=0.39055315304221444, y=0.6041255112984752, z=2.7012940517002444), 496037000000, 
1.759098926010318, 1.751692423576774, geometry_msgs.msg.Vector3(x=0.38714816228402427, y=0.6097447259720912, z=2.701227482506765), 496042000000, 
1.130851389518464, 1.1395205660685126, geometry_msgs.msg.Vector3(x=0.3849758286461111, y=0.6129471712029864, z=2.700732263981828), 496047000000, 
1.7533183849842602, 1.7692578335203577, geometry_msgs.msg.Vector3(x=0.38158355147051215, y=0.6185692319158935, z=2.700710611797246), 496052000000, 
1.222070745069675, 1.2320670419649051, geometry_msgs.msg.Vector3(x=0.3784684182219887, y=0.623486201314417, z=2.7000718062038973), 496058000000, 
1.4183832276376573, 1.3979812386609705, geometry_msgs.msg.Vector3(x=0.3758369813441504, y=0.6271445771197887, z=2.700154488242661), 496063000000, 
1.730803209162835, 1.6692768487362304, geometry_msgs.msg.Vector3(x=0.37288850558191433, y=0.6323704050966641, z=2.700252257330982), 496068000000, 
-1.1093748866656576, -0.7492352632320759, 1.4038454652975871, 496069000000, 
1.1017618146293335, 1.0973006369423544, geometry_msgs.msg.Vector3(x=0.37073360619745205, y=0.6360559074289448, z=2.700031696719635), 496073000000, 
1.694581767425852, 1.66383493544113, geometry_msgs.msg.Vector3(x=0.36776807649484095, y=0.6414693295019195, z=2.6996633466343827), 496078000000, 
1.1040348707092216, 1.0794851718523193, geometry_msgs.msg.Vector3(x=0.3650707708679418, y=0.6447701953227908, z=2.6997571350433023), 496083000000, 
1.7046487482669395, 1.606117543622106, geometry_msgs.msg.Vector3(x=0.3615969471379819, y=0.6500959596080979, z=2.6993685348959215), 496088000000, 
1.0944589286347748, 1.0376522081866695, geometry_msgs.msg.Vector3(x=0.3599546852302308, y=0.6537415215770311, z=2.6990549069755176), 496093000000, 
1.7018000967079832, 1.5776968628621346, geometry_msgs.msg.Vector3(x=0.35602827441325796, y=0.6586232786188342, z=2.69885996999134), 496098000000, 
1.0700864731678124, 1.0454627659609923, geometry_msgs.msg.Vector3(x=0.35405994700314375, y=0.6624453799526057, z=2.6987217683626286), 496103000000, 
-1.1195235134286026, -0.7544114026240273, 1.5005622777449938, 496103000000, 
1.6859889759892774, 1.5850340713003443, geometry_msgs.msg.Vector3(x=0.35063187228582043, y=0.6677585586573211, z=2.698973531808117), 496108000000, 
1.0840333524898211, 1.0142556663694295, geometry_msgs.msg.Vector3(x=0.34863321154833266, y=0.6713218647619487, z=2.6985643760237483), 496113000000, 
1.4941031815084167, 1.4166350834238488, geometry_msgs.msg.Vector3(x=0.3430818456338985, y=0.680175486545235, z=2.698119452359532), 496121000000, 
1.3269951187551934, 1.2499811154289961, geometry_msgs.msg.Vector3(x=0.3403321857782481, y=0.6837607229430716, z=2.6981279677163883), 496126000000, 
1.0415851114635584, 0.9598309173151487, geometry_msgs.msg.Vector3(x=0.33851999596519866, y=0.6873895396827417, z=2.6981703934589194), 496131000000, 
1.608412540282404, 1.4731827033017386, geometry_msgs.msg.Vector3(x=0.33463105903918444, y=0.692832048756575, z=2.697877830994517), 496136000000, 
-1.1291502081917375, -0.7604934462702063, 1.5972788130333562, 496137000000, 
1.016078519572418, 0.9389095457769036, geometry_msgs.msg.Vector3(x=0.3328953052472343, y=0.6961807776325639, z=2.6977807977497354), 496141000000, 
1.5706273653944607, 1.4375060241741768, geometry_msgs.msg.Vector3(x=0.32952461675164996, y=0.700972529839924, z=2.697510818350224), 496146000000, 
1.0047324259748542, 0.943741440040397, geometry_msgs.msg.Vector3(x=0.3274040996857691, y=0.7055551084351482, z=2.6971131801473245), 496151000000, 
1.5687126990950113, 1.4093406176277112, geometry_msgs.msg.Vector3(x=0.3242156469804453, y=0.7107724272585914, z=2.697219889537611), 496156000000, 
1.0041849176710074, 0.9039155537937591, geometry_msgs.msg.Vector3(x=0.32177049701709987, y=0.7143079175369463, z=2.6969226886727067), 496161000000, 
1.528601426203263, 1.3892439796623122, geometry_msgs.msg.Vector3(x=0.31851018643891477, y=0.719608433299846, z=2.6966667804018405), 496166000000, 
-1.1381722367332257, -0.7674340886770594, 1.6939426365184034, 496171000000, 
0.9825942566482495, 0.8803897883568357, geometry_msgs.msg.Vector3(x=0.3160937051174057, y=0.722752009577039, z=2.696525271311884), 496171000000, 
1.2242726260070427, 1.1078529927867196, geometry_msgs.msg.Vector3(x=0.3130474198116942, y=0.7284327449954564, z=2.6965807725604263), 496176000000, 
1.4948663830949602, 1.3492750219465057, geometry_msgs.msg.Vector3(x=0.3094814304068315, y=0.7340900707671858, z=2.6963901176804814), 496181000000, 
1.1836833207629487, 1.0693513279249858, geometry_msgs.msg.Vector3(x=0.30712348627970326, y=0.7376364117734963, z=2.69666683183535), 496186000000, 
0.9478503485107009, 0.8416216061835867, geometry_msgs.msg.Vector3(x=0.305058190197043, y=0.7408254156495621, z=2.6966032349573545), 496191000000, 
1.4604062544811938, 1.285995148376071, geometry_msgs.msg.Vector3(x=0.30158410612014724, y=0.7466291046913484, z=2.6965667305631826), 496196000000, 
0.8989199645713385, 0.8285982818597847, geometry_msgs.msg.Vector3(x=0.2994892326847279, y=0.7501824405899576, z=2.696162143238212), 496201000000, 
-1.1465105414675725, -0.7751791611264134, 1.790504688230914, 496205000000, 
1.3830327111169938, 1.2812126434748232, geometry_msgs.msg.Vector3(x=0.2962586409229697, y=0.7554590742784806, z=2.6957279984830587), 496206000000, 
0.8821969658159706, 0.8243871452520347, geometry_msgs.msg.Vector3(x=0.29387312841858276, y=0.7595842618415505, z=2.6964949767214867), 496211000000, 
1.3239988219752434, 1.2129653004958452, geometry_msgs.msg.Vector3(x=0.29019522251389995, y=0.7646447517725943, z=2.6957226797498546), 496216000000, 
0.9220170104017047, 0.8609157891650506, geometry_msgs.msg.Vector3(x=0.28810891174447606, y=0.7688069614546654, z=2.6958020624147174), 496221000000, 
1.0751591263208498, 1.0100967434025065, geometry_msgs.msg.Vector3(x=0.285443272603619, y=0.7735676622702895, z=2.695679900592621), 496226000000, 
1.0580736733015343, 0.9671395486154895, geometry_msgs.msg.Vector3(x=0.282378246281754, y=0.7782680168713952, z=2.6954383939338666), 496231000000, 
1.0390585239639258, 0.9732262685397245, geometry_msgs.msg.Vector3(x=0.2798516876900203, y=0.7828547467683141, z=2.6948581802894114), 496236000000, 
-1.1540820700938665, -0.7836721733897059, 1.886907006386578, 496239000000, 
1.0527396903001311, 0.9957018975912914, geometry_msgs.msg.Vector3(x=0.27665167041713423, y=0.7872004940925184, z=2.6949586326913404), 496241000000, 
1.0113095663839917, 0.957695856747179, geometry_msgs.msg.Vector3(x=0.2741442550017717, y=0.7918243916645555, z=2.694541572163128), 496246000000, 
0.9733202705286437, 0.9460851793906568, geometry_msgs.msg.Vector3(x=0.27089483372338574, y=0.7964110064028117, z=2.694446595735337), 496251000000, 
0.9601577621227344, 0.9102738994429245, geometry_msgs.msg.Vector3(x=0.2684008970457545, y=0.8006607074414255, z=2.694083831889784), 496256000000, 
0.9427201666835211, 0.9284084604337349, geometry_msgs.msg.Vector3(x=0.2657391993376721, y=0.8055047844215686, z=2.694223123540481), 496261000000, 
0.9011436665032683, 0.9153985459567096, geometry_msgs.msg.Vector3(x=0.2609638542024109, y=0.8131230793339378, z=2.693582037839515), 496268000000, 
0.8711736763664104, 0.8801278865453833, geometry_msgs.msg.Vector3(x=0.2585811668189167, y=0.8163091800618969, z=2.6934431394651197), 496273000000, 
-1.1608187929742386, -0.7928391272271723, 1.9830926523710293, 496273000000, 
0.8960620072970452, 0.8854165683299537, geometry_msgs.msg.Vector3(x=0.2555925737580186, y=0.8213119748110573, z=2.693334101343632), 496278000000, 
0.8428924131002884, 0.9074189785593829, geometry_msgs.msg.Vector3(x=0.2527235927836504, y=0.8259649460900683, z=2.6931631263781117), 496283000000, 
0.8562520491391562, 0.8588010694073057, geometry_msgs.msg.Vector3(x=0.2499001456510448, y=0.830158206285247, z=2.6928493459507266), 496288000000, 
0.8116493678944231, 0.865460990629425, geometry_msgs.msg.Vector3(x=0.2469524712121556, y=0.834960199801822, z=2.692688704477879), 496293000000, 
0.7810033102188974, 0.8528692659676141, geometry_msgs.msg.Vector3(x=0.24368957711922815, y=0.8399915462294779, z=2.692599558843523), 496298000000, 
0.7709178033887273, 0.8495309389309944, geometry_msgs.msg.Vector3(x=0.2410854769603655, y=0.844205969836251, z=2.692437245053986), 496303000000, 
-1.1666614831994278, -0.802601065096163, 2.07903169161626, 496307000000, 
0.7192103321483287, 0.8442370219789465, geometry_msgs.msg.Vector3(x=0.23795295637885033, y=0.8495783592928906, z=2.6923848553038017), 496308000000, 
0.7375158297178013, 0.8278383736910894, geometry_msgs.msg.Vector3(x=0.23567567112390167, y=0.853031189431552, z=2.6918524971432753), 496313000000, 
0.6729379466074374, 0.8436507597176632, geometry_msgs.msg.Vector3(x=0.23118808656247009, y=0.8603592114839338, z=2.691877757253124), 496319000000, 
0.6519229075346504, 0.8077047395475573, geometry_msgs.msg.Vector3(x=0.22868602637502028, y=0.8642068961618644, z=2.6919990396202147), 496324000000, 
0.6243429705748087, 0.8005779055825479, geometry_msgs.msg.Vector3(x=0.22590487380896548, y=0.8688914775696741, z=2.6918547199882292), 496329000000, 
0.6159682881465143, 0.8120924228272954, geometry_msgs.msg.Vector3(x=0.22295412648264354, y=0.8731883044641322, z=2.6916308464945264), 496334000000, 
0.5811125046173666, 0.7829704929419444, geometry_msgs.msg.Vector3(x=0.22004100733526177, y=0.878171231884976, z=2.691700247637447), 496339000000, 
-1.1715545725822576, -0.8128795067543889, 2.1747307355708307, 496341000000, 
0.553896193838715, 0.7704332512924661, geometry_msgs.msg.Vector3(x=0.2170672027593598, y=0.8826027438791951, z=2.691499659543006), 496344000000, 
0.5453769868632999, 0.8144590200940536, geometry_msgs.msg.Vector3(x=0.21423438870277406, y=0.8878622125917549, z=2.691583416433426), 496349000000, 
0.5286348936627505, 0.7653858649209738, geometry_msgs.msg.Vector3(x=0.2118509962289525, y=0.8924139822423752, z=2.69140779777397), 496354000000, 
0.4798693961187034, 0.7474796290341937, geometry_msgs.msg.Vector3(x=0.2089976862612329, y=0.8969356099655714, z=2.6914881030725692), 496359000000, 
0.445626013889093, 0.7662301709312694, geometry_msgs.msg.Vector3(x=0.20668500690056515, y=0.9008540001443687, z=2.690947684266956), 496364000000, 
0.39157715728893056, 0.7544063102793219, geometry_msgs.msg.Vector3(x=0.20319200652171182, y=0.9063329476237539, z=2.6914545440107265), 496369000000, 
0.40175256443104546, 0.7001391617534196, geometry_msgs.msg.Vector3(x=0.2004579467240097, y=0.9113319740053978, z=2.691382481258966), 496374000000, 
-1.175448493500005, -0.8235909281351991, 2.270210647429857, 496375000000, 
78.44052823456008, -40.632342323044256, geometry_msgs.msg.Vector3(x=0.19200285558033192, y=0.9007768167525971, z=2.7299984149097085), 496379000000, 
30.917102351689124, -16.24935861243714, geometry_msgs.msg.Vector3(x=0.1867758931465159, y=0.8983625404740724, z=2.7463404001855207), 496384000000, 
-3.1276440811637474, 4.322792023161099, geometry_msgs.msg.Vector3(x=0.18401108432754715, y=0.9032498753752718, z=2.745325996525932), 496389000000, 
-2.4043913070097798, 4.173174435366707, geometry_msgs.msg.Vector3(x=0.18238440811049056, y=0.9076262304687781, z=2.7450405536729776), 496394000000, 
0.2066135139860806, 2.516463624778658, geometry_msgs.msg.Vector3(x=0.17994810752307797, y=0.9114929125228493, z=2.746385662081036), 496399000000, 
2.1516671392315656, 1.4694472254472704, geometry_msgs.msg.Vector3(x=0.1793039962084686, y=0.9122135464913729, z=2.747698019138765), 496404000000, 
0.6716951056698853, 1.963980913627091, geometry_msgs.msg.Vector3(x=0.17621393715328856, y=0.9155122382335011, z=2.748363969773855), 496409000000, 
-1.1830541522053188, -0.8169208561467411, 2.3671266671281774, 496409000000, 
-8.793270365112317, 3.017194873458576, geometry_msgs.msg.Vector3(x=0.17115188739342707, y=0.9227505978247514, z=2.744522856509948), 496414000000, 
9.673692941026093, 1.0489286834689435, geometry_msgs.msg.Vector3(x=0.17063046438661592, y=0.9197853079174168, z=2.7508065557254264), 496422000000, 
-0.5616563285463523, 1.7698751464999005, geometry_msgs.msg.Vector3(x=0.1681015161569628, y=0.9195459467322786, z=2.7490215540249054), 496427000000, 
0.2764242631381114, 1.8289232444179404, geometry_msgs.msg.Vector3(x=0.16591674998248482, y=0.9189740976294585, z=2.7476542607827676), 496432000000, 
0.6400166464569429, 1.893767034466748, geometry_msgs.msg.Vector3(x=0.16322857284099493, y=0.9181940512877419, z=2.7462131785459083), 496437000000, 
0.712356919698629, 1.9541910490688512, geometry_msgs.msg.Vector3(x=0.16021393408942392, y=0.9175272772671296, z=2.7448529800280355), 496442000000, 
-1.1918632822610535, -0.8096455633575547, 2.4640398774003733, 496443000000, 
0.7292781659368369, 1.9696412736171405, geometry_msgs.msg.Vector3(x=0.1572576845417582, y=0.9171572755524052, z=2.7441268895305067), 496447000000, 
0.7986833790768532, 2.0068880933614137, geometry_msgs.msg.Vector3(x=0.15427824589832692, y=0.9161316606877505, z=2.742321921319816), 496452000000, 
0.7438403944745191, 1.9457367773525216, geometry_msgs.msg.Vector3(x=0.1508452196404629, y=0.9156462354707996, z=2.741030242703494), 496457000000, 
0.6986708800136053, 2.0254133566263155, geometry_msgs.msg.Vector3(x=0.1482570613907179, y=0.9147579057871118, z=2.739820017663385), 496462000000, 
0.6729732308294684, 2.006914097285218, geometry_msgs.msg.Vector3(x=0.1442037851785589, y=0.9139189442429089, z=2.7384445800015635), 496467000000, 
0.6417694370329967, 2.008064639977487, geometry_msgs.msg.Vector3(x=0.14123569181432896, y=0.9133437041633736, z=2.7370526068590664), 496472000000, 
0.6201115604155624, 1.9970512966543863, geometry_msgs.msg.Vector3(x=0.13767585069116123, y=0.9126014949006027, z=2.7355746964276926), 496477000000, 
-1.2013976999349705, -0.8030790352257242, 2.560454143769468, 496477000000, 
0.6047592669001357, 2.0421811083272465, geometry_msgs.msg.Vector3(x=0.135174348385838, y=0.9117255348714708, z=2.734493778586899), 496482000000, 
0.5706888846735474, 1.9849546392448738, geometry_msgs.msg.Vector3(x=0.13098681745219234, y=0.9108157775329989, z=2.7330983824978543), 496487000000, 
0.5771485512727388, 2.010411691035194, geometry_msgs.msg.Vector3(x=0.12853179458719097, y=0.9103965278529319, z=2.7317061530065354), 496492000000, 
0.5071881754713359, 2.026485268366261, geometry_msgs.msg.Vector3(x=0.1253810212496809, y=0.9091937864663181, z=2.7306636741427783), 496497000000, 
0.503193159229814, 1.9782791279365075, geometry_msgs.msg.Vector3(x=0.12211365316892898, y=0.9087848069696832, z=2.72968626364805), 496502000000, 
0.4742366197393815, 1.985551812420796, geometry_msgs.msg.Vector3(x=0.11897741988785152, y=0.9081677078938832, z=2.7284179935010004), 496507000000, 
-1.2114907119812488, -0.7973644495052481, 2.656394891590084, 496511000000, 
0.43362482016028675, 1.9806948154300998, geometry_msgs.msg.Vector3(x=0.11590791339509789, y=0.9070292508868502, z=2.727656100580053), 496512000000, 
0.4058265969431114, 2.007212457693176, geometry_msgs.msg.Vector3(x=0.1124255713282152, y=0.9063816046930666, z=2.7263005461159784), 496517000000, 
0.3774149542618024, 1.9857780246096504, geometry_msgs.msg.Vector3(x=0.10911581273899035, y=0.9055522515570192, z=2.7256109140845455), 496526000000, 
0.3414461900186029, 1.9876292541327194, geometry_msgs.msg.Vector3(x=0.10360136275734691, y=0.9043981831351123, z=2.72291001728705), 496531000000, 
0.2892055692029066, 2.0003775287553087, geometry_msgs.msg.Vector3(x=0.10040494870897579, y=0.903586424740006, z=2.7221505679088143), 496536000000, 
0.27003021863024484, 1.9857659389627276, geometry_msgs.msg.Vector3(x=0.09717003393139778, y=0.9031419593055228, z=2.7212501274204253), 496541000000, 
-1.222063996791508, -0.7925467343425532, 2.751954041391556, 496545000000, 
0.25188123682261393, 1.9754687178842334, geometry_msgs.msg.Vector3(x=0.09418875285691575, y=0.901891893659197, z=2.7201361889964852), 496546000000, 
0.19868423712158878, 1.9870880653425718, geometry_msgs.msg.Vector3(x=0.09130008642090945, y=0.9013973524613934, z=2.7188358123869394), 496551000000, 
0.19126290174337388, 2.0112178200469257, geometry_msgs.msg.Vector3(x=0.08774247596031094, y=0.9002284514630823, z=2.7181369107022784), 496556000000, 
0.20728870021473583, 1.9848095474027376, geometry_msgs.msg.Vector3(x=0.08514129005443383, y=0.899988411994393, z=2.7171020569679802), 496561000000, 
0.10343842926263452, 1.9933792512847166, geometry_msgs.msg.Vector3(x=0.08204816577101037, y=0.8989677902262709, z=2.7160812586218874), 496566000000, 
0.1074037902093126, 2.0579134676486666, geometry_msgs.msg.Vector3(x=0.07857788787115437, y=0.8981362081776347, z=2.714668424136257), 496571000000, 
0.09781503158192786, 1.9998394315417027, geometry_msgs.msg.Vector3(x=0.07573188566653948, y=0.8978173454580062, z=2.713125751166911), 496576000000, 
-1.233037238491342, -0.788663569264939, 2.847209094997442, 496579000000, 
0.05093281262149616, 2.00419971790486, geometry_msgs.msg.Vector3(x=0.07208873783029236, y=0.896498508261391, z=2.7120276540316155), 496581000000, 
0.02755792931730234, 2.0345188795843914, geometry_msgs.msg.Vector3(x=0.06993350468910009, y=0.8959772198374578, z=2.711388945002369), 496586000000, 
-0.009482051634443303, 2.0206144165270747, geometry_msgs.msg.Vector3(x=0.06715918209028181, y=0.8949175790827764, z=2.709907674496565), 496591000000, 
-0.046797267026715286, 2.014915588859562, geometry_msgs.msg.Vector3(x=0.06385996371310214, y=0.8945097208767906, z=2.7085376102004326), 496596000000, 
-0.04054761421967613, 2.0145683857322045, geometry_msgs.msg.Vector3(x=0.06118245624011247, y=0.8937075848668153, z=2.7075082904206527), 496601000000, 
-0.08675276472189736, 2.0346610300835746, geometry_msgs.msg.Vector3(x=0.058059325467250116, y=0.8929947515588259, z=2.705550217052711), 496606000000, 
-0.11005708337825702, 2.001307151088654, geometry_msgs.msg.Vector3(x=0.055456393915349136, y=0.8925006875827558, z=2.704046919454847), 496611000000, 
-1.244331430295081, -0.7857441673940597, 2.9421868692906354, 496613000000, 
-0.14072900527486473, 2.0160272301495166, geometry_msgs.msg.Vector3(x=0.05232969971317873, y=0.8915110311177494, z=2.7029190582916858), 496616000000, 
-0.1588273181812293, 2.0493679421417723, geometry_msgs.msg.Vector3(x=0.0494332237758261, y=0.8906986961098023, z=2.701450699272804), 496621000000, 
-0.19095520193661497, 2.030861171500849, geometry_msgs.msg.Vector3(x=0.04641359499530211, y=0.8898138592169176, z=2.699460086212712), 496626000000, 
-0.2233299880007804, 2.0580806142756316, geometry_msgs.msg.Vector3(x=0.04361692016015204, y=0.8894859691078715, z=2.6978432938803487), 496631000000, 
-0.21995111407547133, 2.0254178542678254, geometry_msgs.msg.Vector3(x=0.04034284893491696, y=0.8887317906401508, z=2.6964702181418723), 496636000000, 
-0.23433959190290682, 2.0401140533632844, geometry_msgs.msg.Vector3(x=0.03735953825953279, y=0.8877910645561725, z=2.6948291361107275), 496641000000, 
-0.29625786864008685, 2.0677125263395113, geometry_msgs.msg.Vector3(x=0.034741463010314444, y=0.8877298656235976, z=2.6930336344524233), 496646000000, 
-1.255867879678197, -0.7838110317478232, 3.036881997439126, 496647000000, 
-0.3349437448161349, 2.0614283071911084, geometry_msgs.msg.Vector3(x=0.03154575113529445, y=0.88683967883547, z=2.6916209736968137), 496651000000, 
-0.3019142774897686, 2.056725460925049, geometry_msgs.msg.Vector3(x=0.02845063546598644, y=0.8860342527325293, z=2.6900251101074226), 496656000000, 
-0.3973013406285374, 2.058366517028751, geometry_msgs.msg.Vector3(x=0.025285038933680188, y=0.8854139147837464, z=2.687955793862368), 496661000000, 
-0.3595618056479295, 2.08029283853709, geometry_msgs.msg.Vector3(x=0.022388392631856005, y=0.8848379869303994, z=2.6863714690417235), 496666000000, 
-0.3913689210806106, 2.0791244195570946, geometry_msgs.msg.Vector3(x=0.01936907102060859, y=0.8839955965871459, z=2.684776133043274), 496671000000, 
-0.4401020408934442, 2.085871401869284, geometry_msgs.msg.Vector3(x=0.0162889305362099, y=0.8830492666781506, z=2.6830383836653726), 496676000000, 
-1.2675644239964081, -0.782881867751877, 3.1313070017980786, 496681000000, 
-0.5112060615714784, 2.098085279802671, geometry_msgs.msg.Vector3(x=0.014809495446240155, y=0.8824140971573764, z=2.6818411042745076), 496682000000, 
-0.5134306962917704, 2.136739881210755, geometry_msgs.msg.Vector3(x=0.009460589153186854, y=0.8815974557683031, z=2.6792025539651836), 496687000000, 
-0.5389514790632602, 2.0990186995780205, geometry_msgs.msg.Vector3(x=0.007358220997405235, y=0.8812146502554842, z=2.6775218248509387), 496692000000, 
-0.5277944973516276, 2.1508441412497143, geometry_msgs.msg.Vector3(x=0.004075479339987047, y=0.8802185095217255, z=2.6760579330201475), 496697000000, 
-0.5949199754187733, 2.103161165184227, geometry_msgs.msg.Vector3(x=0.0007975602916755826, y=0.8793870964394319, z=2.6744794620521786), 496702000000, 
-0.6141978977736583, 2.1449954776882887, geometry_msgs.msg.Vector3(x=-0.0020895632091081804, y=0.8788376718546611, z=2.6728471359939214), 496707000000, 
-0.6242946074482645, 2.151730346548362, geometry_msgs.msg.Vector3(x=-0.005561464783015077, y=0.8780181652975848, z=2.6712657160422557), 496712000000, 
-1.279333429716579, -0.7829679175800692, -3.057667430923853, 496715000000, 
-0.6420809932528992, 2.163626825845279, geometry_msgs.msg.Vector3(x=-0.008611771548506848, y=0.8774526980432101, z=2.670122128385364), 496717000000, 
-0.69833122215905, 2.168971481824719, geometry_msgs.msg.Vector3(x=-0.011431173825602084, y=0.8765903514375532, z=2.6686375064274452), 496722000000, 
-0.6726967142099124, 2.1573587341801113, geometry_msgs.msg.Vector3(x=-0.013984425632437625, y=0.8762815835182494, z=2.666868934054951), 496727000000, 
-0.7411247752478352, 2.168206719869656, geometry_msgs.msg.Vector3(x=-0.017461064696533222, y=0.875458308812768, z=2.665814547706108), 496732000000, 
-0.7652379123751901, 2.2171860092096716, geometry_msgs.msg.Vector3(x=-0.0197984060190713, y=0.8749481704819638, z=2.6648398645217197), 496738000000, 
-0.7589503390536009, 2.202186571522327, geometry_msgs.msg.Vector3(x=-0.024347139677626892, y=0.8739414629393858, z=2.662909727752434), 496743000000, 
-0.8246689866852597, 2.24017581882623, geometry_msgs.msg.Vector3(x=-0.02708862521644274, y=0.8730791699868085, z=2.661135288577699), 496748000000, 
-1.2910850628014183, -0.7840719519600046, -2.96359785199439, 496749000000, 
-0.8543924005634493, 2.2429228862786696, geometry_msgs.msg.Vector3(x=-0.029980523255669973, y=0.8727855495806327, z=2.659927092959682), 496753000000, 
-0.8410032971819932, 2.2402931206986083, geometry_msgs.msg.Vector3(x=-0.0330338951014894, y=0.8718524153931003, z=2.6584386153865833), 496758000000, 
-0.8954997400630579, 2.220892948772885, geometry_msgs.msg.Vector3(x=-0.035218083549615004, y=0.8712043813822135, z=2.6567780252924513), 496763000000, 
-0.9120096769641315, 2.2564929791508557, geometry_msgs.msg.Vector3(x=-0.03867971958679867, y=0.8707066546288755, z=2.6552705099563787), 496768000000, 
-0.9192323406459778, 2.2444923981093257, geometry_msgs.msg.Vector3(x=-0.041406690303258845, y=0.8697790008870314, z=2.653961331068641), 496773000000, 
-0.9546773075148506, 2.2751535704657293, geometry_msgs.msg.Vector3(x=-0.044144665438164685, y=0.8688844503986856, z=2.652135692974677), 496778000000, 
-0.9666517240549501, 2.302924875257532, geometry_msgs.msg.Vector3(x=-0.04663697615651327, y=0.8688350136567717, z=2.650890749026332), 496783000000, 
-1.3027311314818273, -0.786188886867114, -2.869627429619087, 496783000000, 
-0.9991353429090291, 2.2643283020481326, geometry_msgs.msg.Vector3(x=-0.049739378388941255, y=0.8678018301469392, z=2.648829470652929), 496788000000, 
-0.9949667972991489, 2.3200607523316483, geometry_msgs.msg.Vector3(x=-0.054589190842376754, y=0.8668095172458117, z=2.6460131865979775), 496796000000, 
-1.0218634797767434, 2.3331511212888434, geometry_msgs.msg.Vector3(x=-0.05667088543487559, y=0.8658045695465849, z=2.6447832173467507), 496801000000, 
-1.0743243232033675, 2.3216012121499516, geometry_msgs.msg.Vector3(x=-0.05921614367152978, y=0.8650898667072552, z=2.6431063401758683), 496806000000, 
-1.0792691467660316, 2.337413578246538, geometry_msgs.msg.Vector3(x=-0.061989247077227326, y=0.8646007312803163, z=2.641224786322931), 496811000000, 
-1.1009260119554256, 2.3638069579585417, geometry_msgs.msg.Vector3(x=-0.0651121407531153, y=0.8642651691415087, z=2.6395631467208713), 496816000000, 
-1.3141874988671132, -0.7893075983932355, -2.7757617586120173, 496817000000, 
-1.1048974338656667, 2.3899019382165414, geometry_msgs.msg.Vector3(x=-0.06738849420325736, y=0.8635388936573175, z=2.6381938938370157), 496821000000, 
-1.1612059716697334, 2.401688840524036, geometry_msgs.msg.Vector3(x=-0.07057103017339199, y=0.862673910756104, z=2.636048235455845), 496826000000, 
-1.1436668427210976, 2.4068358839366724, geometry_msgs.msg.Vector3(x=-0.07294142241722942, y=0.8627076135976514, z=2.6337915107760055), 496831000000, 
-1.1579192290692473, 2.3980530275683676, geometry_msgs.msg.Vector3(x=-0.075210963019593, y=0.8615713602220628, z=2.6319934927096305), 496836000000, 
-1.2144244596567126, 2.4230108771855794, geometry_msgs.msg.Vector3(x=-0.07883611156502052, y=0.8611814472879351, z=2.6302323742583233), 496841000000, 
-1.216631144057749, 2.4567383124397675, geometry_msgs.msg.Vector3(x=-0.08111033912543837, y=0.8603654039056233, z=2.6284414993174376), 496846000000, 
-1.3253718532463736, -0.7934114534325183, -2.682026818513567, 496851000000, 
-1.2383095459687057, 2.4714590008069632, geometry_msgs.msg.Vector3(x=-0.0837384053575496, y=0.8595772537616868, z=2.6266363402726225), 496851000000, 
-1.2596232979563007, 2.4337577221076354, geometry_msgs.msg.Vector3(x=-0.08644454839917301, y=0.8592482691773713, z=2.6250786477127575), 496856000000, 
-1.2990991331866817, 2.47338545133683, geometry_msgs.msg.Vector3(x=-0.08966017691297243, y=0.8584365821645356, z=2.622430923468976), 496861000000, 
-1.281526431563342, 2.4994318784426546, geometry_msgs.msg.Vector3(x=-0.09280079041085856, y=0.8572472155235192, z=2.620166083713064), 496866000000, 
-1.347862655384794, 2.518699379577014, geometry_msgs.msg.Vector3(x=-0.09498296890386582, y=0.8569389632574229, z=2.6188278686724975), 496871000000, 
-1.3573566495314362, 2.50869856418857, geometry_msgs.msg.Vector3(x=-0.09779961003183145, y=0.8561719322277538, z=2.617049046662873), 496876000000, 
-1.341060286508601, 2.5513940642886124, geometry_msgs.msg.Vector3(x=-0.10039422807361519, y=0.8555623769232419, z=2.6154173270500545), 496881000000, 
-1.3362009395422758, -0.7984766603263017, -2.588431565514476, 496885000000, 
-1.3794452131138621, 2.5730322144003708, geometry_msgs.msg.Vector3(x=-0.10287555274292036, y=0.8554504295074392, z=2.6134975167175334), 496886000000, 
-1.397379947176091, 2.554145116591596, geometry_msgs.msg.Vector3(x=-0.10604047929686373, y=0.854617632871459, z=2.611619990930882), 496891000000, 
-1.394434110442367, 2.5507907698741907, geometry_msgs.msg.Vector3(x=-0.10830297204396953, y=0.8541339508600615, z=2.609720985336855), 496896000000, 
-1.4525908875498672, 2.5928845628212738, geometry_msgs.msg.Vector3(x=-0.1113209009824901, y=0.8530087124489776, z=2.6079877016280477), 496901000000, 
-1.4011368561924116, 2.592767722371946, geometry_msgs.msg.Vector3(x=-0.11412263250158824, y=0.8526482553683724, z=2.606426134153275), 496906000000, 
-1.4669653931800701, 2.6341186034485222, geometry_msgs.msg.Vector3(x=-0.11693605391873343, y=0.852485328084854, z=2.604290484206241), 496911000000, 
-1.4655038790533736, 2.6325299328379885, geometry_msgs.msg.Vector3(x=-0.11989431772494595, y=0.8512060855658021, z=2.6025571131360556), 496916000000, 
-1.3465910295604762, -0.8044707959869358, -2.494961584231808, 496919000000, 
-1.4983927377419752, 2.6834194180129343, geometry_msgs.msg.Vector3(x=-0.12269415917042396, y=0.8508831718960822, z=2.6005073614706613), 496921000000, 
-1.4771888175649648, 2.659191744880593, geometry_msgs.msg.Vector3(x=-0.12481337215918141, y=0.8499485993040996, z=2.599359193242874), 496926000000, 
-1.490390094983527, 2.642837044229159, geometry_msgs.msg.Vector3(x=-0.12735470713819536, y=0.8499263521148603, z=2.597478966674639), 496931000000, 
-1.5507259796978203, 2.671300574407461, geometry_msgs.msg.Vector3(x=-0.13039280441229564, y=0.8492997373913093, z=2.595173354143048), 496936000000, 
-1.5730684589651154, 2.6657694362271505, geometry_msgs.msg.Vector3(x=-0.1326926250312252, y=0.8483702069049428, z=2.5940484820124325), 496941000000, 
-1.6015092302712783, 2.7247744726062586, geometry_msgs.msg.Vector3(x=-0.1350373146700682, y=0.8478035499479639, z=2.5925333442052727), 496946000000, 
-1.601329121765824, 2.689056109682941, geometry_msgs.msg.Vector3(x=-0.13820617816543687, y=0.8470651278852193, z=2.5903544703445673), 496951000000, 
-1.3564605452569976, -0.8113539452378972, -2.401604557891997, 496953000000, 
-1.6370998660075666, 2.7479765922394743, geometry_msgs.msg.Vector3(x=-0.14070309671115266, y=0.8464056263287861, z=2.589046905021118), 496956000000, 
-1.6284041448846147, 2.725674027191993, geometry_msgs.msg.Vector3(x=-0.14309300575062905, y=0.8457862599783648, z=2.5866583089809576), 496961000000, 
-1.6395390437692374, 2.7637442670097916, geometry_msgs.msg.Vector3(x=-0.14603232757496457, y=0.8451960056415174, z=2.585315980937753), 496966000000, 
-1.644363238645334, 2.8209396075077593, geometry_msgs.msg.Vector3(x=-0.14866308669931577, y=0.8446981722057393, z=2.5832078946643695), 496971000000, 
-1.6731410624561838, 2.789066532159881, geometry_msgs.msg.Vector3(x=-0.15111430520514285, y=0.8444998052880561, z=2.581755288865605), 496976000000, 
-1.6847539367568722, 2.827043322161952, geometry_msgs.msg.Vector3(x=-0.15400820998267076, y=0.8438232814516492, z=2.579347771768099), 496981000000, 
-1.7152508379770588, 2.8400118086972914, geometry_msgs.msg.Vector3(x=-0.15653205111781343, y=0.8431372796031237, z=2.57787997710731), 496986000000, 
-1.3657326532260945, -0.8190807471519254, -2.3083731191169914, 496987000000, 
-1.6954922860783956, 2.8578203031839253, geometry_msgs.msg.Vector3(x=-0.15844356866451254, y=0.8423127482947471, z=2.575871456048866), 496991000000, 
-1.6978513028306426, 2.864207709194328, geometry_msgs.msg.Vector3(x=-0.1610193351403124, y=0.8421639622262063, z=2.574233993629553), 496996000000, 
-1.7198706570084492, 2.884012677863451, geometry_msgs.msg.Vector3(x=-0.1635554591753846, y=0.8406682013666086, z=2.5722030399619613), 497001000000, 
-1.7442162945938666, 2.873737824766, geometry_msgs.msg.Vector3(x=-0.16579259395586876, y=0.840485644485879, z=2.57007794340661), 497006000000, 
-1.7167916997951302, 2.905922497196139, geometry_msgs.msg.Vector3(x=-0.1683971418572795, y=0.839869726526972, z=2.568447043902941), 497011000000, 
-1.785497962843683, 2.952792255138036, geometry_msgs.msg.Vector3(x=-0.17089879018553, y=0.8391325611872705, z=2.566456406677086), 497016000000, 
-1.824631328196298, 2.951064715314741, geometry_msgs.msg.Vector3(x=-0.17312041098653586, y=0.8385524086627691, z=2.5644223259468433), 497021000000, 
-1.374334843194557, -0.8276002822036497, -2.2153002761354603, 497021000000, 
-1.7951720903417447, 2.947746512035901, geometry_msgs.msg.Vector3(x=-0.17595849442464398, y=0.8381388395563487, z=2.562815007279905), 497026000000, 
-1.7970818963702622, 2.9666479400812413, geometry_msgs.msg.Vector3(x=-0.17874696020701358, y=0.8376101158582027, z=2.5608194613194013), 497031000000, 
-1.8197184187539144, 2.995305439844232, geometry_msgs.msg.Vector3(x=-0.18082879104645685, y=0.8373959065288545, z=2.559151859545511), 497036000000, 
-1.7962892372806938, 2.9897240850057294, geometry_msgs.msg.Vector3(x=-0.18331018247661876, y=0.8365417877292073, z=2.557592074825746), 497041000000, 
-1.8077510997252089, 3.035165140077837, geometry_msgs.msg.Vector3(x=-0.185834546215691, y=0.8356380667563835, z=2.5552348280750388), 497046000000, 
-1.8126750009922679, 3.0478643797997726, geometry_msgs.msg.Vector3(x=-0.18785882391938863, y=0.8352070657255674, z=2.5533730449536005), 497051000000, 
-1.3821975362941668, -0.8368548346521982, -2.1224180545710523, 497055000000, 
-1.856773912025314, 3.081180643082052, geometry_msgs.msg.Vector3(x=-0.19052699342625543, y=0.8346492761311745, z=2.5517188688130616), 497056000000, 
-1.8621650532092824, 3.0760354915209134, geometry_msgs.msg.Vector3(x=-0.19304782745842, y=0.833953994846203, z=2.5495255517203246), 497061000000, 
-1.8864281175124142, 3.091783859319954, geometry_msgs.msg.Vector3(x=-0.19559678267565167, y=0.833960417602577, z=2.547770390129686), 497066000000, 
-1.865112441999217, 3.105286148663522, geometry_msgs.msg.Vector3(x=-0.19802957492942486, y=0.8331542424717829, z=2.545963925800184), 497071000000, 
-3.1003129798746065, 3.0896645284253172, geometry_msgs.msg.Vector3(x=-0.20070495734978291, y=0.8325986920826514, z=2.5427905548087493), 497076000000, 
-2.3846598357326507, 3.0959982875364105, geometry_msgs.msg.Vector3(x=-0.20249125786236222, y=0.8324791035749072, z=2.541345557544209), 497081000000, 
-1.9989514471353604, 3.099442419253136, geometry_msgs.msg.Vector3(x=-0.20477890953972525, y=0.831625351829416, z=2.539735629725924), 497086000000, 
-1.3891279604150781, -0.8465487687972907, -2.0297650762144026, 497089000000, 
-1.962384190097046, 3.136323425389482, geometry_msgs.msg.Vector3(x=-0.2073574546682295, y=0.8314074421788452, z=2.537999219330054), 497091000000, 
-1.891230213603308, 3.117477349172132, geometry_msgs.msg.Vector3(x=-0.20997933548566683, y=0.830821272525115, z=2.536049144285337), 497096000000, 
-1.935297394774048, 3.14561204385194, geometry_msgs.msg.Vector3(x=-0.21209274497377278, y=0.8301488161863265, z=2.5340827185554105), 497101000000, 
-1.938542144494771, 3.1702335645834467, geometry_msgs.msg.Vector3(x=-0.2147901645250003, y=0.8296713353656143, z=2.532387068286258), 497106000000, 
-1.9524702939013827, 3.191644881635194, geometry_msgs.msg.Vector3(x=-0.21667289036905957, y=0.8288685880019027, z=2.53032708421708), 497111000000, 
-1.9557565213202055, 3.2302097856302923, geometry_msgs.msg.Vector3(x=-0.21937222459478492, y=0.8281249827709952, z=2.5285974936636206), 497116000000, 
-1.988132630271386, 3.23979567399591, geometry_msgs.msg.Vector3(x=-0.22140753800660443, y=0.8280498854888906, z=2.526316313780848), 497121000000, 
-1.3950635151517183, -0.8565381837929297, -1.9373700680639359, 497123000000, 
-1.9868274204112903, 3.256323704742443, geometry_msgs.msg.Vector3(x=-0.2242748275789529, y=0.8271439410059168, z=2.5244309923608834), 497126000000, 
-1.9734520448006676, 3.2494218045888834, geometry_msgs.msg.Vector3(x=-0.22660387457078368, y=0.8264997212275498, z=2.5226563046834807), 497131000000, 
-2.005789766191159, 3.292552495250863, geometry_msgs.msg.Vector3(x=-0.22870573022207527, y=0.8261545649504157, z=2.521399027455791), 497136000000, 
-2.0072720309355154, 3.297165308915558, geometry_msgs.msg.Vector3(x=-0.23095858659069354, y=0.8260474809493277, z=2.5193669695106036), 497141000000, 
-2.0237527118954532, 3.326387260152386, geometry_msgs.msg.Vector3(x=-0.23300837904136465, y=0.8255447118151787, z=2.5170303285508915), 497146000000, 
-2.0127945394061073, 3.376127688409135, geometry_msgs.msg.Vector3(x=-0.23530086750541362, y=0.8246779977533857, z=2.515485265924592), 497151000000, 
-2.007532899847687, 3.381671393930499, geometry_msgs.msg.Vector3(x=-0.23770181722978367, y=0.8242456501938216, z=2.5132542889379956), 497156000000, 
-1.400129448729785, -0.8670339664522166, -1.8452510014031847, 497157000000, 
-2.0212006640665985, 3.3896259512076985, geometry_msgs.msg.Vector3(x=-0.23995219305918583, y=0.8232082977540689, z=2.51142031590109), 497161000000, 
-2.043605413914314, 3.3730131634257083, geometry_msgs.msg.Vector3(x=-0.242180178758408, y=0.822498480805052, z=2.5091368495725175), 497166000000, 
-2.024318542385965, 3.4004889507193594, geometry_msgs.msg.Vector3(x=-0.24421887980041765, y=0.8223391559389438, z=2.5077830293335697), 497171000000, 
-2.0385410867318297, 3.4304693494199516, geometry_msgs.msg.Vector3(x=-0.2471324159176482, y=0.822053451026566, z=2.5058935156290296), 497176000000, 
-2.0557290340817973, 3.438590123805116, geometry_msgs.msg.Vector3(x=-0.2491309980349084, y=0.8213868634393259, z=2.5033038066690856), 497181000000, 
-2.0350173605727866, 3.411578495844211, geometry_msgs.msg.Vector3(x=-0.2514531436286722, y=0.8210444847993911, z=2.50158613516716), 497186000000, 
-2.0320688616355986, 3.4764936736398, geometry_msgs.msg.Vector3(x=-0.2538450468984465, y=0.8203013743686354, z=2.4999219775173227), 497191000000, 
-1.4042787600951967, -0.8779611791360334, -1.7534533479955907, 497191000000, 
-2.0791688659097733, 3.486300588807554, geometry_msgs.msg.Vector3(x=-0.25633045323399667, y=0.8199133802211789, z=2.4981147706363633), 497196000000, 
-2.04666589670172, 3.490197564946262, geometry_msgs.msg.Vector3(x=-0.2585708625214516, y=0.819079720653435, z=2.4957962263155773), 497201000000, 
-2.053629363198279, 3.499218763893468, geometry_msgs.msg.Vector3(x=-0.26060280761598015, y=0.8188334433962051, z=2.494158424847419), 497206000000, 
-2.0635797730771155, 3.52110135443129, geometry_msgs.msg.Vector3(x=-0.26300927380268535, y=0.8178092585570225, z=2.491974198743745), 497211000000, 
-2.0922030208660427, 3.550268502763863, geometry_msgs.msg.Vector3(x=-0.26562204135368334, y=0.8174099689811177, z=2.4903479495834957), 497216000000, 
-2.0841981101796536, 3.536566123303275, geometry_msgs.msg.Vector3(x=-0.2680153001240881, y=0.8168574842071591, z=2.4882017880560845), 497221000000, 
-1.4074699265782082, -0.8892387829662829, -1.6620084254182956, 497225000000, 
-2.079127865748226, 3.5980612651830652, geometry_msgs.msg.Vector3(x=-0.2694303036304967, y=0.8165648611540128, z=2.486843916360508), 497226000000, 
-2.1003559325798378, 3.589707077420187, geometry_msgs.msg.Vector3(x=-0.2722588743211597, y=0.8159624638507715, z=2.484889071455685), 497231000000, 
-2.0965527194214135, 3.6156267943017513, geometry_msgs.msg.Vector3(x=-0.27463478370526656, y=0.815645061605718, z=2.4829305930457006), 497236000000, 
-2.1000866928909345, 3.6049280262901484, geometry_msgs.msg.Vector3(x=-0.2770432286626811, y=0.8149994495504808, z=2.481262243736059), 497241000000, 
-2.109499885354582, 3.635748436067911, geometry_msgs.msg.Vector3(x=-0.2793142638922014, y=0.8143645078275266, z=2.4797417633386867), 497246000000, 
-2.089286026219943, 3.6392127673752412, geometry_msgs.msg.Vector3(x=-0.28211395538578243, y=0.813926886777342, z=2.4774788195605564), 497252000000, 
-2.0702575732665824, 3.6845827348898084, geometry_msgs.msg.Vector3(x=-0.28460122254256565, y=0.8136660964239576, z=2.4757901054684286), 497257000000, 
-1.4096682061530899, -0.9007797019415936, -1.5709267191077982, 497259000000, 
-2.0804510690084026, 3.674230214741019, geometry_msgs.msg.Vector3(x=-0.28641234874176524, y=0.8126693312280766, z=2.474036415325056), 497262000000, 
-2.1151958927343033, 3.68101342104244, geometry_msgs.msg.Vector3(x=-0.2888697206444498, y=0.8122478050806569, z=2.4719801029746726), 497267000000, 
-2.097549025555897, 3.7166472280401233, geometry_msgs.msg.Vector3(x=-0.29109824216130825, y=0.811631354795381, z=2.4707739137356355), 497272000000, 
-2.0816203384212226, 3.7451698726253233, geometry_msgs.msg.Vector3(x=-0.29324273791019806, y=0.8111817642447487, z=2.468953190626895), 497277000000, 
-2.0961707734537813, 3.704599369912326, geometry_msgs.msg.Vector3(x=-0.29527294952757005, y=0.8111064366174383, z=2.4670139889355713), 497282000000, 
-2.1131005399644125, 3.7510100544533596, geometry_msgs.msg.Vector3(x=-0.29779641025562115, y=0.8100472636244541, z=2.4652567667286944), 497287000000, 
-4.089654549623252, 2.5213727532443255, geometry_msgs.msg.Vector3(x=-0.2986398103629657, y=0.8101716562862172, z=2.4637968334701075), 497292000000, 
-1.4108480832332428, -0.9124789863356438, -1.4802156967264124, 497293000000, 
2.106467291508352, 4.263498634696659, geometry_msgs.msg.Vector3(x=-0.30118342137127707, y=0.8085930595429327, z=2.4637381860889427), 497297000000, 
-3.449060285526792, 4.040346050730397, geometry_msgs.msg.Vector3(x=-0.3038951625141981, y=0.8083172144530669, z=2.4614104510080934), 497302000000, 
-2.667195996215508, 3.970043411745619, geometry_msgs.msg.Vector3(x=-0.3060271585836829, y=0.8081929510673954, z=2.4593712946958632), 497307000000, 
-2.1987455422234423, 3.927334733890829, geometry_msgs.msg.Vector3(x=-0.30804853141511646, y=0.8076653813259719, z=2.458091691520555), 497312000000, 
-3.9555248534850307, 3.201089148428932, geometry_msgs.msg.Vector3(x=-0.30959255152417686, y=0.8074202235210595, z=2.455336982681534), 497317000000, 
-2.6032242663669085, 2.504340299872008, geometry_msgs.msg.Vector3(x=-0.31042455223329335, y=0.8076152899986039, z=2.4547888841756325), 497322000000, 
-1.4109697322614894, -0.9244400699634934, -1.3898588045460718, 497327000000, 
0.03770564856324087, 4.180107084858202, geometry_msgs.msg.Vector3(x=-0.31474166781636953, y=0.8059255462172995, z=2.4538218769191023), 497327000000, 
-3.6354984178538756, 4.103282480544528, geometry_msgs.msg.Vector3(x=-0.3165360658465748, y=0.8056758796961965, z=2.4516377552446373), 497332000000, 
-2.5333084333186906, 4.075669729936196, geometry_msgs.msg.Vector3(x=-0.3186895101283304, y=0.8053542698197834, z=2.449691714771877), 497337000000, 
-3.404833961978755, 3.6596556587773983, geometry_msgs.msg.Vector3(x=-0.3207319857976261, y=0.8050018711874529, z=2.4473400659950038), 497342000000, 
-2.411605595485556, 2.5911772997317746, geometry_msgs.msg.Vector3(x=-0.3214869556036093, y=0.804738110150664, z=2.446020117177196), 497347000000, 
2.0642077977511013, 4.632335394770385, geometry_msgs.msg.Vector3(x=-0.3246543923149878, y=0.803110987288161, z=2.446286408453191), 497352000000, 
-3.714582581984286, 4.367139970862374, geometry_msgs.msg.Vector3(x=-0.3271296815506037, y=0.8029729433082297, z=2.4438355602985404), 497357000000, 
-1.4100384187731536, -0.9363285819462522, -1.299915783077741, 497361000000, 
-2.785118087261783, 4.250186746438337, geometry_msgs.msg.Vector3(x=-0.3293920309747418, y=0.8025448356294079, z=2.4416008969698972), 497362000000, 
-3.474822020097602, 3.7577552656916833, geometry_msgs.msg.Vector3(x=-0.33153830970186093, y=0.8023762263107949, z=2.4390866669230853), 497367000000, 
-2.4648803377379505, 2.667853101195807, geometry_msgs.msg.Vector3(x=-0.33231796938149183, y=0.8022837723159676, z=2.4379272439514175), 497372000000, 
2.159280142041189, 4.47497231041488, geometry_msgs.msg.Vector3(x=-0.3351159921260255, y=0.8008618368741452, z=2.4383634521731827), 497377000000, 
-3.3713440677862745, 4.527818112081375, geometry_msgs.msg.Vector3(x=-0.338016706303242, y=0.8003512802731032, z=2.435616718143001), 497382000000, 
-3.1043296284260626, 4.293531189475522, geometry_msgs.msg.Vector3(x=-0.3401748542489052, y=0.7999648304781466, z=2.4333619560117), 497387000000, 
-3.5750533934581883, 3.8530588127574292, geometry_msgs.msg.Vector3(x=-0.3421253069613883, y=0.7999059732989202, z=2.4313482355818885), 497392000000, 
-1.408059993586306, -0.9480630745380217, -1.2104152639155157, 497395000000, 
-0.12537608149969207, 3.3784415063701623, geometry_msgs.msg.Vector3(x=-0.34505571282217934, y=0.7991939102294038, z=2.4311441491183774), 497400000000, 
-2.1944855019222365, 4.724343110314592, geometry_msgs.msg.Vector3(x=-0.3483615417501285, y=0.7982210660307468, z=2.4292305985521563), 497405000000, 
-3.4172293257009247, 4.4660546679641975, geometry_msgs.msg.Vector3(x=-0.3503803247204771, y=0.7980901331701852, z=2.4264702252687362), 497410000000, 
-4.249594258558287, 3.564941706676717, geometry_msgs.msg.Vector3(x=-0.352481723297864, y=0.7981496173341159, z=2.4244286511816355), 497415000000, 
-1.5541376574749406, 2.893335701032997, geometry_msgs.msg.Vector3(x=-0.35385036219247035, y=0.7976583404147474, z=2.424014572251221), 497420000000, 
2.031991749801353, 4.718322260216831, geometry_msgs.msg.Vector3(x=-0.3569830003656028, y=0.7962065207187088, z=2.424270533511726), 497425000000, 
-1.405003179979273, -0.9596616246021579, -1.1213311780420487, 497429000000, 
-3.4065957550115145, 4.706693992535402, geometry_msgs.msg.Vector3(x=-0.35965851801594184, y=0.7957108672614701, z=2.4221436940005963), 497430000000, 
-3.2200719935418993, 4.567482818451277, geometry_msgs.msg.Vector3(x=-0.3619868307464645, y=0.7958183637088295, z=2.4197437068320387), 497435000000, 
-4.385261416201584, 3.31188919575978, geometry_msgs.msg.Vector3(x=-0.3637693149072933, y=0.7954788242029707, z=2.417459126992309), 497440000000, 
-0.9913208131881293, 3.007104296978847, geometry_msgs.msg.Vector3(x=-0.36545458873666453, y=0.7950657294041156, z=2.4177232400300537), 497445000000, 
1.9030879116265476, 4.828454805062866, geometry_msgs.msg.Vector3(x=-0.36853312517157016, y=0.7937578079978427, z=2.4181031037547567), 497450000000, 
-3.4451892960613897, 4.820644750933437, geometry_msgs.msg.Vector3(x=-0.37120553891206304, y=0.7931781821073064, z=2.415875746415939), 497455000000, 
-3.2537331438799453, 4.675322281011291, geometry_msgs.msg.Vector3(x=-0.37385997477767446, y=0.792781212690709, z=2.4142590934316273), 497460000000, 
-1.4009364046656567, -0.9709035091395274, -1.0326523468590532, 497463000000, 
-4.309706856920735, 3.080741813830715, geometry_msgs.msg.Vector3(x=-0.3750220504323829, y=0.7928552233334679, z=2.412360309161652), 497465000000, 
-0.7467877033540623, 3.0766911094187863, geometry_msgs.msg.Vector3(x=-0.37665483928842514, y=0.7927636096485353, z=2.4126685827534216), 497470000000, 
1.5304310376059447, 5.270304331165352, geometry_msgs.msg.Vector3(x=-0.3797826678081281, y=0.7915167513912059, z=2.412949531790608), 497475000000, 
-3.960038839804633, 4.802756639319445, geometry_msgs.msg.Vector3(x=-0.38286275170586975, y=0.7909816175679817, z=2.4103182768818723), 497480000000, 
-4.562157251382346, 3.924095058449855, geometry_msgs.msg.Vector3(x=-0.3843300001013221, y=0.7912186328338342, z=2.4080615698999903), 497485000000, 
-1.6899061215771465, 3.029309357738753, geometry_msgs.msg.Vector3(x=-0.385602678070413, y=0.7908416760711031, z=2.4077408349606784), 497490000000, 
2.0730703529643817, 4.6151497912439, geometry_msgs.msg.Vector3(x=-0.3891413867695276, y=0.7895262386243137, z=2.4088765549138875), 497495000000, 
-1.3958662034487421, -0.9817384970224411, -0.9443295525034242, 497497000000, 
-3.2951797528408657, 5.061656634084576, geometry_msgs.msg.Vector3(x=-0.39156435970238385, y=0.7889865838162526, z=2.406397810090696), 497500000000, 
-3.2717221960963494, 4.830238819056012, geometry_msgs.msg.Vector3(x=-0.39405317581112637, y=0.7886271505953182, z=2.4046004525719575), 497505000000, 
-4.094011195950179, 2.906416701315158, geometry_msgs.msg.Vector3(x=-0.39511953677204675, y=0.7886873847050996, z=2.4032704379048138), 497510000000, 
1.2298900123138112, 3.797149422013141, geometry_msgs.msg.Vector3(x=-0.3965048612122296, y=0.7878718365930952, z=2.4036307576136657), 497515000000, 
-1.0932472048008708, 5.019029836151904, geometry_msgs.msg.Vector3(x=-0.3996098301475903, y=0.7870155958052046, z=2.4027146401254225), 497520000000, 
-3.643048946992351, 5.103788380884869, geometry_msgs.msg.Vector3(x=-0.40223909103829236, y=0.7866318625391742, z=2.4004942491020294), 497525000000, 
-4.4802468555692885, 3.3298463939944445, geometry_msgs.msg.Vector3(x=-0.4031413978396346, y=0.7871998408914905, z=2.398330039213389), 497530000000, 
-1.3898492159301084, -0.9920529871030013, -0.8563911137628161, 497531000000, 
-0.7606297206594876, 3.244270270160964, geometry_msgs.msg.Vector3(x=-0.4048947771104369, y=0.7863991038184555, z=2.398176194753819), 497535000000, 
1.7653858601129981, 5.154909412277972, geometry_msgs.msg.Vector3(x=-0.40797406962246396, y=0.7850808023651258, z=2.3985548636008436), 497540000000, 
-3.75336668264012, 5.142802502169613, geometry_msgs.msg.Vector3(x=-0.4102080772966382, y=0.7845663904733382, z=2.395776132237216), 497545000000, 
-4.122833705372955, 4.528059247775753, geometry_msgs.msg.Vector3(x=-0.4120226205767594, y=0.7844349403639367, z=2.393297236309597), 497553000000, 
-1.8025584072004028, 3.1520134597335376, geometry_msgs.msg.Vector3(x=-0.4146580445467559, y=0.7844841749423773, z=2.3922661531960796), 497558000000, 
1.2512139257286352, 4.913428345309372, geometry_msgs.msg.Vector3(x=-0.41782129081391606, y=0.7828207978198964, z=2.3924214359767015), 497563000000, 
-1.3828780814771418, -1.001803772113139, -0.7688452205008068, 497565000000, 
-3.4555832233039117, 5.016394626840766, geometry_msgs.msg.Vector3(x=-0.42021334794812787, y=0.7825678766014103, z=2.390741470197425), 497568000000, 
-3.3780460105106065, 5.229970349740116, geometry_msgs.msg.Vector3(x=-0.42272712318572175, y=0.7819010818311105, z=2.3876932192786815), 497573000000, 
-4.148334477060542, 3.0175992378785543, geometry_msgs.msg.Vector3(x=-0.42350786743323465, y=0.7826029847072222, z=2.3862903499630996), 497578000000, 
-0.5805467503999644, 3.3224365604292716, geometry_msgs.msg.Vector3(x=-0.4252034503636045, y=0.7822354821792562, z=2.38617238732409), 497583000000, 
1.674542468903269, 5.241324291322904, geometry_msgs.msg.Vector3(x=-0.4287596666016441, y=0.7805230118598353, z=2.385871255182045), 497588000000, 
-3.8749914496279336, 5.145834339165161, geometry_msgs.msg.Vector3(x=-0.4312411079137383, y=0.7801606783618039, z=2.3834712699383425), 497593000000, 
-3.9540391919802516, 4.7137771323245765, geometry_msgs.msg.Vector3(x=-0.4334790888283182, y=0.7801831689509293, z=2.38051507067462), 497598000000, 
-1.3750551154604067, -1.0108823179659492, -0.6817341356108281, 497599000000, 
-2.5075028993555306, 3.1536749541587694, geometry_msgs.msg.Vector3(x=-0.4349050758574121, y=0.7804151872111761, z=2.379824300207068), 497603000000, 
-0.5473112545832305, 3.348530954602999, geometry_msgs.msg.Vector3(x=-0.43679277017470214, y=0.7797457468633886, z=2.3799820862707013), 497608000000, 
1.569379755094364, 5.320569290212322, geometry_msgs.msg.Vector3(x=-0.4395654296830116, y=0.7779726748220208, z=2.3803370189263044), 497613000000, 
-3.737408588656445, 5.021824039997015, geometry_msgs.msg.Vector3(x=-0.44291513149064743, y=0.777663132738154, z=2.3781041646109253), 497618000000, 
-4.039348242096892, 4.941459118200269, geometry_msgs.msg.Vector3(x=-0.4455119203112057, y=0.777818300322743, z=2.3755198553148418), 497623000000, 
-2.569960502598209, 3.2286365320092685, geometry_msgs.msg.Vector3(x=-0.4461707249074758, y=0.7780140973690166, z=2.3750843910538153), 497628000000, 
-0.5179619692542269, 3.415472766230689, geometry_msgs.msg.Vector3(x=-0.44816789621248476, y=0.7774837726418488, z=2.3746656550587266), 497633000000, 
-1.3664882797327262, -1.0191566316179836, -0.5950251421633916, 497633000000, 
-1.0757500022595572, 5.176699595778439, geometry_msgs.msg.Vector3(x=-0.45460729636841585, y=0.7758202707371392, z=2.372849671085166), 497642000000, 
-2.972818177300531, 5.451986754394109, geometry_msgs.msg.Vector3(x=-0.4564639466527116, y=0.7752453633517193, z=2.371112196171967), 497647000000, 
-3.9782645146550424, 3.135499761391809, geometry_msgs.msg.Vector3(x=-0.45781400286007773, y=0.7755983926638453, z=2.369993282310021), 497652000000, 
-0.5138865317506731, 3.3867272242326805, geometry_msgs.msg.Vector3(x=-0.459535233858938, y=0.7751497626804879, z=2.3703659638983), 497657000000, 
1.80738080577273, 4.931317876127695, geometry_msgs.msg.Vector3(x=-0.46254142197640596, y=0.7735882448493387, z=2.371009005769834), 497662000000, 
-3.361843567563374, 5.097415118709334, geometry_msgs.msg.Vector3(x=-0.46547105833127117, y=0.7734097893139844, z=2.3689633284220006), 497667000000, 
-1.3570882861910545, -1.0266883634096908, -0.5086604845769951, 497667000000, 
-3.040804173710957, 5.482541538237694, geometry_msgs.msg.Vector3(x=-0.4682297413554728, y=0.7730444135714478, z=2.3667969808944838), 497672000000, 
-3.986759723565192, 3.1240005418955183, geometry_msgs.msg.Vector3(x=-0.46949864953079207, y=0.7734682987320982, z=2.3657200166436003), 497677000000, 
-0.5081786890054915, 3.3811332145654442, geometry_msgs.msg.Vector3(x=-0.47117409422829615, y=0.7729763231580186, z=2.366057009598688), 497682000000, 
1.8293340503596747, 4.964429543713917, geometry_msgs.msg.Vector3(x=-0.4739918211400089, y=0.7714890234059457, z=2.3669374842948905), 497687000000, 
-3.3457900168174044, 5.113770459767113, geometry_msgs.msg.Vector3(x=-0.47698572651297416, y=0.7708032095277586, z=2.36510748003857), 497692000000, 
-4.040859488160845, 5.019842378978135, geometry_msgs.msg.Vector3(x=-0.47932376962993806, y=0.7706741058958291, z=2.362387288548763), 497697000000, 
-1.3471189658926834, -1.033267838555972, -0.42263227793730085, 497701000000, 
-2.513025838547446, 3.2509597476033516, geometry_msgs.msg.Vector3(x=-0.48069730301473446, y=0.7709937684590047, z=2.3618231774816714), 497702000000, 
-0.47124196593474044, 3.4423713858774874, geometry_msgs.msg.Vector3(x=-0.4815473927088671, y=0.7702776638195822, z=2.362062140261765), 497707000000, 
-0.7010525670433543, 5.409617922693698, geometry_msgs.msg.Vector3(x=-0.4873107578674615, y=0.7687728181282703, z=2.360404440441715), 497714000000, 
-3.0273353595175116, 5.460543791970861, geometry_msgs.msg.Vector3(x=-0.48895320207121074, y=0.7684543030302707, z=2.3588796876515965), 497719000000, 
-3.976131788559508, 3.196648497408974, geometry_msgs.msg.Vector3(x=-0.48962649785615625, y=0.7688916153384416, z=2.357770935556122), 497724000000, 
-0.4748818461364166, 3.390952616348117, geometry_msgs.msg.Vector3(x=-0.49161470215254793, y=0.7683011683477566, z=2.3576846740478556), 497729000000, 
1.8372685940040094, 5.275131635787799, geometry_msgs.msg.Vector3(x=-0.49453904734744464, y=0.767132306952583, z=2.3579117535965946), 497734000000, 
-1.3365347568622263, -1.03891674658295, -0.33691080955518765, 497735000000, 
-3.674621009174911, 5.194841199715371, geometry_msgs.msg.Vector3(x=-0.4972047298306189, y=0.7669064997548941, z=2.3555609373874056), 497739000000, 
-4.3885965629015935, 4.483804813564359, geometry_msgs.msg.Vector3(x=-0.4992879637822915, y=0.7668819811163335, z=2.3532257344062466), 497744000000, 
-1.5207523289928104, 3.298256924901584, geometry_msgs.msg.Vector3(x=-0.5005653551098821, y=0.7667228368024381, z=2.3528427460455608), 497749000000, 
1.2998101320023752, 3.973299056476391, geometry_msgs.msg.Vector3(x=-0.5030021648139175, y=0.7654666481322662, z=2.353521030411201), 497754000000, 
-1.154597962337261, 5.316895738362476, geometry_msgs.msg.Vector3(x=-0.506089779418379, y=0.7647486591248809, z=2.3522798024800986), 497759000000, 
-3.274933227681892, 5.426303606759664, geometry_msgs.msg.Vector3(x=-0.5084798747319117, y=0.764591465510831, z=2.350341775254908), 497764000000, 
-4.214734215554524, 3.5246504148305577, geometry_msgs.msg.Vector3(x=-0.5100621310040337, y=0.7649975610858142, z=2.34821068320536), 497769000000, 
-1.3254954253761462, -1.0435652887677043, -0.2515386050339589, 497769000000, 
-0.5736379172863338, 3.347007141052758, geometry_msgs.msg.Vector3(x=-0.5113757280418004, y=0.7649139933128263, z=2.3479152043276175), 497774000000, 
1.7098852617023397, 5.119386451654761, geometry_msgs.msg.Vector3(x=-0.5152573441771424, y=0.7629460675910241, z=2.347989932494453), 497779000000, 
-3.4235456196643446, 5.1837787998765625, geometry_msgs.msg.Vector3(x=-0.5180405587084669, y=0.7626561425458347, z=2.346163146907608), 497784000000, 
-4.102682264769043, 4.45474668834612, geometry_msgs.msg.Vector3(x=-0.519148500462528, y=0.7628030309750684, z=2.343430412310789), 497789000000, 
-1.443528782949139, 3.2192939074464784, geometry_msgs.msg.Vector3(x=-0.5212332490644784, y=0.7626203222070278, z=2.342781063931155), 497794000000, 
-0.27548658874499055, 3.3840973598859936, geometry_msgs.msg.Vector3(x=-0.5217106552711924, y=0.7624121250273342, z=2.3433904624220756), 497799000000, 
-0.2823081799711332, 4.953862775086665, geometry_msgs.msg.Vector3(x=-0.5268920953296414, y=0.7609517998082442, z=2.342170650676574), 497805000000, 
-1.314060250071097, -1.047175893996123, -0.16650274915382962, 497803000000, 
-2.8498424652423373, 5.333094407838984, geometry_msgs.msg.Vector3(x=-0.5297962750720671, y=0.76053209173721, z=2.340031584937386), 497810000000, 
-4.074313484682713, 3.8461194783252206, geometry_msgs.msg.Vector3(x=-0.5312236186536464, y=0.7607867620319302, z=2.3374724757422913), 497815000000, 
-0.774966246946607, 3.213128452512116, geometry_msgs.msg.Vector3(x=-0.5331929936968239, y=0.7604329898595248, z=2.337739190118441), 497820000000, 
2.107486386375009, 4.31366382941949, geometry_msgs.msg.Vector3(x=-0.5358716088250728, y=0.7588596758010836, z=2.3387172563221372), 497825000000, 
-2.588088491714962, 5.133129513903807, geometry_msgs.msg.Vector3(x=-0.5385280715973666, y=0.7586498781066652, z=2.3369261187883335), 497830000000, 
-2.816861157847757, 5.289069298693198, geometry_msgs.msg.Vector3(x=-0.5415941063909026, y=0.7583419157812772, z=2.3347328774344946), 497835000000, 
-1.3023264767631677, -1.0497277463388655, -0.08179978144509735, 497837000000, 
-4.044914482635749, 3.8234461276290803, geometry_msgs.msg.Vector3(x=-0.5430709590368501, y=0.7585558841006074, z=2.333049168296667), 497840000000, 
-0.7603831528872118, 3.1718417096993776, geometry_msgs.msg.Vector3(x=-0.5445212617955646, y=0.7581523994376288, z=2.332660008611096), 497845000000, 
2.089894737823858, 4.282179576288365, geometry_msgs.msg.Vector3(x=-0.5469900319470355, y=0.7568462009651569, z=2.334095718557787), 497850000000, 
-2.5484284971444024, 5.183749955486933, geometry_msgs.msg.Vector3(x=-0.5505022372506782, y=0.7564809558907077, z=2.332166767943256), 497855000000, 
-2.7383057878323336, 5.219488854395933, geometry_msgs.msg.Vector3(x=-0.5528834051828336, y=0.7560921222090816, z=2.3300378128095276), 497860000000, 
-3.758736610630918, 4.182134634247306, geometry_msgs.msg.Vector3(x=-0.5548499154315898, y=0.7560529509680189, z=2.328082209086314), 497865000000, 
-1.2841877480333441, 3.126819122499195, geometry_msgs.msg.Vector3(x=-0.556271355645703, y=0.7559092486965117, z=2.3284272514593565), 497870000000, 
-1.2904655785709076, -1.0511856995803015, 0.0026042834314252633, 497871000000, 
2.262844894185299, 4.186887238298637, geometry_msgs.msg.Vector3(x=-0.558756569254447, y=0.7550142943721156, z=2.329279109940072), 497875000000, 
-2.4410216790494212, 5.096616789743695, geometry_msgs.msg.Vector3(x=-0.5619214980868948, y=0.7544305532850702, z=2.32721009596191), 497880000000, 
-2.6665885587052123, 5.081067120470725, geometry_msgs.msg.Vector3(x=-0.5645821870781524, y=0.7538200008255992, z=2.3257267561086055), 497885000000, 
-3.589674216261957, 3.9044526497541225, geometry_msgs.msg.Vector3(x=-0.5667918113082506, y=0.7539315309433574, z=2.323160993701012), 497890000000, 
-0.6837209417650036, 3.0945405891163764, geometry_msgs.msg.Vector3(x=-0.568039929313951, y=0.7536788289479627, z=2.323311380179587), 497895000000, 
2.90598437713034, 4.355050852806632, geometry_msgs.msg.Vector3(x=-0.5704653158818842, y=0.7529402318555724, z=2.324374553404485), 497900000000, 
-1.2783909070484654, -1.0515598046539092, 0.0867399953860081, 497905000000, 
-1.972935329569418, 5.107644288862961, geometry_msgs.msg.Vector3(x=-0.5733918557371376, y=0.7520825714795176, z=2.322779561638258), 497905000000, 
-2.965105160832727, 4.9888719910919805, geometry_msgs.msg.Vector3(x=-0.576382085454887, y=0.7515887413341953, z=2.320856860973883), 497910000000, 
-1.9689140876726068, 4.748034293891927, geometry_msgs.msg.Vector3(x=-0.5784189409968635, y=0.751358736964639, z=2.319231087649306), 497915000000, 
-3.607815269839962, 2.889033062691978, geometry_msgs.msg.Vector3(x=-0.5796360151249642, y=0.7518611350123929, z=2.317569288129124), 497920000000, 
1.6107741114164946, 3.5516353272734786, geometry_msgs.msg.Vector3(x=-0.5817912884168622, y=0.7509333205766813, z=2.318874500962499), 497925000000, 
-0.8494657932579232, 5.107464941067548, geometry_msgs.msg.Vector3(x=-0.5848939376929039, y=0.7500378231006558, z=2.317259284309397), 497930000000, 
-2.8849415615440512, 4.929418514967766, geometry_msgs.msg.Vector3(x=-0.5876382012314366, y=0.7495761168687286, z=2.315131763086959), 497935000000, 
-1.2663817658576824, -1.0508435751404002, 0.17057484666801145, 497939000000, 
-1.8930040299700566, 4.64049111751789, geometry_msgs.msg.Vector3(x=-0.5900883901263752, y=0.7489784980108142, z=2.313738923125805), 497940000000, 
-3.539215318891515, 2.8642737759841355, geometry_msgs.msg.Vector3(x=-0.5916408144148921, y=0.7495220629806059, z=2.312264107879353), 497945000000, 
2.4474142531126764, 3.8855875582875106, geometry_msgs.msg.Vector3(x=-0.5936849500152431, y=0.7486232688434662, z=2.313424130474481), 497950000000, 
-2.206869873380953, 5.044783254651264, geometry_msgs.msg.Vector3(x=-0.5968010966176882, y=0.7479223620874764, z=2.3115236686808296), 497955000000, 
-2.474938063935426, 4.746443796842524, geometry_msgs.msg.Vector3(x=-0.5996697623043367, y=0.7474293911893132, z=2.309641376062417), 497960000000, 
-3.024896671594165, 3.8830797130533106, geometry_msgs.msg.Vector3(x=-0.6023233156665991, y=0.7476194940851898, z=2.3067657815778175), 497967000000, 
-0.7241817799598614, 2.9139343384114675, geometry_msgs.msg.Vector3(x=-0.6038610353001764, y=0.7476458894648833, z=2.306666867242781), 497972000000, 
-1.2545176377826943, -1.0490573576201097, 0.254109435893469, 497973000000, 
2.1265746179472114, 4.862427833353464, geometry_msgs.msg.Vector3(x=-0.6068491894947038, y=0.7459624383095096, z=2.306846863608982), 497977000000, 
-3.0954191985404873, 4.863202621750342, geometry_msgs.msg.Vector3(x=-0.6095778385466735, y=0.7459147439690098, z=2.3046079197099463), 497982000000, 
-1.8906258233943054, 4.405803379294296, geometry_msgs.msg.Vector3(x=-0.6119315096459774, y=0.7452346443552825, z=2.3028796688562485), 497987000000, 
-3.7174950380065654, 3.37866622542408, geometry_msgs.msg.Vector3(x=-0.61379460277987, y=0.7455786823759348, z=2.301129236480722), 497992000000, 
2.089035578089839, 3.596910937639421, geometry_msgs.msg.Vector3(x=-0.6159976196695617, y=0.7443481544749806, z=2.3019116048506616), 497997000000, 
-1.3279391685126054, 4.80131820522805, geometry_msgs.msg.Vector3(x=-0.6186015511400204, y=0.7438755013532485, z=2.3008842909628258), 498002000000, 
-2.516737599430163, 4.543047117067105, geometry_msgs.msg.Vector3(x=-0.6213608499201688, y=0.7435456770077893, z=2.298582221103319), 498007000000, 
-1.2427392241285637, -1.0461844408262897, 0.33735043137711257, 498007000000, 
-1.712525710497189, 4.228376630677857, geometry_msgs.msg.Vector3(x=-0.6239538523645674, y=0.7436319096615319, z=2.297435553887392), 498012000000, 
-3.649086075682113, 2.958089189863035, geometry_msgs.msg.Vector3(x=-0.6254414780487406, y=0.7432679640142682, z=2.295562469165108), 498017000000, 
2.32490890671146, 4.293440153576491, geometry_msgs.msg.Vector3(x=-0.6281931478137786, y=0.7421975393354945, z=2.296034602805983), 498022000000, 
-2.739763871268527, 4.8138885487039484, geometry_msgs.msg.Vector3(x=-0.6306296677886466, y=0.7421886424964098, z=2.294279787107556), 498027000000, 
-1.7743785025970793, 4.028353786441417, geometry_msgs.msg.Vector3(x=-0.633694729370022, y=0.7411234895778339, z=2.292273087967178), 498032000000, 
-1.5693470525882625, 4.127991437258597, geometry_msgs.msg.Vector3(x=-0.635944569890532, y=0.7411246743377529, z=2.290885846074415), 498037000000, 
-1.2313440409279082, -1.0423139814150242, 0.42027457794218726, 498041000000, 
-1.3922504387040726, 2.9746576987731945, geometry_msgs.msg.Vector3(x=-0.6377806524255251, y=0.7404548007473534, z=2.2904573735604847), 498042000000, 
1.1394442781685536, 4.286832679906007, geometry_msgs.msg.Vector3(x=-0.6402091864835103, y=0.7398385164908095, z=2.2900653577362253), 498047000000, 
-2.959994294252552, 4.920683192196524, geometry_msgs.msg.Vector3(x=-0.6424930320372472, y=0.7396069317862292, z=2.288305998008714), 498052000000, 
-1.9274765624589747, 3.89603412987353, geometry_msgs.msg.Vector3(x=-0.6453750152464934, y=0.7393706206847328, z=2.2862219037818563), 498057000000, 
-1.5751655371096431, 3.964987339950783, geometry_msgs.msg.Vector3(x=-0.6479515948625327, y=0.7390547703182994, z=2.2843731700974628), 498062000000, 
-1.5056173796965036, 4.001392637265792, geometry_msgs.msg.Vector3(x=-0.6502188634509266, y=0.7383023640517629, z=2.2827230816265573), 498067000000, 
-3.5933326421830367, 3.1229245390151195, geometry_msgs.msg.Vector3(x=-0.6512858611323543, y=0.7390036105095478, z=2.281138852417025), 498072000000, 
-1.220252322811502, -1.0374375978307817, 0.5028894063911332, 498075000000, 
2.4474204912718474, 3.8488108844734192, geometry_msgs.msg.Vector3(x=-0.6542587204243719, y=0.7378066163657516, z=2.2820467227192327), 498077000000, 
-2.462999751893306, 4.789228577423291, geometry_msgs.msg.Vector3(x=-0.6564747091116852, y=0.737468364779661, z=2.279650737462109), 498082000000, 
-2.1519249204461195, 3.8673656514634325, geometry_msgs.msg.Vector3(x=-0.659215412728816, y=0.7373019042464636, z=2.2779001317578134), 498087000000, 
-1.535535417656521, 3.738912400585157, geometry_msgs.msg.Vector3(x=-0.6619687688543984, y=0.7363979051812273, z=2.276111913998413), 498092000000, 
-1.468257437647319, 3.8737625237665556, geometry_msgs.msg.Vector3(x=-0.6643706607413515, y=0.7362807033672277, z=2.2744211357701323), 498097000000, 
-1.5009074881314366, 3.8542086143985625, geometry_msgs.msg.Vector3(x=-0.6666206195401644, y=0.7360115219411449, z=2.273182752149399), 498102000000, 
-1.4932981735153574, 3.879234112110142, geometry_msgs.msg.Vector3(x=-0.6690695626519234, y=0.7351157184559555, z=2.2714331333539324), 498107000000, 
-1.2096052212765795, -1.0316079231232484, 0.585157212369084, 498109000000, 
-1.4364499262207353, 3.789307846232453, geometry_msgs.msg.Vector3(x=-0.6718744866912955, y=0.734811449937245, z=2.2696729276794283), 498115000000, 
-1.462483517628146, 3.7531612970640906, geometry_msgs.msg.Vector3(x=-0.6755801968097359, y=0.7345012057501015, z=2.2675760367707842), 498120000000, 
-1.4950661469178943, 3.7304238333867072, geometry_msgs.msg.Vector3(x=-0.6779201842876225, y=0.7339010863340688, z=2.2658723225797734), 498125000000, 
-1.6118385971346811, 3.6563237471230563, geometry_msgs.msg.Vector3(x=-0.680449967150311, y=0.7340577945834093, z=2.2639306467241918), 498130000000, 
-1.6470061260970712, 3.590797737463071, geometry_msgs.msg.Vector3(x=-0.6823276955513105, y=0.7333761023483829, z=2.263159959768805), 498135000000, 
-1.5547624781093876, 3.754758046862515, geometry_msgs.msg.Vector3(x=-0.6848848667485261, y=0.7333349331140163, z=2.2607253238565423), 498140000000, 
-1.1995202027439749, -1.0249281471742224, 0.6670410868620047, 498143000000, 
-1.0150290746346018, 4.363085083073885, geometry_msgs.msg.Vector3(x=-0.6876261189744008, y=0.7324553344216672, z=2.259233144351438), 498145000000, 
-1.2543574224502856, 4.05720254727217, geometry_msgs.msg.Vector3(x=-0.6897673849325987, y=0.7325175602957599, z=2.2582914547278414), 498150000000, 
-1.4436484447378968, 3.7649024109899503, geometry_msgs.msg.Vector3(x=-0.6923354466852034, y=0.7316466398674825, z=2.256768493697337), 498155000000, 
-1.4905800468304211, 3.698444896358126, geometry_msgs.msg.Vector3(x=-0.6946841290400605, y=0.7315533495304427, z=2.2552567777990973), 498160000000, 
-1.5099593932155886, 3.6760789146411454, geometry_msgs.msg.Vector3(x=-0.6971537295350201, y=0.7309903356999697, z=2.2535489610356763), 498165000000, 
-1.5245578850808732, 3.686501208084338, geometry_msgs.msg.Vector3(x=-0.6994543897908616, y=0.7307183330095016, z=2.2523161636414275), 498170000000, 
-1.5348259168058542, 3.6030528318073873, geometry_msgs.msg.Vector3(x=-0.7017837670971605, y=0.7304158459284632, z=2.2510516570666987), 498175000000, 
-1.1900079832745143, -1.017137835606198, 0.7485725723889516, 498177000000, 
-1.5252985252710738, 3.613996267932425, geometry_msgs.msg.Vector3(x=-0.7044411669292816, y=0.7300611222707376, z=2.249739599709349), 498180000000, 
-1.5119120170076066, 3.59242944757432, geometry_msgs.msg.Vector3(x=-0.7062668433031566, y=0.730199014077482, z=2.2483355836797454), 498185000000, 
-1.4514257877923349, 3.5214520167698944, geometry_msgs.msg.Vector3(x=-0.7093608991680516, y=0.7291546766674212, z=2.246912767428868), 498190000000, 
-1.2422420054250858, 3.320241810791338, geometry_msgs.msg.Vector3(x=-0.7105591558687531, y=0.7289090156178311, z=2.2457958973204), 498196000000, 
-1.0541543135627336, 3.052564639637646, geometry_msgs.msg.Vector3(x=-0.7152505974457228, y=0.7281220266192779, z=2.2437652141594375), 498201000000, 
-0.9577452037058141, 2.91438701969368, geometry_msgs.msg.Vector3(x=-0.7176352561491454, y=0.727457325505338, z=2.2428084658723875), 498206000000, 
-1.3340672277742427, 3.303856231597566, geometry_msgs.msg.Vector3(x=-0.7200692464382054, y=0.7269989187740832, z=2.241259091531434), 498211000000, 
-1.1810083602671766, -1.0085243141830795, 0.8297659011899379, 498211000000, 
-1.4466329768809578, 3.4153439497828386, geometry_msgs.msg.Vector3(x=-0.7225076435751064, y=0.726782212257772, z=2.2398442636209444), 498216000000, 
-1.5357427990540262, 3.4349073772347585, geometry_msgs.msg.Vector3(x=-0.725370219587554, y=0.7261065142754144, z=2.2384297965813813), 498221000000, 
-1.519327336231689, 3.4420364725885078, geometry_msgs.msg.Vector3(x=-0.7275796690707962, y=0.7260881544570016, z=2.2367880140605636), 498226000000, 
-1.5222310366489196, 3.413052888169596, geometry_msgs.msg.Vector3(x=-0.7302009147813979, y=0.725779658697111, z=2.2353727948532267), 498231000000, 
-1.5272689646175392, 3.4204268470174894, geometry_msgs.msg.Vector3(x=-0.7322951582490651, y=0.7252969138962068, z=2.2343261721741796), 498236000000, 
-1.5510493340004115, 3.37211935653757, geometry_msgs.msg.Vector3(x=-0.734312481528296, y=0.7249376515794119, z=2.232532559089226), 498241000000, 
-1.1724531008957795, -0.9991703992638804, 0.9106280796359948, 498245000000, 
-1.5172404698829642, 3.379854863984237, geometry_msgs.msg.Vector3(x=-0.7376252419281045, y=0.7246402099195663, z=2.230841234486215), 498246000000, 
-1.5194204650940053, 3.3435628370254222, geometry_msgs.msg.Vector3(x=-0.7394472034025393, y=0.7241250031593558, z=2.229812543480732), 498251000000, 
-1.540756465090245, 3.3310421413127225, geometry_msgs.msg.Vector3(x=-0.7421802205313262, y=0.7239716729526943, z=2.2278377658195354), 498256000000, 
-1.5295507644508313, 3.2793447324740796, geometry_msgs.msg.Vector3(x=-0.7459976230676342, y=0.723016149412897, z=2.225232759183919), 498263000000, 
-1.5786957773057404, 3.2893253033072307, geometry_msgs.msg.Vector3(x=-0.7480964300502841, y=0.7229113613274816, z=2.2242968187661925), 498268000000, 
-1.5860892587923097, 3.264594327646616, geometry_msgs.msg.Vector3(x=-0.7520929270755435, y=0.7221427858710284, z=2.2212706181349304), 498275000000, 
-1.1646734121536304, -0.9891396899384703, 0.9911209931513879, 498279000000, 
-1.577393350982705, 3.229102766977718, geometry_msgs.msg.Vector3(x=-0.7541192640032778, y=0.7222373671485466, z=2.220306722020216), 498280000000, 
-1.5744737339692667, 3.22537824225581, geometry_msgs.msg.Vector3(x=-0.7565237551612416, y=0.7219827877081737, z=2.2184185848792035), 498285000000, 
-1.583163240993521, 3.2162917417622605, geometry_msgs.msg.Vector3(x=-0.7588865640388803, y=0.7212093219078656, z=2.216546133326771), 498290000000, 
-1.6030192970411161, 3.2261701013720994, geometry_msgs.msg.Vector3(x=-0.7615362333473232, y=0.7211069547119411, z=2.2147774061801413), 498295000000, 
-1.6135967299824634, 3.16269453894498, geometry_msgs.msg.Vector3(x=-0.7641799791561932, y=0.7205313621439914, z=2.212852733941485), 498300000000, 
-1.6396606271235776, 3.1425595627031564, geometry_msgs.msg.Vector3(x=-0.7666925711458111, y=0.7202285630148103, z=2.211471783345412), 498305000000, 
-1.621069081965462, 3.1447077424248, geometry_msgs.msg.Vector3(x=-0.7694500150717378, y=0.7197435739490903, z=2.2094740795098415), 498310000000, 
-1.1577140381555273, -0.9785009144247492, 1.0712076174816978, 498313000000, 
-1.6449063834835644, 3.1299707925853277, geometry_msgs.msg.Vector3(x=-0.7714390150570516, y=0.7195466798068401, z=2.2077873550837435), 498315000000, 
-1.6334389682654966, 3.114086025021019, geometry_msgs.msg.Vector3(x=-0.7745687513384365, y=0.7193601062282073, z=2.206101387741227), 498320000000, 
-1.7318299162096107, 3.160158138569991, geometry_msgs.msg.Vector3(x=-0.7772660046626004, y=0.7188289090408829, z=2.2042703287088807), 498325000000, 
-1.7076089921275448, 3.1022041012431765, geometry_msgs.msg.Vector3(x=-0.7803063442885255, y=0.718350392951139, z=2.2022456938359385), 498330000000, 
-1.722997636738903, 3.054443722370059, geometry_msgs.msg.Vector3(x=-0.7828573138891922, y=0.7182819535154158, z=2.200697738114702), 498335000000, 
-1.7202250234776564, 3.064770010640688, geometry_msgs.msg.Vector3(x=-0.7852816923834995, y=0.7173679377390441, z=2.199265114384066), 498340000000, 
-1.7159696825074937, 3.0261276999861866, geometry_msgs.msg.Vector3(x=-0.7881671683657363, y=0.7175259457147543, z=2.197132590494538), 498345000000, 
-1.1516139129185776, -0.9673265666748351, 1.1508761053672563, 498347000000, 
-1.769854053605104, 2.9721010737073787, geometry_msgs.msg.Vector3(x=-0.791737364459106, y=0.7167942539241211, z=2.1953495302353936), 498351000000, 
-1.7460623349045685, 2.989909857203554, geometry_msgs.msg.Vector3(x=-0.7941410086830349, y=0.716601104494318, z=2.1941740929695372), 498356000000, 
-1.7425012711458119, 2.993867875602249, geometry_msgs.msg.Vector3(x=-0.7967275977880836, y=0.716168328613148, z=2.192009146683502), 498361000000, 
-1.7302543360225038, 2.937733945553747, geometry_msgs.msg.Vector3(x=-0.7994910057159014, y=0.7156189775217544, z=2.190207511128761), 498366000000, 
-1.774609031468571, 2.9087352088045306, geometry_msgs.msg.Vector3(x=-0.8019674976253421, y=0.7156474636405777, z=2.1889759314837067), 498371000000, 
-1.7442157398920155, 2.9038252365156425, geometry_msgs.msg.Vector3(x=-0.8052097721359694, y=0.715293059311185, z=2.187394975011982), 498376000000, 
-1.8010054287785813, 2.8530245938058187, geometry_msgs.msg.Vector3(x=-0.8074748598873295, y=0.7150497749923346, z=2.185893457509439), 498381000000, 
-1.1464067858882645, -0.9556938094191769, 1.2301536324038789, 498381000000, 
-1.8212120656313107, 2.8475486641614043, geometry_msgs.msg.Vector3(x=-0.8102397716858234, y=0.7141279085619272, z=2.184261365049462), 498386000000, 
-1.820752784166135, 2.7867430425929576, geometry_msgs.msg.Vector3(x=-0.8133696472527205, y=0.7138895730483882, z=2.183531568005842), 498391000000, 
-1.8444242054148599, 2.8213656780384655, geometry_msgs.msg.Vector3(x=-0.8157940023359628, y=0.7134812287114316, z=2.181384406832538), 498396000000, 
-1.8548645760053108, 2.833995415852827, geometry_msgs.msg.Vector3(x=-0.8183499933964149, y=0.7129555924565897, z=2.179928288179885), 498401000000, 
-1.846556779511521, 2.777542943754518, geometry_msgs.msg.Vector3(x=-0.8211559406154337, y=0.7131026418875318, z=2.178486231742609), 498406000000, 
-1.8607598689817701, 2.75002626266261, geometry_msgs.msg.Vector3(x=-0.8239298884442168, y=0.7128182956806716, z=2.1767452672225804), 498411000000, 
-1.1421192660921382, -0.9436807031547477, 1.309075064650641, 498415000000, 
-1.8588944770107867, 2.7425804262657403, geometry_msgs.msg.Vector3(x=-0.826453479070914, y=0.7123001242295034, z=2.1753974581588897), 498416000000, 
-1.9087837741334694, 2.707129363586484, geometry_msgs.msg.Vector3(x=-0.82933362115958, y=0.7115443634317343, z=2.173923667298045), 498421000000, 
-1.9096662588580962, 2.7091689270392827, geometry_msgs.msg.Vector3(x=-0.8316795663266586, y=0.7112755280413242, z=2.172159448332776), 498426000000, 
-1.8947484965577617, 2.6505563943629173, geometry_msgs.msg.Vector3(x=-0.8344445037405741, y=0.7110774710152701, z=2.1710070378608934), 498431000000, 
-1.925264781741468, 2.645464851397314, geometry_msgs.msg.Vector3(x=-0.8373630540375153, y=0.7104917150465067, z=2.169125234618889), 498436000000, 
-1.9156129954460797, 2.628665076270233, geometry_msgs.msg.Vector3(x=-0.839672392133444, y=0.710339140185607, z=2.167663567464077), 498441000000, 
-1.9527088910018489, 2.6043002128862347, geometry_msgs.msg.Vector3(x=-0.8424656704632221, y=0.7098801258430295, z=2.165935257432745), 498446000000, 
-1.1387710069103816, -0.9313624956173732, 1.3876429740012062, 498449000000, 
-1.9567669143700743, 2.592693357644372, geometry_msgs.msg.Vector3(x=-0.8449945982454712, y=0.7097852460098306, z=2.1642492143970236), 498451000000, 
-1.9763063477324851, 2.590633385134459, geometry_msgs.msg.Vector3(x=-0.8474545265536404, y=0.7089664463757682, z=2.162281759873639), 498456000000, 
-1.9816611784343618, 2.5750169909392806, geometry_msgs.msg.Vector3(x=-0.8500815435874648, y=0.7090988802135444, z=2.1605447427015454), 498461000000, 
-2.0175663204014653, 2.54124135771841, geometry_msgs.msg.Vector3(x=-0.8525624467407423, y=0.7086119725867525, z=2.1587300324395784), 498466000000, 
-2.0548654591435653, 2.54475445031852, geometry_msgs.msg.Vector3(x=-0.8554428716608878, y=0.7081275949549196, z=2.156849791072115), 498471000000, 
-2.002182339330568, 2.51280903656236, geometry_msgs.msg.Vector3(x=-0.8578532341008026, y=0.7081661634395009, z=2.154838074042498), 498476000000, 
-2.0625721908885324, 2.5085412292795772, geometry_msgs.msg.Vector3(x=-0.8605172908170964, y=0.707607191334723, z=2.15332101404621), 498481000000, 
-1.1363756594269336, -0.9188117576323239, 1.4658228020471118, 498483000000, 
-2.0872886956604635, 2.4510466484948012, geometry_msgs.msg.Vector3(x=-0.8631022517461427, y=0.7071675889339988, z=2.1511853792495566), 498486000000, 
-2.082286522024137, 2.4512574924494, geometry_msgs.msg.Vector3(x=-0.8657822914012766, y=0.7068204753678727, z=2.148963402901039), 498491000000, 
-2.0835721596947807, 2.3982319089150677, geometry_msgs.msg.Vector3(x=-0.8684681621334102, y=0.7064272540743418, z=2.1472195094804514), 498496000000, 
-2.1121887805418864, 2.418858825174522, geometry_msgs.msg.Vector3(x=-0.8711487445087531, y=0.7060632732813782, z=2.1452476574560184), 498501000000, 
-2.1112666502702635, 2.41017222339841, geometry_msgs.msg.Vector3(x=-0.8738272531019108, y=0.7055420776985886, z=2.142799847689731), 498506000000, 
-2.1730737760948617, 2.338432574618073, geometry_msgs.msg.Vector3(x=-0.8767081606701634, y=0.705462281341394, z=2.141290260506937), 498511000000, 
-2.1403232332057085, 2.37750595609847, geometry_msgs.msg.Vector3(x=-0.8795021126648958, y=0.7049579001884316, z=2.139458112710373), 498516000000, 
-1.1349422995361738, -0.9061005527573064, 1.5435778241943738, 498517000000, 
-2.1922642563289787, 2.3083177429791717, geometry_msgs.msg.Vector3(x=-0.8827419635740366, y=0.7052806951125894, z=2.1371425164502074), 498521000000, 
-2.210615781745793, 2.3622128054691207, geometry_msgs.msg.Vector3(x=-0.885532896544004, y=0.7046375951854804, z=2.134568866631737), 498526000000, 
-2.2178239083473335, 2.3241375258079513, geometry_msgs.msg.Vector3(x=-0.8881549408257584, y=0.7038911465386107, z=2.1329942900727112), 498531000000, 
-2.2691688048185927, 2.307974042027066, geometry_msgs.msg.Vector3(x=-0.8909373396024769, y=0.7037236232369535, z=2.1311654949909715), 498536000000, 
-39.87795820255822, -7.321815734976761, geometry_msgs.msg.Vector3(x=-0.9041540950378382, y=0.702920194720936, z=2.112033191421157), 498541000000, 
34.111374715673676, 16.542371527001247, geometry_msgs.msg.Vector3(x=-0.9032819478299996, y=0.6953006777506505, z=2.127630139228103), 498546000000, 
-2.6233967478864306, 0.5303685238694582, geometry_msgs.msg.Vector3(x=-0.9032281139911488, y=0.6957123836890629, z=2.1260487966132477), 498551000000, 
-1.1344612579229254, -0.8933542276848, 1.6208854121054943, 498551000000, 
-4.0860521908186715, 0.8249399624657329, geometry_msgs.msg.Vector3(x=-0.9046745467802958, y=0.6962793695460333, z=2.1231071255378193), 498556000000, 
-1.1920054862536762, 1.480491070953475, geometry_msgs.msg.Vector3(x=-0.906122631781291, y=0.6957940689572548, z=2.121427390786614), 498561000000, 
-1.3316097534398943, 1.806214890339195, geometry_msgs.msg.Vector3(x=-0.9081051273139745, y=0.6957836426332913, z=2.119689174631599), 498566000000, 
-1.831606523249664, 1.9360600536057753, geometry_msgs.msg.Vector3(x=-0.9104319080033537, y=0.695452434647026, z=2.118324556022937), 498571000000, 
-2.115693921512506, 2.008962335209163, geometry_msgs.msg.Vector3(x=-0.9125458122412887, y=0.6949096004874058, z=2.116539477787399), 498576000000, 
-2.5685336716122293, 7.013999652532388, geometry_msgs.msg.Vector3(x=-0.9216312543971382, y=0.687224369403387, z=2.1145337397057054), 498581000000, 
-1.1349044766981904, -0.8807324273519189, 1.6977940425696545, 498585000000, 
-3.7103721039662534, 0.7460689108164813, geometry_msgs.msg.Vector3(x=-0.9219450273737857, y=0.6877787045818647, z=2.112585322161566), 498586000000, 
-4.179857730501584, -0.6356588042259689, geometry_msgs.msg.Vector3(x=-0.9227692419423378, y=0.6880204884809574, z=2.1098721809498877), 498591000000, 
-1.1526606471895617, 1.0619721465762164, geometry_msgs.msg.Vector3(x=-0.9243368973928154, y=0.6879539134442516, z=2.1083600397141833), 498596000000, 
-1.6126264920677393, 1.584780124692927, geometry_msgs.msg.Vector3(x=-0.926392099939068, y=0.6875906392210718, z=2.1071736008653277), 498601000000, 
-7.7731362341096535, -2.8246050262829563, geometry_msgs.msg.Vector3(x=-0.9363250936970746, y=0.681028424405971, z=2.1023624377289987), 498606000000, 
4.95005407778898, 14.949735008444474, geometry_msgs.msg.Vector3(x=-0.9337351445107441, y=0.6805557376027528, z=2.1052169230663695), 498611000000, 
-5.568580448091568, -3.497094072625134, geometry_msgs.msg.Vector3(x=-0.9351351713678232, y=0.6818152788895369, z=2.100914637231095), 498616000000, 
-1.1363830814696667, -0.8682076668401794, 1.7743203150290985, 498619000000, 
-33.79028210838222, -15.730484682077835, geometry_msgs.msg.Vector3(x=-0.9453528706333109, y=0.6816467530585091, z=2.082923341213755), 498621000000, 
30.200365860443075, 22.04471617255628, geometry_msgs.msg.Vector3(x=-0.943595049342018, y=0.6751838690785312, z=2.0983230809515225), 498626000000, 
-3.06991265565965, 2.226493933120951, geometry_msgs.msg.Vector3(x=-0.9431956852865426, y=0.6755262315359669, z=2.0965617396102356), 498631000000, 
-3.552902838894724, -1.6743465217081197, geometry_msgs.msg.Vector3(x=-0.944592945427509, y=0.6759825134916448, z=2.0939067505643143), 498636000000, 
-6.828479941226579, -0.6632172470219434, geometry_msgs.msg.Vector3(x=-0.9522505001757905, y=0.671150537168657, z=2.0901435214204542), 498641000000, 
0.4011468759308139, 4.353402505594162, geometry_msgs.msg.Vector3(x=-0.9513833315762319, y=0.6714270615492275, z=2.0891775653764233), 498649000000, 
-1.1385532122089947, -0.8561039369080188, 1.850440888907648, 498653000000, 
-7.469070669467576, -0.4632759265544023, geometry_msgs.msg.Vector3(x=-0.9577937461751362, y=0.6671672310162834, z=2.0858810106881727), 498654000000, 
2.296628328571995, 5.869828953992865, geometry_msgs.msg.Vector3(x=-0.9570412616743811, y=0.6663432629034121, z=2.085639326301402), 498659000000, 
-16.09673106350583, -6.888558696742679, geometry_msgs.msg.Vector3(x=-0.9635656172948065, y=0.6650137849891095, z=2.0773839251153063), 498664000000, 
10.98246178434568, 10.594577407066119, geometry_msgs.msg.Vector3(x=-0.9621924079419576, y=0.6633751918796784, z=2.082530690561171), 498669000000, 
-15.35103293639453, -5.99760381929973, geometry_msgs.msg.Vector3(x=-0.9682309083767003, y=0.6617114176699499, z=2.0747192698673236), 498674000000, 
10.010089314024544, 9.308046051121945, geometry_msgs.msg.Vector3(x=-0.9671902735316126, y=0.6595774702609088, z=2.0785366221288406), 498679000000, 
-11.793566565365822, -2.1570039556560676, geometry_msgs.msg.Vector3(x=-0.9720457179430791, y=0.6582425800727728, z=2.07361948334031), 498684000000, 
-1.141804875436122, -0.8440772283753266, 1.9262500619570302, 498687000000, 
-14.821400861988565, -2.7100232611734794, geometry_msgs.msg.Vector3(x=-0.9754902247701746, y=0.6579459106955126, z=2.067288878560542), 498689000000, 
-2.809501354149479, 2.211273476344127, geometry_msgs.msg.Vector3(x=-0.9796893310941869, y=0.6555874334684041, z=2.066930225517521), 498694000000, 
-2.6104419716316625, 0.9120039446345857, geometry_msgs.msg.Vector3(x=-0.9818960917574384, y=0.6535248640410726, z=2.066305304993537), 498699000000, 
-2.585957247890487, 1.5305030278602778, geometry_msgs.msg.Vector3(x=-0.9852348116382365, y=0.6511283766073473, z=2.066279703732461), 498704000000, 
-2.4190084866599304, 1.881442300533096, geometry_msgs.msg.Vector3(x=-0.9875358626792086, y=0.6496626529065707, z=2.066078443217969), 498709000000, 
-4.347736356025849, -2.298254237998364, geometry_msgs.msg.Vector3(x=-0.9903734402682828, y=0.6488801689312511, z=2.064731593634559), 498714000000, 
-18.36968839887743, -5.2395543365624, geometry_msgs.msg.Vector3(x=-0.9933576058183654, y=0.6497398651726697, z=2.0557209040758186), 498719000000, 
-1.1452236931320008, -0.8328794776351168, 2.001907966694059, 498721000000, 
-15.629577511932474, -4.419423788500887, geometry_msgs.msg.Vector3(x=-0.9962343667370387, y=0.651385609079642, z=2.047348128712813), 498724000000, 
-15.634364008283612, -4.190617662806765, geometry_msgs.msg.Vector3(x=-0.9977489266125197, y=0.6521384043404185, z=2.041598627889056), 498729000000, 
-14.19856266940263, -0.9908762917901963, geometry_msgs.msg.Vector3(x=-0.9997231047300703, y=0.6527711414426726, z=2.035502872992974), 498734000000, 
-11.511688173173573, 4.798946613092101, geometry_msgs.msg.Vector3(x=-1.001037853169558, y=0.6528517626856707, z=2.032150874179534), 498739000000, 
-11.485385653814664, 4.875863517274005, geometry_msgs.msg.Vector3(x=-1.0026334151972487, y=0.6534173536468479, z=2.0293279768684824), 498744000000, 
-11.45452848974062, 4.985691227456662, geometry_msgs.msg.Vector3(x=-1.0035033483180442, y=0.6535643454549239, z=2.026429371660307), 498749000000, 
-10.695134964265634, 4.686898540850243, geometry_msgs.msg.Vector3(x=-1.0048830491506733, y=0.6537829232916185, z=2.0238119936821564), 498754000000, 
-1.14124613441541, -0.8311296349706417, 2.076515027568548, 498755000000, 
-3.0334759894090197, 0.405814724717065, geometry_msgs.msg.Vector3(x=-1.008058900233843, y=0.651922223877444, z=2.02278540572502), 498759000000, 
-3.085733891041291, 0.4027081832557792, geometry_msgs.msg.Vector3(x=-1.0110364661983253, y=0.6504793731498661, z=2.0219377645727916), 498764000000, 
-3.1247750297012256, 0.3398402087612479, geometry_msgs.msg.Vector3(x=-1.013692197409366, y=0.6485109893000593, z=2.0210683830366984), 498769000000, 
-3.1232529189926854, 0.323476584719946, geometry_msgs.msg.Vector3(x=-1.0171102587596195, y=0.6468414609641036, z=2.020034215286391), 498774000000, 
-3.13654070424931, 0.35221590387811863, geometry_msgs.msg.Vector3(x=-1.0202670987028462, y=0.6445893078330571, z=2.0193163928929616), 498779000000, 
-3.154486580390774, 0.3116203688438953, geometry_msgs.msg.Vector3(x=-1.0234191784664368, y=0.6432548739525575, z=2.017841682934298), 498784000000, 
-3.172594861749521, 0.326218824153065, geometry_msgs.msg.Vector3(x=-1.0261819988634888, y=0.6415141772594048, z=2.017290463940371), 498789000000, 
-1.1364739512896682, -0.8342362201803728, 2.150847700889581, 498789000000, 
-3.2067165659238746, 0.29485891382645774, geometry_msgs.msg.Vector3(x=-1.029290037204583, y=0.6398401201427057, z=2.0163438208205), 498794000000, 
-3.2406656981191433, 0.2857537273271885, geometry_msgs.msg.Vector3(x=-1.032474930698836, y=0.6380353408367319, z=2.0150591445556443), 498799000000, 
-3.2637102661197592, 0.23689157935848776, geometry_msgs.msg.Vector3(x=-1.0351312265140435, y=0.6366477436338551, z=2.014309995106233), 498804000000, 
-3.29322761709926, 0.22873291765836784, geometry_msgs.msg.Vector3(x=-1.0383305464386239, y=0.6350849195115946, z=2.0134674482540795), 498809000000, 
-3.2882531143595872, 0.2335707525959827, geometry_msgs.msg.Vector3(x=-1.040899735612262, y=0.6329814632913461, z=2.0122744414162814), 498814000000, 
-3.319213120013875, 0.2579780578296873, geometry_msgs.msg.Vector3(x=-1.0445245324084278, y=0.6317295759212883, z=2.0111716066394045), 498819000000, 
-1.1314805395671053, -0.8369767109040007, 2.2252022040077826, 498823000000, 
-3.3678103280063616, 0.19953914360244002, geometry_msgs.msg.Vector3(x=-1.0473646524078184, y=0.6295832909614664, z=2.0101769810702663), 498824000000, 
-3.3713215055208217, 0.19243928889608145, geometry_msgs.msg.Vector3(x=-1.0484489583000995, y=0.62874243129258, z=2.0097872110688315), 498829000000, 
-3.424954789550815, 0.1715302737033247, geometry_msgs.msg.Vector3(x=-1.0538789714156056, y=0.6260511035648898, z=2.0081195412758226), 498834000000, 
-3.4224374159271926, 0.15548824819810042, geometry_msgs.msg.Vector3(x=-1.0571147302344537, y=0.6246137864952535, z=2.0067099748134676), 498839000000, 
-3.474316342079436, 0.1648516815030035, geometry_msgs.msg.Vector3(x=-1.0594920516531279, y=0.6230849326379873, z=2.00571338500591), 498844000000, 
-3.4471983027300985, 0.1245258459951199, geometry_msgs.msg.Vector3(x=-1.0623363312250744, y=0.6216834579345498, z=2.004475837569812), 498849000000, 
-3.5123386331109496, 0.1302860648979924, geometry_msgs.msg.Vector3(x=-1.0656170177360413, y=0.6200617306186121, z=2.00348129625898), 498854000000, 
-1.1262954847453852, -0.8393349575050983, 2.299592366652641, 498857000000, 
-3.5233766275374534, 0.14715339713341555, geometry_msgs.msg.Vector3(x=-1.0683728131561363, y=0.6184143017439129, z=2.002477361732861), 498859000000, 
-3.565834910773106, 0.1357775680968221, geometry_msgs.msg.Vector3(x=-1.0713944339411403, y=0.6167701898096811, z=2.0009582616042443), 498864000000, 
-3.549369605367164, 0.1003493174532226, geometry_msgs.msg.Vector3(x=-1.0745866839528992, y=0.6147568546232297, z=1.9999102602220578), 498869000000, 
-3.59780146484221, 0.07979787094468808, geometry_msgs.msg.Vector3(x=-1.0754359155605238, y=0.614466472049099, z=1.9996897426072715), 498874000000, 
-3.630408088854504, 0.0704207453207762, geometry_msgs.msg.Vector3(x=-1.0804883286392637, y=0.6116052345853386, z=1.9975543794277733), 498879000000, 
-3.6238638666577385, 0.054679075323606025, geometry_msgs.msg.Vector3(x=-1.0824146036130053, y=0.6109640029365478, z=1.9967464264088546), 498885000000, 
-3.6542697611842194, 0.0654544135010301, geometry_msgs.msg.Vector3(x=-1.0876101817206496, y=0.6080448977074145, z=1.9942875814923802), 498890000000, 
-1.1209499435076336, -0.8412970182213774, 2.374027949375851, 498891000000, 
-3.6856508319292978, 0.07991008521590587, geometry_msgs.msg.Vector3(x=-1.0899661254910165, y=0.6067551213900165, z=1.993383868921173), 498895000000, 
-3.721406749301511, 0.05629507420536545, geometry_msgs.msg.Vector3(x=-1.0933631975462512, y=0.605157667596334, z=1.9923677464506888), 498900000000, 
-3.7305560748180064, 0.012667537034769851, geometry_msgs.msg.Vector3(x=-1.096056688625958, y=0.6038262908609688, z=1.9911793901510224), 498905000000, 
-3.7691174368511255, 0.015407975666352578, geometry_msgs.msg.Vector3(x=-1.0990583479877896, y=0.6021316542513776, z=1.989783186019821), 498910000000, 
-3.7827553160425658, 0.0439037928436713, geometry_msgs.msg.Vector3(x=-1.1019065267023536, y=0.6005168157016616, z=1.9883053563627644), 498915000000, 
-3.821894914278808, -0.003836348098577282, geometry_msgs.msg.Vector3(x=-1.1053933364220405, y=0.5992810547191053, z=1.9868176732703302), 498920000000, 
-1.1154751892042452, -0.8428519368887335, 2.4485313585752255, 498925000000, 
-3.8138269438326136, 0.00119972392496831, geometry_msgs.msg.Vector3(x=-1.108196230253557, y=0.5977287807383378, z=1.9859409218661104), 498925000000, 
-3.8509318769143674, -0.014556343226359894, geometry_msgs.msg.Vector3(x=-1.1115124773441, y=0.596431905911493, z=1.984221819955442), 498930000000, 
-3.9184900555868856, -0.0451172037741877, geometry_msgs.msg.Vector3(x=-1.1140720969098445, y=0.5944446832600148, z=1.9832420305339156), 498937000000, 
-3.917706104761889, -0.06159823987023964, geometry_msgs.msg.Vector3(x=-1.1182332542804094, y=0.5928219307434665, z=1.9811793983798418), 498942000000, 
-3.9279146768939825, -0.07034452090302007, geometry_msgs.msg.Vector3(x=-1.1213655805794884, y=0.5911468712589019, z=1.980158538518375), 498947000000, 
-3.957512495916537, -0.058038289617563764, geometry_msgs.msg.Vector3(x=-1.1244815416815421, y=0.589841090328962, z=1.9786590233437897), 498952000000, 
-3.99768116582368, -0.0692173681504501, geometry_msgs.msg.Vector3(x=-1.1269434318271982, y=0.5882983674251887, z=1.9773575484383192), 498957000000, 
-1.1099027024344865, -0.843991285105847, 2.5231342125152785, 498959000000, 
-4.017492183611409, -0.08002932362910156, geometry_msgs.msg.Vector3(x=-1.1303029363961725, y=0.5862846003066392, z=1.9757819786855095), 498962000000, 
-4.042134855927284, -0.1120506228813032, geometry_msgs.msg.Vector3(x=-1.1328953976851597, y=0.5849082335869563, z=1.9740140860834121), 498967000000, 
-4.082325140698246, -0.10655757318981783, geometry_msgs.msg.Vector3(x=-1.136007441223755, y=0.5835348524227879, z=1.973065622857323), 498972000000, 
-4.065042254479273, -0.1149930497983857, geometry_msgs.msg.Vector3(x=-1.1393499017263349, y=0.5822982075089295, z=1.971641649647288), 498977000000, 
-4.110289380167037, -0.1539640124792539, geometry_msgs.msg.Vector3(x=-1.1420829912286192, y=0.5804806841732956, z=1.9699339959599613), 498982000000, 
-4.131739503620507, -0.11478193737406209, geometry_msgs.msg.Vector3(x=-1.1451026733662955, y=0.5792583012467583, z=1.9683975186488303), 498987000000, 
-4.149695125883439, -0.16981335648744014, geometry_msgs.msg.Vector3(x=-1.1482030262373701, y=0.5776657716602577, z=1.9668211002152665), 498992000000, 
-1.1042652416921241, -0.8447089294707607, 2.597860401991842, 498993000000, 
-4.209534818461009, -0.17435508482932938, geometry_msgs.msg.Vector3(x=-1.1511936868159605, y=0.5762605800815694, z=1.96582376434142), 498997000000, 
-4.198535053980199, -0.17217220196603572, geometry_msgs.msg.Vector3(x=-1.1534797274087485, y=0.5749939347913368, z=1.9642103740232915), 499002000000, 
-4.259113125010689, -0.18759930050755683, geometry_msgs.msg.Vector3(x=-1.1559804467342936, y=0.5737301213780029, z=1.9629187615543777), 499007000000, 
-4.233632850035445, -0.19754882296380089, geometry_msgs.msg.Vector3(x=-1.1593135577672469, y=0.5722777558340151, z=1.9608932743625542), 499012000000, 
-4.300147137158125, -0.16977525649373254, geometry_msgs.msg.Vector3(x=-1.1625485328164415, y=0.570367180976427, z=1.9590438509946544), 499017000000, 
-4.297284916922486, -0.1930759690363536, geometry_msgs.msg.Vector3(x=-1.165392704944645, y=0.5690098688042954, z=1.9576679261619025), 499022000000, 
-4.299543617890911, -0.2113800478835582, geometry_msgs.msg.Vector3(x=-1.1685360446264617, y=0.5679109371009877, z=1.9559815279419124), 499027000000, 
-1.0985967635084584, -0.8450014825125212, 2.672721694627562, 499027000000, 
-4.347163214728162, -0.21854778120324772, geometry_msgs.msg.Vector3(x=-1.171059448268105, y=0.5662454323686045, z=1.9542758506964963), 499032000000, 
-4.350750282573436, -0.22206685404001147, geometry_msgs.msg.Vector3(x=-1.1741438034650726, y=0.5649341800363371, z=1.9527066552783574), 499037000000, 
-4.412415360501821, -0.22311191574387085, geometry_msgs.msg.Vector3(x=-1.1772408555364404, y=0.5637886503990687, z=1.9512555084002794), 499042000000, 
-4.409338410358066, -0.2533106622968829, geometry_msgs.msg.Vector3(x=-1.1799853463671863, y=0.5622370523720466, z=1.9495860873104778), 499047000000, 
-4.4199473000797, -0.25202881692324486, geometry_msgs.msg.Vector3(x=-1.181098422084884, y=0.5619415959836015, z=1.9488218335242538), 499052000000, 
-4.461462799369905, -0.2727705291667577, geometry_msgs.msg.Vector3(x=-1.1868701855132655, y=0.5593668165641817, z=1.945645436513978), 499057000000, 
-1.0929306853891056, -0.8448685932945398, 2.747735062023636, 499061000000, 
-4.502204993581498, -0.25193316737877847, geometry_msgs.msg.Vector3(x=-1.1889713683328729, y=0.5585506220293459, z=1.9445390765937474), 499062000000, 
-4.489867493642964, -0.24536855551302553, geometry_msgs.msg.Vector3(x=-1.19186413671474, y=0.557005389501391, z=1.9430933166339848), 499067000000, 
-4.5372122374703645, -0.22815101328163623, geometry_msgs.msg.Vector3(x=-1.1948389842823774, y=0.5557581761336765, z=1.9408278240105954), 499072000000, 
-4.522528948965102, -0.24824200969483634, geometry_msgs.msg.Vector3(x=-1.1980508828926075, y=0.5540425425463101, z=1.9399085980862483), 499077000000, 
-4.592094542478478, -0.2577926921853957, geometry_msgs.msg.Vector3(x=-1.2009824169024212, y=0.55338931903976, z=1.9378374670363236), 499082000000, 
-4.611942436013141, -0.29920067413305734, geometry_msgs.msg.Vector3(x=-1.20402545242006, y=0.5517036117048552, z=1.9361125516642008), 499087000000, 
-4.598894491040853, -0.2762356392342123, geometry_msgs.msg.Vector3(x=-1.2070559596354467, y=0.5505661045320268, z=1.9346090354358014), 499092000000, 
-1.0872985856242696, -0.8443124213791658, 2.82293951480387, 499095000000, 
-4.653019480160952, -0.28933322269415623, geometry_msgs.msg.Vector3(x=-1.2099782764261326, y=0.5492398515474862, z=1.9332539937397994), 499097000000, 
-4.699337025239539, -0.30194407119756456, geometry_msgs.msg.Vector3(x=-1.2132687810367604, y=0.5475836077333929, z=1.9314549746640228), 499102000000, 
-4.678359428975444, -0.28415002836704706, geometry_msgs.msg.Vector3(x=-1.2157583981346831, y=0.5467149171238233, z=1.9293620400004503), 499107000000, 
-4.696126522639251, -0.258020663556348, geometry_msgs.msg.Vector3(x=-1.2190769203425524, y=0.5451708873260545, z=1.9281274378575892), 499112000000, 
-4.710588326856139, -0.3253341592978918, geometry_msgs.msg.Vector3(x=-1.2219871424698479, y=0.5437378727523805, z=1.9265977146601825), 499117000000, 
-4.751624885656839, -0.3214155563040777, geometry_msgs.msg.Vector3(x=-1.2247472513610365, y=0.5428072115060729, z=1.9249444128186621), 499122000000, 
-4.744534287275728, -0.3150213448519813, geometry_msgs.msg.Vector3(x=-1.2279169300690072, y=0.5415923765142472, z=1.9233566216640496), 499127000000, 
-1.0817312017151208, -0.8433370458881511, 2.898386620578725, 499129000000, 
-4.835946676687773, -0.2863234284185315, geometry_msgs.msg.Vector3(x=-1.2307570274155184, y=0.5401266992360004, z=1.9214207524985898), 499132000000, 
3.6565589609851834, -6.6047438835373935, geometry_msgs.msg.Vector3(x=-1.2267195592537208, y=0.5363831023690062, z=1.917861881012452), 499137000000, 
5.366242551297318, -2.6696396006821006, geometry_msgs.msg.Vector3(x=-1.219554978055668, y=0.5313063004562136, z=1.915087844449898), 499142000000, 
2.531661725492299, 1.7962156610067843, geometry_msgs.msg.Vector3(x=-1.2153173494562588, y=0.5276839119770863, z=1.9146500812739866), 499147000000, 
3.331245917502409, 2.391352828961479, geometry_msgs.msg.Vector3(x=-1.2088201349354206, y=0.5245986227859478, z=1.914683051133292), 499152000000, 
2.5395601567724544, 1.6583189934627396, geometry_msgs.msg.Vector3(x=-1.2043645665782599, y=0.5217387506704385, z=1.9141746938792263), 499157000000, 
3.5569865369193545, 2.2159215117972844, geometry_msgs.msg.Vector3(x=-1.194874482790866, y=0.5158692887140511, z=1.91356293654387), 499163000000, 
-1.0811253618432843, -0.8401869786649913, 2.974091253580856, 499163000000, 
-3.781084472448407, 0.2831497882733727, geometry_msgs.msg.Vector3(x=-1.1915869224286482, y=0.5145265947792245, z=1.9153347669607348), 499168000000, 
-6.438586000075227, 0.3991742777156227, geometry_msgs.msg.Vector3(x=-1.1868804779266764, y=0.5134715824017184, z=1.9181993195938374), 499173000000, 
-4.901786566155127, 0.34540207472715095, geometry_msgs.msg.Vector3(x=-1.1842295538284857, y=0.5127166707497144, z=1.9204350659654508), 499178000000, 
-3.978583926632175, 0.281230482362938, geometry_msgs.msg.Vector3(x=-1.1806396841268871, y=0.5113863202253486, z=1.9215272899842304), 499183000000, 
-5.414907409079498, 0.43877559357677265, geometry_msgs.msg.Vector3(x=-1.176725397913089, y=0.5103230403200895, z=1.9237413174917017), 499188000000, 
-3.9496800970767114, 0.26568622092891925, geometry_msgs.msg.Vector3(x=-1.1734282789849482, y=0.5093978042490919, z=1.9257286689926938), 499193000000, 
-1.0864692700358227, -0.8369840671736213, 3.050778170115057, 499197000000, 
-6.4414225392537965, 0.415873412194114, geometry_msgs.msg.Vector3(x=-1.169002020360631, y=0.508174749720508, z=1.9288492075360817), 499198000000, 
-4.0050354861338375, 0.28102728956831896, geometry_msgs.msg.Vector3(x=-1.165747843818774, y=0.5069683643195421, z=1.930347496430808), 499203000000, 
-5.604856209170391, 0.40182294863906376, geometry_msgs.msg.Vector3(x=-1.1616610078767373, y=0.5057728708769347, z=1.9328287408134133), 499208000000, 
-4.060820717618352, 0.2550509068226465, geometry_msgs.msg.Vector3(x=-1.1590010019002766, y=0.5054564181470342, z=1.9343057743079466), 499213000000, 
-5.440262096794059, 0.36229541487644373, geometry_msgs.msg.Vector3(x=-1.1538647034375222, y=0.5035415604940368, z=1.9371649055871183), 499218000000, 
-5.103437768707228, 0.36884046273625026, geometry_msgs.msg.Vector3(x=-1.1510851920679168, y=0.502545265953242, z=1.9393058545264041), 499223000000, 
-14.042166572832167, 1.717463093244437, geometry_msgs.msg.Vector3(x=-1.1487761869622422, y=0.5024708289228196, z=1.9371549246769042), 499228000000, 
-1.091862913084656, -0.8342053178441303, 3.1289066817451276, 499231000000, 
-10.94026006866627, -0.3734632162960662, geometry_msgs.msg.Vector3(x=-1.1494373592853389, y=0.5040340277796761, z=1.9330203149432874), 499233000000, 
-13.597039269233102, -0.2710497858805677, geometry_msgs.msg.Vector3(x=-1.1498539214021204, y=0.5051037940326183, z=1.9274900450100056), 499238000000, 
-13.60508307567865, -0.1324430974608051, geometry_msgs.msg.Vector3(x=-1.1505095390313638, y=0.5068863787071871, z=1.9222415731431857), 499243000000, 
-13.601175545343185, -0.007928457170120234, geometry_msgs.msg.Vector3(x=-1.1512962665291684, y=0.5083075898978137, z=1.9166623117687773), 499248000000, 
-13.628293822531738, 0.10692509289551506, geometry_msgs.msg.Vector3(x=-1.152064054367263, y=0.5099517728527166, z=1.9118954336815752), 499253000000, 
-11.52776472837167, 0.11328360388277048, geometry_msgs.msg.Vector3(x=-1.153140937927913, y=0.5111967123488443, z=1.9071430289295457), 499258000000, 
-5.337942785311181, -0.2938986322195992, geometry_msgs.msg.Vector3(x=-1.1558240905885018, y=0.509757885793121, z=1.904841670265604), 499263000000, 
-1.0901703651528698, -0.8316086733114035, -3.07592149982578, 499265000000, 
-5.382279134696893, -0.2574165666641591, geometry_msgs.msg.Vector3(x=-1.1587031235074978, y=0.5084596709842376, z=1.9028306971377473), 499268000000, 
-5.421530204507359, -0.2506492794734044, geometry_msgs.msg.Vector3(x=-1.161459783838189, y=0.5074882342458726, z=1.900790589058382), 499273000000, 
-5.431009834946857, -0.23652859853596675, geometry_msgs.msg.Vector3(x=-1.1643695123607334, y=0.5070226948533894, z=1.8988173184975021), 499278000000, 
-5.424147741210609, -0.21288113245658863, geometry_msgs.msg.Vector3(x=-1.1672212973957352, y=0.5051795312007951, z=1.8969839949708998), 499283000000, 
-5.441409582915054, -0.22845619406960302, geometry_msgs.msg.Vector3(x=-1.1700549187047329, y=0.504313488046034, z=1.895143839189344), 499288000000, 
-5.496824162947327, -0.237566723503857, geometry_msgs.msg.Vector3(x=-1.173038028109304, y=0.503287910523194, z=1.8929150451006325), 499293000000, 
-5.503889056092331, -0.24667182198634263, geometry_msgs.msg.Vector3(x=-1.1758883486170353, y=0.5022329628334791, z=1.890926596850013), 499298000000, 
-1.0855181091154245, -0.8286743021756993, -2.997378772856259, 499299000000, 
-5.547962935268644, -0.23229216760166613, geometry_msgs.msg.Vector3(x=-1.1786485254035894, y=0.5010736043140501, z=1.8892122225004233), 499303000000, 
-5.508102757014209, -0.2010640455504588, geometry_msgs.msg.Vector3(x=-1.1817574110464493, y=0.5004982557385401, z=1.8874675438589972), 499308000000, 
-5.5897912692982255, -0.2309469847196241, geometry_msgs.msg.Vector3(x=-1.1841872459953062, y=0.49903046469817824, z=1.885605163899825), 499313000000, 
-5.5919482445510855, -0.21571882306695847, geometry_msgs.msg.Vector3(x=-1.1872988672954774, y=0.4976829982490196, z=1.8834999015266514), 499318000000, 
-5.5966645349644635, -0.2017900453496047, geometry_msgs.msg.Vector3(x=-1.1901480129799942, y=0.49672903373314725, z=1.881023120778214), 499324000000, 
-5.594939245857503, -0.20759707555315884, geometry_msgs.msg.Vector3(x=-1.1931007955537456, y=0.4958413090266277, z=1.8792486203868615), 499329000000, 
-1.0811059519562372, -0.8254114409538571, -2.9183676146208155, 499333000000, 
-5.594105924787257, -0.2092932283447282, geometry_msgs.msg.Vector3(x=-1.1959967636487279, y=0.4948877302216593, z=1.8777603153458056), 499334000000, 
-5.703796826839208, -0.1858939180316853, geometry_msgs.msg.Vector3(x=-1.1986335873159215, y=0.4938426171866757, z=1.875448562701182), 499339000000, 
-5.669212497713303, -0.16445429632649583, geometry_msgs.msg.Vector3(x=-1.201177517133579, y=0.49310782413830084, z=1.8737635032967492), 499344000000, 
-5.714735750126686, -0.18086292719423475, geometry_msgs.msg.Vector3(x=-1.2039557131089642, y=0.4921268076999923, z=1.8717188857226268), 499349000000, 
-5.679444714893989, -0.17913345571239958, geometry_msgs.msg.Vector3(x=-1.2064569400662317, y=0.4908898508832896, z=1.8694860045687756), 499354000000, 
-5.774925725249729, -0.15072094521582466, geometry_msgs.msg.Vector3(x=-1.2091109805074138, y=0.48980507288545905, z=1.8671823710729778), 499359000000, 
-5.767141560616022, -0.13233863045260966, geometry_msgs.msg.Vector3(x=-1.2114597021575977, y=0.4890083773378342, z=1.8652301400392193), 499364000000, 
-1.0769572139560621, -0.821839638089895, -2.838888705839267, 499367000000, 
-5.769077255001434, -0.13196013177254626, geometry_msgs.msg.Vector3(x=-1.2140878533796327, y=0.4877455258361487, z=1.8633758062845058), 499369000000, 
-5.832380708828311, -0.15657666773298992, geometry_msgs.msg.Vector3(x=-1.218534963898579, y=0.4864717665711855, z=1.860196953100435), 499376000000, 
-5.81219474056654, -0.11475388131204325, geometry_msgs.msg.Vector3(x=-1.220441497697558, y=0.4857862129313319, z=1.8580207134646025), 499381000000, 
-5.841094586980965, -0.08757044172111803, geometry_msgs.msg.Vector3(x=-1.2225156002052406, y=0.4845277695629871, z=1.8561141412609485), 499386000000, 
-5.826917814002439, -0.11330790323504039, geometry_msgs.msg.Vector3(x=-1.2253752216021763, y=0.48406182590943747, z=1.8539969356784285), 499391000000, 
-5.851313758418153, -0.09381098513205054, geometry_msgs.msg.Vector3(x=-1.2276871809171053, y=0.4829816576910639, z=1.8516071804201153), 499396000000, 
-1.0730951589413782, -0.8179820110342695, -2.7589865854299114, 499401000000, 
-5.881640993375676, -0.04477835827690974, geometry_msgs.msg.Vector3(x=-1.2296685709569193, y=0.4819665722844115, z=1.8491780557746735), 499401000000, 
-5.9183941601583285, -0.08909879898780096, geometry_msgs.msg.Vector3(x=-1.2326598017876387, y=0.4810509677107669, z=1.8468356291117072), 499406000000, 
-5.933951764304058, -0.08635389379473553, geometry_msgs.msg.Vector3(x=-1.2355497543280105, y=0.48059353813015604, z=1.844813798988083), 499411000000, 
-5.92670410249942, -0.05238595482079338, geometry_msgs.msg.Vector3(x=-1.2376751561023986, y=0.47975888159654884, z=1.8419963902319922), 499416000000, 
-5.944043048538104, -0.046307211355384424, geometry_msgs.msg.Vector3(x=-1.2403457173677666, y=0.4785887807972888, z=1.8399068264700846), 499421000000, 
-5.968226957326481, -0.06215647350901139, geometry_msgs.msg.Vector3(x=-1.2431086137287055, y=0.4778097753129401, z=1.8376984209452984), 499426000000, 
-5.983020039650083, -0.05152871069425938, geometry_msgs.msg.Vector3(x=-1.2460316611353779, y=0.47655427276033796, z=1.8349168064495465), 499431000000, 
-1.0695398527526632, -0.8138634372787272, -2.678715151388513, 499435000000, 
-5.978977155853288, -0.03750149927325566, geometry_msgs.msg.Vector3(x=-1.2478248176730553, y=0.4762988936500211, z=1.8332114150287484), 499436000000, 
-6.007708396454791, -0.014780659255632371, geometry_msgs.msg.Vector3(x=-1.2488074499192496, y=0.4752774126235214, z=1.8316224230743103), 499441000000, 
-6.046093908209619, -0.03453966169575021, geometry_msgs.msg.Vector3(x=-1.2527975249916772, y=0.4742432128455049, z=1.8285232446526953), 499446000000, 
-6.039915117302116, -0.004435655380110261, geometry_msgs.msg.Vector3(x=-1.2554798681622454, y=0.47333474224923694, z=1.8261518642479022), 499451000000, 
-6.0425104332690145, 0.019403662793729792, geometry_msgs.msg.Vector3(x=-1.2584116772638285, y=0.47275851119723195, z=1.8239099878287404), 499456000000, 
-6.09177312043747, -0.01550687354751944, geometry_msgs.msg.Vector3(x=-1.2605159743595216, y=0.47179235141116477, z=1.8219196813248297), 499461000000, 
-6.127506746546945, 0.02975856067034442, geometry_msgs.msg.Vector3(x=-1.2633152306352775, y=0.4709368398017984, z=1.8199163989557676), 499466000000, 
-1.0663069056222418, -0.8095080169303261, -2.598099300687412, 499469000000, 
-6.115404465021709, 0.02973181152535379, geometry_msgs.msg.Vector3(x=-1.2659216275050371, y=0.47019850353339887, z=1.8172564937402116), 499471000000, 
-6.152219932409163, 0.045434362861351704, geometry_msgs.msg.Vector3(x=-1.268479020769944, y=0.4694957650543632, z=1.815237008317387), 499476000000, 
-6.126401252955963, 0.02593559421568092, geometry_msgs.msg.Vector3(x=-1.2711257939179708, y=0.4682508972991509, z=1.8128718274102529), 499481000000, 
-6.1296539148714135, 0.0774207346911604, geometry_msgs.msg.Vector3(x=-1.2740769010063038, y=0.4677364269100326, z=1.8102715127060849), 499486000000, 
-6.151143042450284, 0.0731693914789877, geometry_msgs.msg.Vector3(x=-1.2766501968900406, y=0.4669698023207144, z=1.8089007701818618), 499491000000, 
-6.190667162250784, 0.0918162187399505, geometry_msgs.msg.Vector3(x=-1.2791110056363377, y=0.46633939525919826, z=1.8065521409667984), 499496000000, 
-6.17673699718161, 0.07393428783746281, geometry_msgs.msg.Vector3(x=-1.282128272024277, y=0.46573697598534824, z=1.804469576857978), 499501000000, 
-1.0634091782570214, -0.8049386953062344, -2.51713384047714, 499503000000, 
-6.211920418962091, 0.11296831536451846, geometry_msgs.msg.Vector3(x=-1.2841909585444637, y=0.4646570463051779, z=1.8020799106139556), 499506000000, 
-6.208882459426554, 0.13815164501523933, geometry_msgs.msg.Vector3(x=-1.2866904958945529, y=0.46381251253594213, z=1.8001652125189074), 499511000000, 
-6.2443878537663435, 0.08596623591313915, geometry_msgs.msg.Vector3(x=-1.2895055439693937, y=0.46299619952846505, z=1.7978659900317404), 499516000000, 
-6.247476158669374, 0.11479428775170576, geometry_msgs.msg.Vector3(x=-1.292525439141226, y=0.4622858336974018, z=1.7959288674435006), 499521000000, 
-6.251134603421534, 0.1394744778895239, geometry_msgs.msg.Vector3(x=-1.294538846465515, y=0.46135905146466866, z=1.793332983485816), 499526000000, 
-6.262112542519646, 0.14518502905251113, geometry_msgs.msg.Vector3(x=-1.2971353959196465, y=0.4605951159754734, z=1.7916341806109215), 499531000000, 
-6.270140876070825, 0.12094073103724086, geometry_msgs.msg.Vector3(x=-1.2996562490729429, y=0.460001419827428, z=1.7893263718766799), 499536000000, 
-1.0608591156960745, -0.8001794152521019, -2.435819180790084, 499537000000, 
-6.28847672260018, 0.11484240736188128, geometry_msgs.msg.Vector3(x=-1.3018993745315415, y=0.4588969549352984, z=1.7876858983123667), 499541000000, 
-6.307706154680191, 0.1834649429919903, geometry_msgs.msg.Vector3(x=-1.304604288755603, y=0.4584025890187404, z=1.7854707692973948), 499546000000, 
-6.338884747292639, 0.16187669617469902, geometry_msgs.msg.Vector3(x=-1.3078467873265587, y=0.45743882457032786, z=1.7828978384275502), 499551000000, 
-6.369186499456706, 0.17642696070739214, geometry_msgs.msg.Vector3(x=-1.3094842683537944, y=0.45729796513127297, z=1.7812079071328566), 499556000000, 
-6.365915286693237, 0.19789644807481854, geometry_msgs.msg.Vector3(x=-1.3117421056239456, y=0.4562289984877314, z=1.7788321290288414), 499561000000, 
-6.380003931347198, 0.19642154909638146, geometry_msgs.msg.Vector3(x=-1.314359403825854, y=0.4556504899133541, z=1.7767278537320015), 499566000000, 
-6.407063765252569, 0.24040978392707724, geometry_msgs.msg.Vector3(x=-1.3165206808969134, y=0.4546717283657708, z=1.7743001212011273), 499571000000, 
-1.0586689754916003, -0.7952571043764473, -2.3541939770967324, 499571000000, 
-6.400722267882336, 0.20702344989682214, geometry_msgs.msg.Vector3(x=-1.318848744177161, y=0.454022342054756, z=1.7721564452414067), 499576000000, 
-6.4060186188176305, 0.24474181487400173, geometry_msgs.msg.Vector3(x=-1.3212214430792437, y=0.45306185374894603, z=1.7698706145266878), 499581000000, 
-6.4402673702462545, 0.23416622635966858, geometry_msgs.msg.Vector3(x=-1.323376701884577, y=0.45281104526012217, z=1.7673458566481859), 499586000000, 
-6.44555244736776, 0.23646073278755028, geometry_msgs.msg.Vector3(x=-1.3259128258268873, y=0.4519195264612761, z=1.765846310057555), 499591000000, 
-6.445940048900347, 0.24808837606215006, geometry_msgs.msg.Vector3(x=-1.3276576654783125, y=0.4514358433186044, z=1.7629558881614693), 499596000000, 
-6.482255405644203, 0.28517499751233716, geometry_msgs.msg.Vector3(x=-1.3306166862485782, y=0.4504882077044035, z=1.7604741482397293), 499601000000, 
-1.056849030556498, -0.7902009956703937, -2.272330597984687, 499605000000, 
-6.444274861389646, 0.3191200898139059, geometry_msgs.msg.Vector3(x=-1.3325400903343827, y=0.4498973500821303, z=1.7582923022170853), 499606000000, 
-6.4467530714366434, 0.28541253848665393, geometry_msgs.msg.Vector3(x=-1.3357414314167215, y=0.44921350650492353, z=1.7554729147989858), 499611000000, 
-6.4942030518154015, 0.31141482534347104, geometry_msgs.msg.Vector3(x=-1.3377293476505798, y=0.44831352232475563, z=1.753174063256383), 499616000000, 
-6.4677031969146155, 0.3259305998869981, geometry_msgs.msg.Vector3(x=-1.3392018429123664, y=0.44782345440335786, z=1.7508740274090415), 499621000000, 
-6.50209358176836, 0.3470773820518446, geometry_msgs.msg.Vector3(x=-1.3416138134279576, y=0.44744361013862627, z=1.749158779985399), 499626000000, 
-6.477214008771829, 0.3437440629835731, geometry_msgs.msg.Vector3(x=-1.3445852684201138, y=0.4467438484201278, z=1.7465921110936404), 499631000000, 
-6.526134288164146, 0.3385580557738642, geometry_msgs.msg.Vector3(x=-1.3466214612861362, y=0.4457812465109263, z=1.7441940252068644), 499636000000, 
-1.0554061388770788, -0.7850400131259894, -2.1903015986201377, 499639000000, 
-6.5571367518304715, 0.35400010531476783, geometry_msgs.msg.Vector3(x=-1.3493961195989312, y=0.4451449916089087, z=1.741369863117947), 499641000000, 
-6.550412899317809, 0.3576541431962685, geometry_msgs.msg.Vector3(x=-1.3512340251268427, y=0.4448007440404284, z=1.7391419080631436), 499646000000, 
-6.559554272228221, 0.3892069192757349, geometry_msgs.msg.Vector3(x=-1.3536816342065277, y=0.4438939035011479, z=1.7369191699035624), 499651000000, 
-6.5367321659261775, 0.40609523053658847, geometry_msgs.msg.Vector3(x=-1.3559613018114958, y=0.4432185395507863, z=1.7347369276155478), 499656000000, 
-6.5832422011223635, 0.357769059188114, geometry_msgs.msg.Vector3(x=-1.358629710458848, y=0.4428591639132869, z=1.7324505465202318), 499661000000, 
-6.586228400278856, 0.43112058743733, geometry_msgs.msg.Vector3(x=-1.36070035392885, y=0.4422181409192186, z=1.7301956854766782), 499666000000, 
-6.587536253746941, 0.41538164481225065, geometry_msgs.msg.Vector3(x=-1.363149196969227, y=0.4417204232917131, z=1.728186349336518), 499671000000, 
-1.0543442000392353, -0.7798011957170066, -2.1081553870275576, 499673000000, 
-6.622826805713871, 0.4380518295919143, geometry_msgs.msg.Vector3(x=-1.365155236424958, y=0.4408535815503025, z=1.7258157250352018), 499676000000, 
-6.623417791289569, 0.4299564495649607, geometry_msgs.msg.Vector3(x=-1.3684691785606833, y=0.4400977532339443, z=1.7232231307633856), 499681000000, 
-6.614161619718739, 0.4244795817317303, geometry_msgs.msg.Vector3(x=-1.3707507023927579, y=0.4396471077111162, z=1.7210290462336986), 499686000000, 
-6.613559669951365, 0.44509190485839256, geometry_msgs.msg.Vector3(x=-1.372714970285643, y=0.43917635193796384, z=1.7188865583641966), 499691000000, 
-6.655949141698187, 0.4793797890639839, geometry_msgs.msg.Vector3(x=-1.375371794436878, y=0.4385803728269514, z=1.7168036256810402), 499696000000, 
-6.665833769904948, 0.501590780850672, geometry_msgs.msg.Vector3(x=-1.3774676882616677, y=0.4379162883072723, z=1.7142406047790537), 499701000000, 
-6.662781088852129, 0.4795192417013916, geometry_msgs.msg.Vector3(x=-1.3801802630618254, y=0.4370476821680489, z=1.7124009478336166), 499706000000, 
-1.053665509535727, -0.7745106580954078, -2.0259245120847327, 499707000000, 
-6.669160678276061, 0.47592448463086007, geometry_msgs.msg.Vector3(x=-1.3823478026347364, y=0.4369486301285583, z=1.7095498134593037), 499711000000, 
-6.6903204638258496, 0.4974655771083418, geometry_msgs.msg.Vector3(x=-1.3847981860071534, y=0.435947799302601, z=1.7073523710989607), 499716000000, 
-6.700643751919164, 0.47728955840693527, geometry_msgs.msg.Vector3(x=-1.3866899533375288, y=0.4354908382396696, z=1.7051650972565118), 499721000000, 
-6.697593691645853, 0.5181407782700682, geometry_msgs.msg.Vector3(x=-1.3889703850936423, y=0.43479072813688796, z=1.7032703319966969), 499726000000, 
-6.746738119419454, 0.5495189914032214, geometry_msgs.msg.Vector3(x=-1.3915977974298295, y=0.43444837161822353, z=1.7005174800716167), 499731000000, 
-6.704684421752407, 0.5279777946403807, geometry_msgs.msg.Vector3(x=-1.3938947394844419, y=0.43369695973054084, z=1.69861621732738), 499736000000, 
-6.724778228022083, 0.5690374196558329, geometry_msgs.msg.Vector3(x=-1.3961093802431206, y=0.4330532667478282, z=1.6965631544941195), 499741000000, 
-1.0533712135774302, -0.7691954452909946, -1.9436513307676873, 499741000000, 
-6.737998620187552, 0.5777570646124981, geometry_msgs.msg.Vector3(x=-1.3983262153767655, y=0.4326078622035272, z=1.6941394862160444), 499746000000, 
-6.744873616650585, 0.5567363659990202, geometry_msgs.msg.Vector3(x=-1.4004167675313268, y=0.43240078380965113, z=1.6919243841522715), 499751000000, 
-6.7558075770454185, 0.5826885583891679, geometry_msgs.msg.Vector3(x=-1.402812619247112, y=0.43179068749146166, z=1.6898793703872599), 499756000000, 
-6.742011743757036, 0.5837224087764474, geometry_msgs.msg.Vector3(x=-1.4051404095791635, y=0.431221709529653, z=1.6874159097929036), 499761000000, 
-6.743100926233021, 0.6003965353615558, geometry_msgs.msg.Vector3(x=-1.4071173016099823, y=0.43049004226418636, z=1.6849485907604695), 499766000000, 
-6.793829859485499, 0.5958940955181252, geometry_msgs.msg.Vector3(x=-1.4083183074671306, y=0.43038042075765426, z=1.684301303969404), 499771000000, 
-6.777903932180598, 0.6084071986486552, geometry_msgs.msg.Vector3(x=-1.4125161298944753, y=0.4293667390662561, z=1.679583390626591), 499776000000, 
-1.0534606290500648, -0.7638838144654013, -1.8613990896321617, 499775000000, 
-6.793498655139158, 0.6121921187340824, geometry_msgs.msg.Vector3(x=-1.4146324409486952, y=0.42865756947681827, z=1.6774795708901298), 499781000000, 
-6.782687002189828, 0.6278836611707487, geometry_msgs.msg.Vector3(x=-1.4161486979158513, y=0.4283248421815432, z=1.675582202118561), 499786000000, 
-6.782257115493729, 0.6410642309575345, geometry_msgs.msg.Vector3(x=-1.418352303725936, y=0.42731701177572107, z=1.6734315919216671), 499791000000, 
-6.81617814294228, 0.6318892000987709, geometry_msgs.msg.Vector3(x=-1.4206319921366246, y=0.42700766355789277, z=1.6710364645784657), 499796000000, 
-6.803856538104204, 0.6672083100252679, geometry_msgs.msg.Vector3(x=-1.4234194835772485, y=0.42657259550167714, z=1.6682629421271549), 499801000000, 
-6.833444593905197, 0.6446265246513887, geometry_msgs.msg.Vector3(x=-1.4248422620707542, y=0.426053922167379, z=1.666259043060566), 499806000000, 
-1.0539306918603877, -0.7586037668341037, -1.779238175302246, 499809000000, 
-6.815926731557803, 0.6785469336727509, geometry_msgs.msg.Vector3(x=-1.4273750718932636, y=0.4257679293871003, z=1.6641283016366957), 499811000000, 
-6.819647042811368, 0.6806161552441552, geometry_msgs.msg.Vector3(x=-1.4294950077365909, y=0.4251711130679583, z=1.6616941381746404), 499816000000, 
-6.826822836271851, 0.6749214399999924, geometry_msgs.msg.Vector3(x=-1.4320395436722009, y=0.4244515932532731, z=1.6589401997744926), 499821000000, 
-6.825542299901998, 0.6807185580420128, geometry_msgs.msg.Vector3(x=-1.4337208461830753, y=0.42396471937627916, z=1.6574293257949981), 499826000000, 
-6.856380320491382, 0.7233160481756438, geometry_msgs.msg.Vector3(x=-1.4361181487283965, y=0.42358981843820476, z=1.6552250567014362), 499831000000, 
-6.852574744397702, 0.7260202120996968, geometry_msgs.msg.Vector3(x=-1.438282847234088, y=0.42299306038138057, z=1.6525836463464803), 499836000000, 
-6.881467551046603, 0.7006311802029795, geometry_msgs.msg.Vector3(x=-1.44021572262049, y=0.422699770734953, z=1.6503359063936929), 499841000000, 
-1.0547762899979103, -0.7533818773570438, -1.697228138150128, 499843000000, 
-6.8764414384902, 0.6918868636400415, geometry_msgs.msg.Vector3(x=-1.4426194866079738, y=0.42184578632936104, z=1.6482914850084025), 499846000000, 
-6.893123089691191, 0.7254094411678168, geometry_msgs.msg.Vector3(x=-1.4448427030521722, y=0.4212546603213265, z=1.6458425949934503), 499851000000, 
-6.893123289593975, 0.7347347010818737, geometry_msgs.msg.Vector3(x=-1.4475004873053516, y=0.421128108895058, z=1.6435365573424945), 499856000000, 
-6.877196353153014, 0.7795282174699258, geometry_msgs.msg.Vector3(x=-1.4491203822314622, y=0.4204033826974122, z=1.6412736567168686), 499861000000, 
-6.923103139456286, 0.756537914235216, geometry_msgs.msg.Vector3(x=-1.4516117726047997, y=0.42056196355138886, z=1.639155972483579), 499866000000, 
-6.88605113013519, 0.7739644464463364, geometry_msgs.msg.Vector3(x=-1.4538244264780444, y=0.4195070428502586, z=1.6365285066821786), 499871000000, 
-6.934432513579953, 0.7758657445697794, geometry_msgs.msg.Vector3(x=-1.4559009250494555, y=0.4187565652712743, z=1.6340883085794093), 499876000000, 
-1.0559907817438423, -0.7482437670892764, -1.6154182155743262, 499877000000, 
-6.934447059627323, 0.7659040407682634, geometry_msgs.msg.Vector3(x=-1.458037465830546, y=0.4185624050246432, z=1.63202808163523), 499881000000, 
-6.928444954624674, 0.7895943488671834, geometry_msgs.msg.Vector3(x=-1.4603905040371477, y=0.41827757654482195, z=1.629763973590765), 499886000000, 
-6.921959246427902, 0.8044483065681289, geometry_msgs.msg.Vector3(x=-1.462516684645633, y=0.4175607157967719, z=1.6273020753912741), 499891000000, 
-6.974868851236782, 0.8057989655956939, geometry_msgs.msg.Vector3(x=-1.4647020222573823, y=0.4175854531745388, z=1.624906038357193), 499896000000, 
-6.963352533356716, 0.8205690266683056, geometry_msgs.msg.Vector3(x=-1.4664350937580648, y=0.4168143421473878, z=1.6228403516255918), 499901000000, 
-6.942742283766556, 0.8071059296300293, geometry_msgs.msg.Vector3(x=-1.4687747646509455, y=0.4158754388558846, z=1.6203576552921137), 499906000000, 
-6.9465031014503555, 0.8236625300672021, geometry_msgs.msg.Vector3(x=-1.471080597624543, y=0.4156930602365453, z=1.617919150000062), 499911000000, 
-1.0575658412770497, -0.7432151205553531, -1.533862293995028, 499911000000, 
-6.973873315245682, 0.8324957663506264, geometry_msgs.msg.Vector3(x=-1.4728527615832414, y=0.4151732765748796, z=1.6158313491294787), 499916000000, 
-6.950768773214059, 0.8429365046597167, geometry_msgs.msg.Vector3(x=-1.4761669401629567, y=0.41485498540403615, z=1.612698782161818), 499922000000, 
-6.988646710887548, 0.8980173995653179, geometry_msgs.msg.Vector3(x=-1.4778497462786473, y=0.4146720147328169, z=1.610967090167316), 499927000000, 
-6.990224993366513, 0.8634429959432017, geometry_msgs.msg.Vector3(x=-1.4797263232762536, y=0.41414668136371563, z=1.60838521366993), 499932000000, 
-6.966554047971771, 0.8467316565615897, geometry_msgs.msg.Vector3(x=-1.4812938989166897, y=0.41335741642087076, z=1.6060379260031876), 499937000000, 
-6.987780575217741, 0.8876233784128185, geometry_msgs.msg.Vector3(x=-1.4848073169072562, y=0.4126422077360323, z=1.6031546260102865), 499943000000, 
-1.0594910306422236, -0.7383214158097051, -1.452624345024438, 499945000000, 
-6.9965179784323785, 0.9167590723228134, geometry_msgs.msg.Vector3(x=-1.4862944833753033, y=0.4127645286119328, z=1.6008797821756091), 499948000000, 
-6.983222375803368, 0.9132657112375066, geometry_msgs.msg.Vector3(x=-1.488319566746917, y=0.412182043648046, z=1.598531568667885), 499953000000, 
-7.014356102484828, 0.9060842252829221, geometry_msgs.msg.Vector3(x=-1.490788417203274, y=0.4118991075336459, z=1.596302457419292), 499958000000, 
-7.004219318796832, 0.9225021609750756, geometry_msgs.msg.Vector3(x=-1.4925289317634343, y=0.4116634417407563, z=1.5938320951671319), 499963000000, 
-6.987888619353238, 0.8974260080957286, geometry_msgs.msg.Vector3(x=-1.4946004830872215, y=0.4107543295348137, z=1.5917352927154527), 499968000000, 
-7.001304569576121, 0.8991895677740686, geometry_msgs.msg.Vector3(x=-1.4967750423443946, y=0.4104430167107013, z=1.5891398096098128), 499973000000, 
-7.04128311808566, 0.9414889426143115, geometry_msgs.msg.Vector3(x=-1.4988548832383743, y=0.4102921208297345, z=1.5874555491538977), 499978000000, 
-1.061754109407982, -0.7335864821009752, -1.3717632376241569, 499979000000, 
-7.019144726011502, 0.9406777779685375, geometry_msgs.msg.Vector3(x=-1.5009763389502566, y=0.40984263792414843, z=1.5845652401678652), 499983000000, 
-7.027241953548224, 0.9541149280040134, geometry_msgs.msg.Vector3(x=-1.503477421434549, y=0.40901234968955047, z=1.5824132529258952), 499988000000, 
-7.011586889540827, 0.9505648219284691, geometry_msgs.msg.Vector3(x=-1.504835681540907, y=0.4086888828884824, z=1.5807056841736375), 499994000000, 
-7.0383560895299295, 0.9667680874735536, geometry_msgs.msg.Vector3(x=-1.5079022215764601, y=0.4079471317052256, z=1.5771161266997002), 499999000000, 
-7.03165654736748, 0.95662867184941, geometry_msgs.msg.Vector3(x=-1.5117780967385752, y=0.4077726389111574, z=1.5738077858097197), 500006000000, 
-7.039690159743304, 0.9739631457102793, geometry_msgs.msg.Vector3(x=-1.51310817419231, y=0.4074828649777733, z=1.5725138408824464), 500011000000, 
-1.0643419766680338, -0.7290318602927489, -1.2913149975877958, 500013000000, 
-7.029279500577369, 0.9461495007024169, geometry_msgs.msg.Vector3(x=-1.5157364240683964, y=0.40655823611031083, z=1.569750798854671), 500016000000, 
-7.033536584783746, 0.9799452323952169, geometry_msgs.msg.Vector3(x=-1.5176345296094642, y=0.406098091369101, z=1.5671030338033756), 500021000000, 
-7.0871054677819725, 0.9827035466323857, geometry_msgs.msg.Vector3(x=-1.5197647913395964, y=0.40588051427984345, z=1.5651902770499198), 500026000000, 
-7.041760634338761, 0.9777793734374142, geometry_msgs.msg.Vector3(x=-1.5218421180513027, y=0.4049648453596571, z=1.5628419216833016), 500031000000, 
-7.056371368465474, 0.9938166639426481, geometry_msgs.msg.Vector3(x=-1.5239369984306044, y=0.40481110025212, z=1.56080026452566), 500036000000, 
-7.072391162853094, 0.9998780853561264, geometry_msgs.msg.Vector3(x=-1.5261387961747537, y=0.40477695419005294, z=1.5583944090788033), 500041000000, 
-7.062785976744663, 1.0384814851200477, geometry_msgs.msg.Vector3(x=-1.528423739679538, y=0.4041644983589545, z=1.5560329099529095), 500046000000, 
-1.067240917285461, -0.7246780214838355, -1.211297676334039, 500047000000, 
-7.0776518794325805, 1.032402103511773, geometry_msgs.msg.Vector3(x=-1.5305639542711524, y=0.403717397162144, z=1.5542982835626145), 500051000000, 
-7.064165856335984, 1.031624533153179, geometry_msgs.msg.Vector3(x=-1.5325718397864516, y=0.40333631355162264, z=1.5518685507636263), 500056000000, 
-7.054280847773324, 1.0345722327297382, geometry_msgs.msg.Vector3(x=-1.5348053157925405, y=0.4026339256228711, z=1.550138134493781), 500063000000, 
-7.076397677597818, 1.0445544337389494, geometry_msgs.msg.Vector3(x=-1.5380457132238976, y=0.4023640026241535, z=1.5466816758453885), 500068000000, 
-7.050804515223893, 1.0456001233788421, geometry_msgs.msg.Vector3(x=-1.5394076455140775, y=0.4019783850916124, z=1.5441867572623877), 500073000000, 
-7.093810129199225, 1.038491778192375, geometry_msgs.msg.Vector3(x=-1.5420333497404157, y=0.40165294505564875, z=1.5420339166408972), 500078000000, 
-1.0704355258540887, -0.7205459308060282, -1.1317374867256935, 500081000000, 
-7.125875165552796, 1.04399842665075, geometry_msgs.msg.Vector3(x=-1.5434930677529988, y=0.40111265040721444, z=1.5398101057106242), 500083000000, 
-7.088666497000798, 1.031098986969773, geometry_msgs.msg.Vector3(x=-1.5456691827676134, y=0.4009089533114017, z=1.5376245069308667), 500088000000, 
-7.091495404789361, 1.0534270555295515, geometry_msgs.msg.Vector3(x=-1.5477838188645767, y=0.40067086800407475, z=1.5352563118860667), 500093000000, 
-7.091479184479787, 1.0378265071455648, geometry_msgs.msg.Vector3(x=-1.5499526541617459, y=0.40036904188840783, z=1.5329883935179156), 500098000000, 
-7.127737911814571, 1.0766815452947325, geometry_msgs.msg.Vector3(x=-1.5517965093301886, y=0.3999350008991513, z=1.5309307268094987), 500103000000, 
-7.11514798065352, 1.0946087551156465, geometry_msgs.msg.Vector3(x=-1.5534690152084847, y=0.39923350134791874, z=1.5280814537024956), 500108000000, 
-7.128953415315751, 1.0496007993947012, geometry_msgs.msg.Vector3(x=-1.5558814434567383, y=0.3990504731050105, z=1.5261299354248243), 500113000000, 
-1.073907632964559, -0.7166567203996543, -1.0526860454432159, 500115000000, 
-7.103922668897997, 1.0887858799029666, geometry_msgs.msg.Vector3(x=-1.5572393656849417, y=0.39833645442383114, z=1.523849396803125), 500118000000, 
-7.116345279503642, 1.0859384059717399, geometry_msgs.msg.Vector3(x=-1.5586698060836524, y=0.39809693943596897, z=1.5216602432294593), 500123000000, 
-7.109313730689477, 1.0884168702784756, geometry_msgs.msg.Vector3(x=-1.5612609430442737, y=0.39755381462822653, z=1.519041307798188), 500128000000, 
-7.128267105589133, 1.0559223376251474, geometry_msgs.msg.Vector3(x=-1.5632767885457828, y=0.3972726033988905, z=1.51655517268202), 500133000000, 
-7.119375092818787, 1.1067760345300661, geometry_msgs.msg.Vector3(x=-1.5652169806773641, y=0.3973342672685388, z=1.5143120112799755), 500138000000, 
-7.105913476553593, 1.0748748079975012, geometry_msgs.msg.Vector3(x=-1.567265100821759, y=0.3966298989667039, z=1.5119375503172756), 500143000000, 
-7.121691053991816, 1.1257684520523268, geometry_msgs.msg.Vector3(x=-1.5692094592828647, y=0.39634065107140753, z=1.509179229693199), 500148000000, 
-1.0776370056059739, -0.7130295240480432, -0.974204528972774, 500149000000, 
-7.131230323759191, 1.0822687332597654, geometry_msgs.msg.Vector3(x=-1.5709598750317924, y=0.39591058899638754, z=1.5068212214437595), 500153000000, 
-7.128260949360586, 1.1140435042500192, geometry_msgs.msg.Vector3(x=-1.573346369587283, y=0.39574981873878495, z=1.5045503430706146), 500158000000, 
-7.1434300906734745, 1.0910507406764685, geometry_msgs.msg.Vector3(x=-1.5752493541607488, y=0.3954745256567031, z=1.5022034165118556), 500163000000, 
-7.0895332213250075, 1.1154456305393625, geometry_msgs.msg.Vector3(x=-1.577360311986504, y=0.39508082160215585, z=1.4999464228314412), 500168000000, 
-7.121519319728634, 1.1062978218370847, geometry_msgs.msg.Vector3(x=-1.5790609236882813, y=0.39404346965228393, z=1.4975936421801592), 500173000000, 
-7.128306624896994, 1.1345486037355863, geometry_msgs.msg.Vector3(x=-1.5811695706450113, y=0.39393392303705316, z=1.4952881262361568), 500178000000, 
-7.138442344426281, 1.1296817841843734, geometry_msgs.msg.Vector3(x=-1.583399374625306, y=0.39382861704683353, z=1.4924138914288085), 500183000000, 
-1.0816034947168711, -0.7096799692782157, -0.8963281563217559, 500183000000, 
-7.1721710626656865, 1.1322850986397048, geometry_msgs.msg.Vector3(x=-1.5848297105126867, y=0.3932565191187787, z=1.4915589053697087), 500188000000, 
-7.160341447035561, 1.143479118056615, geometry_msgs.msg.Vector3(x=-1.588150394527602, y=0.3929235768387792, z=1.487620531728492), 500193000000, 
-7.200289815467968, 1.1095894024752613, geometry_msgs.msg.Vector3(x=-1.5897290610858743, y=0.3928877507721457, z=1.486083330227552), 500198000000, 
-7.156567776334014, 1.135064135541917, geometry_msgs.msg.Vector3(x=-1.5920954482158394, y=0.39223983447786137, z=1.483550542287128), 500203000000, 
-7.160569563203709, 1.1620675214914666, geometry_msgs.msg.Vector3(x=-1.5943829522381323, y=0.3916271163307554, z=1.4814812126374266), 500208000000, 
-7.142476888135224, 1.128061201582375, geometry_msgs.msg.Vector3(x=-1.59649919263868, y=0.39182277642206126, z=1.4789091216577857), 500213000000, 
-1.0857881777736056, -0.7066211693342626, -0.819050316713727, 500217000000, 
-7.158448859195691, 1.1331301804166487, geometry_msgs.msg.Vector3(x=-1.5986520927410086, y=0.39128476729219314, z=1.477228798340882), 500218000000, 
-7.207026004659482, 1.1341684842891793, geometry_msgs.msg.Vector3(x=-1.6009077304672252, y=0.390530782777665, z=1.4746388445217848), 500223000000, 
-7.166384247075633, 1.1485148634162785, geometry_msgs.msg.Vector3(x=-1.6028108857157601, y=0.3904768022336939, z=1.4730103637979806), 500228000000, 
-7.157020895096944, 1.1343619875423203, geometry_msgs.msg.Vector3(x=-1.6051062316153006, y=0.38999714261570234, z=1.470930163747222), 500233000000, 
-7.178905494524486, 1.1616827363257944, geometry_msgs.msg.Vector3(x=-1.6075771712369462, y=0.3897384434714253, z=1.468568310067287), 500238000000, 
-7.187541556515816, 1.1335532163526962, geometry_msgs.msg.Vector3(x=-1.6090791429473974, y=0.38931553919208295, z=1.4662198797274875), 500243000000, 
-7.216487351695513, 1.142219535460504, geometry_msgs.msg.Vector3(x=-1.6115407417334866, y=0.38867407198238385, z=1.4640540728829723), 500248000000, 
-1.0901718925262538, -0.7038660166764757, -0.7423471215470074, 500251000000, 
-7.179702905933953, 1.152386288377556, geometry_msgs.msg.Vector3(x=-1.613758339836098, y=0.38870662766077674, z=1.4620866285746454), 500253000000, 
-7.1715584346865455, 1.191713034537691, geometry_msgs.msg.Vector3(x=-1.6144712592820427, y=0.388413260864349, z=1.461443300424036), 500264000000, 
-7.186868019044839, 1.143779744622483, geometry_msgs.msg.Vector3(x=-1.6199200458871639, y=0.3876734831336347, z=1.455224496569988), 500269000000, 
-7.173356942677469, 1.1159139950463939, geometry_msgs.msg.Vector3(x=-1.6219138547703256, y=0.3869910646740442, z=1.4529143949088594), 500274000000, 
-7.203813712891149, 1.1834946938801203, geometry_msgs.msg.Vector3(x=-1.624038347837647, y=0.3868269316748619, z=1.450448231897163), 500279000000, 
-7.167947945951283, 1.126212387787688, geometry_msgs.msg.Vector3(x=-1.6261110769349665, y=0.386311336060262, z=1.4483811993054212), 500284000000, 
-1.094732698846936, -0.7014279795465043, -0.6662186859633352, 500285000000, 
-7.204875894733338, 1.1419362976002152, geometry_msgs.msg.Vector3(x=-1.6281139724142846, y=0.38659986775644256, z=1.4463466842370942), 500289000000, 
-7.173849315729857, 1.152454124345545, geometry_msgs.msg.Vector3(x=-1.6298354662486525, y=0.38611677728846233, z=1.4442048601518664), 500294000000, 
-7.17939510440213, 1.1696816885182806, geometry_msgs.msg.Vector3(x=-1.6317509280929368, y=0.38526007087514075, z=1.4416847758096412), 500299000000, 
-7.191979089550722, 1.1223210904458707, geometry_msgs.msg.Vector3(x=-1.6338733988888072, y=0.385227798123137, z=1.4394571812971164), 500304000000, 
-7.202364345586623, 1.1354088696387796, geometry_msgs.msg.Vector3(x=-1.6360310525729076, y=0.38453346505518504, z=1.4362461338049537), 500310000000, 
-7.218469642394911, 1.143394721805614, geometry_msgs.msg.Vector3(x=-1.6374511196661734, y=0.3847126213338726, z=1.4341636607510537), 500315000000, 
-1.0994454023263207, -0.6993194533036696, -0.5907028055582518, 500319000000, 
-7.221162503728291, 1.1741097539740621, geometry_msgs.msg.Vector3(x=-1.6400951658661147, y=0.3841138901361749, z=1.4317201805047366), 500320000000, 
-7.185890695291778, 1.1620317536262923, geometry_msgs.msg.Vector3(x=-1.6416309266597182, y=0.3839528421050427, z=1.4292354390343054), 500325000000, 
-7.206633740942085, 1.1527753417598021, geometry_msgs.msg.Vector3(x=-1.6430676609717252, y=0.3834999789210576, z=1.4265736213321472), 500330000000, 
-7.212994636298504, 1.1666888529863917, geometry_msgs.msg.Vector3(x=-1.6452816398690593, y=0.3832889703565381, z=1.424442649276237), 500335000000, 
-7.208422487219566, 1.160610612363114, geometry_msgs.msg.Vector3(x=-1.6473004257341017, y=0.38265435504092365, z=1.4219045420229195), 500340000000, 
-7.192505123309647, 1.1371634135991238, geometry_msgs.msg.Vector3(x=-1.6489813214788747, y=0.38275486684618165, z=1.4198867942644482), 500345000000, 
-7.226838715593657, 1.1379025825900801, geometry_msgs.msg.Vector3(x=-1.6511639082881817, y=0.3822460608249838, z=1.417203870636246), 500350000000, 
-1.1042840651860217, -0.6975496959967898, -0.5158450607591204, 500353000000, 
-7.220190322805473, 1.1438709362175896, geometry_msgs.msg.Vector3(x=-1.6529506331991557, y=0.3820454349825562, z=1.4150722191554268), 500355000000, 
-7.223939892123146, 1.1310287122709608, geometry_msgs.msg.Vector3(x=-1.655169061103046, y=0.3817607609277568, z=1.4121443979926023), 500360000000, 
-7.218132773862154, 1.1074727330311598, geometry_msgs.msg.Vector3(x=-1.656832937184464, y=0.38105309547101907, z=1.409641706027366), 500365000000, 
-7.233878485163982, 1.134652044389301, geometry_msgs.msg.Vector3(x=-1.6592291593509512, y=0.3804150011038481, z=1.4075840530613635), 500370000000, 
-7.237199760813183, 1.117700044218873, geometry_msgs.msg.Vector3(x=-1.6612400966776364, y=0.38072635477035405, z=1.4052075857152913), 500375000000, 
-7.239082673735315, 1.1125009003726378, geometry_msgs.msg.Vector3(x=-1.6631098279128655, y=0.38008976737642675, z=1.402655616640479), 500380000000, 
-7.209271581723402, 1.1657413413912003, geometry_msgs.msg.Vector3(x=-1.6655688679978387, y=0.37947017591092774, z=1.4001200777278322), 500385000000, 
-1.1092248519356802, -0.6961247665290117, -0.4416569784353692, 500387000000, 
-7.235721806611725, 1.162999055789157, geometry_msgs.msg.Vector3(x=-1.667065396279809, y=0.379392667017508, z=1.3980555976105418), 500390000000, 
-7.226232808779575, 1.1508913113466872, geometry_msgs.msg.Vector3(x=-1.669678320553883, y=0.379511431279781, z=1.3956990785733658), 500395000000, 
-7.258556789031061, 1.1582465098954484, geometry_msgs.msg.Vector3(x=-1.6717455983380387, y=0.37934157636887716, z=1.392732801058274), 500400000000, 
-7.215617345922331, 1.1437337953968258, geometry_msgs.msg.Vector3(x=-1.6737632975293038, y=0.3780903313629431, z=1.3912798748193311), 500405000000, 
-7.219412428832303, 1.1592850870567568, geometry_msgs.msg.Vector3(x=-1.6755320297215726, y=0.378151668201286, z=1.388981082792958), 500410000000, 
-7.2383858706595126, 1.107158106213101, geometry_msgs.msg.Vector3(x=-1.678049237076408, y=0.37813690203474815, z=1.3865308030691466), 500415000000, 
-7.275170046016589, 1.1333060108891577, geometry_msgs.msg.Vector3(x=-1.680407084340223, y=0.37734975549750555, z=1.3846712288781973), 500420000000, 
-1.1142460240644414, -0.6950492992036595, -0.3681072237841597, 500421000000, 
-7.258457964014772, 1.1073046396620725, geometry_msgs.msg.Vector3(x=-1.6822028921016228, y=0.37732156389900534, z=1.3820114375929835), 500425000000, 
-7.2653934743795565, 1.1283485438682992, geometry_msgs.msg.Vector3(x=-1.6843723422878165, y=0.3770818418901602, z=1.3800637856840414), 500430000000, 
-7.255895064895595, 1.1220973248509178, geometry_msgs.msg.Vector3(x=-1.6871251321552092, y=0.37630634515443023, z=1.3780211400077633), 500435000000, 
-7.239747074388783, 1.0914311745101761, geometry_msgs.msg.Vector3(x=-1.6889207647061044, y=0.37611649980722933, z=1.3757572224343526), 500440000000, 
-7.293666686724013, 1.081860949618544, geometry_msgs.msg.Vector3(x=-1.6906092786379172, y=0.3758176925122399, z=1.373230360263838), 500445000000, 
-7.267184423577923, 1.1038276134518907, geometry_msgs.msg.Vector3(x=-1.692984699192061, y=0.3756362048487441, z=1.370904422760453), 500450000000, 
-7.282865373034202, 1.128482294357512, geometry_msgs.msg.Vector3(x=-1.6947955169787545, y=0.37533725134245377, z=1.3690610258505884), 500455000000, 
-1.1193251912727298, -0.6943277719599968, -0.29515472530319903, 500455000000, 
-7.292106720287241, 1.0995089574080783, geometry_msgs.msg.Vector3(x=-1.6967730525802263, y=0.3749340966192162, z=1.3664762689572714), 500460000000, 
-7.254374321612612, 1.107815799349407, geometry_msgs.msg.Vector3(x=-1.6994635729069667, y=0.37461698880023897, z=1.3641429415489967), 500465000000, 
-7.272313552730527, 1.0672900987578915, geometry_msgs.msg.Vector3(x=-1.7011914819784935, y=0.37467110651831087, z=1.3622850841553868), 500470000000, 
-7.280388576845018, 1.0561715544516062, geometry_msgs.msg.Vector3(x=-1.7037192685878466, y=0.37364143476105477, z=1.3595287188948), 500475000000, 
-7.29142763273505, 1.0748574483891082, geometry_msgs.msg.Vector3(x=-1.7054023025813152, y=0.3734286785077423, z=1.3572711229755179), 500480000000, 
-7.281973554576501, 1.103631093226814, geometry_msgs.msg.Vector3(x=-1.7070998457506155, y=0.37315074639694995, z=1.3557377091853051), 500485000000, 
-1.1244370997614686, -0.6939638071109947, -0.22278768931255535, 500489000000, 
-7.269583269135337, 1.034154403929744, geometry_msgs.msg.Vector3(x=-1.7091406560921787, y=0.3729229077199554, z=1.3532109505800933), 500490000000, 
-7.290300699695179, 1.0592034028935386, geometry_msgs.msg.Vector3(x=-1.710752860177964, y=0.3726607138455922, z=1.350983422506233), 500495000000, 
-7.290157667909903, 1.0712302650520855, geometry_msgs.msg.Vector3(x=-1.7128707550454936, y=0.37218860214422983, z=1.3483473665837014), 500500000000, 
-7.328412698705771, 1.063862643438505, geometry_msgs.msg.Vector3(x=-1.7142833228192769, y=0.372141827415223, z=1.3462296107619087), 500505000000, 
-7.302461462318651, 1.0392237033213485, geometry_msgs.msg.Vector3(x=-1.7165167503969658, y=0.3718307413207269, z=1.3438362300620563), 500510000000, 
-7.29903071240651, 1.06982140196033, geometry_msgs.msg.Vector3(x=-1.7186719401979365, y=0.37155925834085574, z=1.3414132782608439), 500515000000, 
-7.313404902170258, 1.055485216039942, geometry_msgs.msg.Vector3(x=-1.7203295037377757, y=0.37148402539685793, z=1.3386443643041126), 500520000000, 
-1.1295545143486747, -0.6939586193342122, -0.15102784114839402, 500523000000, 
-7.321785944362026, 1.0213606470883345, geometry_msgs.msg.Vector3(x=-1.7224864837364853, y=0.371133813611541, z=1.3365393516394328), 500525000000, 
-7.314306871972731, 1.0689934094848688, geometry_msgs.msg.Vector3(x=-1.7242674166345529, y=0.3707861926337585, z=1.3339312187469148), 500530000000, 
-7.30154330636727, 1.0436599478327213, geometry_msgs.msg.Vector3(x=-1.7259555225526344, y=0.3703209574478249, z=1.3319978753928463), 500535000000, 
-7.312627684662889, 1.017646245537293, geometry_msgs.msg.Vector3(x=-1.727807775935859, y=0.3701594202414653, z=1.3292463196971895), 500540000000, 
-7.3444336524136276, 1.0498132443362878, geometry_msgs.msg.Vector3(x=-1.7304740922307293, y=0.3700905014282704, z=1.3269707782704332), 500545000000, 
-7.318201715125899, 0.9741719344044335, geometry_msgs.msg.Vector3(x=-1.7326802501406093, y=0.3694703351840912, z=1.3238127355905682), 500550000000, 
-7.331404249354331, 0.9625717817362159, geometry_msgs.msg.Vector3(x=-1.733785618575019, y=0.36867894142302526, z=1.3219113344655131), 500555000000, 
-1.1346510787193, -0.694310638944536, -0.07989872509365537, 500557000000, 
-7.357815132911419, 0.9995981944609086, geometry_msgs.msg.Vector3(x=-1.736109440865527, y=0.36939442188288873, z=1.319298572811407), 500560000000, 
-7.3469206494526045, 0.9660671601021561, geometry_msgs.msg.Vector3(x=-1.7372817206433038, y=0.36876019054193165, z=1.3174682325454257), 500565000000, 
-7.313753442699177, 0.97896011302243, geometry_msgs.msg.Vector3(x=-1.7401642086848692, y=0.36850989216140423, z=1.313868399480244), 500570000000, 
-7.330012651718566, 0.997411150517418, geometry_msgs.msg.Vector3(x=-1.7423535205236547, y=0.3678649716306819, z=1.3121252511174943), 500575000000, 
-7.33329741433471, 0.9789184885768262, geometry_msgs.msg.Vector3(x=-1.744342200197475, y=0.3678429072032604, z=1.3096199984756625), 500580000000, 
-7.339499597012621, 0.9708242508036576, geometry_msgs.msg.Vector3(x=-1.746317952856566, y=0.3674422693025655, z=1.3071427474762427), 500585000000, 
-7.362567192606082, 0.9519312447303291, geometry_msgs.msg.Vector3(x=-1.7483141937334925, y=0.3673163733346608, z=1.305220135500553), 500590000000, 
-1.1397028912034814, -0.695016599423665, -0.009395282380097408, 500591000000, 
-7.365301590762615, 0.9613548693015036, geometry_msgs.msg.Vector3(x=-1.75033725990227, y=0.36655630372689185, z=1.3026558095490277), 500595000000, 
-7.348820434400936, 0.9442302415524276, geometry_msgs.msg.Vector3(x=-1.7525005058140943, y=0.3666653042044564, z=1.3001154862372768), 500600000000, 
-7.38273018802768, 0.9354208576572767, geometry_msgs.msg.Vector3(x=-1.7544182104078196, y=0.3668441301312266, z=1.2977983407602989), 500605000000, 
-7.378817259483827, 0.906463310854781, geometry_msgs.msg.Vector3(x=-1.7566002139449666, y=0.36600719319926495, z=1.29548087274817), 500610000000, 
-7.373904243776112, 0.9205236235043455, geometry_msgs.msg.Vector3(x=-1.7587225677319946, y=0.36552985755975775, z=1.2930067861055086), 500615000000, 
-7.4102298484325715, 0.9165473532938472, geometry_msgs.msg.Vector3(x=-1.7608816381313914, y=0.36553863351356913, z=1.2905682510064516), 500620000000, 
-7.3927971146399, 0.9518119055568938, geometry_msgs.msg.Vector3(x=-1.7628873586089426, y=0.3649878879621789, z=1.288398566087762), 500625000000, 
-1.1446873694342274, -0.6960724846951886, 0.06051336187526324, 500625000000, 
-7.384978974410279, 0.8836820687974921, geometry_msgs.msg.Vector3(x=-1.7651249448603077, y=0.3648659101903666, z=1.2859611029435256), 500630000000, 
-7.388858471540626, 0.879780082537593, geometry_msgs.msg.Vector3(x=-1.7666278088472729, y=0.36492454368003335, z=1.2843168118374861), 500636000000, 
-7.391941024565032, 0.9221411727697031, geometry_msgs.msg.Vector3(x=-1.7695735046719596, y=0.36403628627090606, z=1.2808506356102816), 500641000000, 
-7.3973031793917405, 0.8612263707344188, geometry_msgs.msg.Vector3(x=-1.7715438705657924, y=0.3639842823009691, z=1.2784294194416117), 500646000000, 
-7.393203010268525, 0.8990938621789537, geometry_msgs.msg.Vector3(x=-1.7734293042925915, y=0.36386899856140215, z=1.276028344196698), 500651000000, 
-7.39667725442594, 0.8786721827031234, geometry_msgs.msg.Vector3(x=-1.7756824564438833, y=0.36326532346310025, z=1.2734930231504227), 500656000000, 
-1.1495812576592288, -0.6974731576396572, 0.12985575300860686, 500659000000, 
-7.392831586559222, 0.8580681507690193, geometry_msgs.msg.Vector3(x=-1.7782082079049442, y=0.3632721526572451, z=1.2713149091235372), 500661000000, 
-7.438137851367661, 0.867961858691671, geometry_msgs.msg.Vector3(x=-1.7799253804313406, y=0.36277268406942603, z=1.26874148666769), 500666000000, 
-7.394117206380359, 0.8091007853794229, geometry_msgs.msg.Vector3(x=-1.7818194100297104, y=0.3625194126694444, z=1.2665606990438758), 500671000000, 
-7.417268471358942, 0.8197100385962204, geometry_msgs.msg.Vector3(x=-1.7841955919121353, y=0.36231484819890536, z=1.264199833059556), 500676000000, 
-7.438511453521351, 0.8385415030089731, geometry_msgs.msg.Vector3(x=-1.7857568195993605, y=0.36197217786827063, z=1.2614105319853763), 500681000000, 
-7.439544374096197, 0.8138330120785235, geometry_msgs.msg.Vector3(x=-1.7879303118738594, y=0.36165302084639406, z=1.259206295257988), 500686000000, 
-7.4466490593376085, 0.8392198388044274, geometry_msgs.msg.Vector3(x=-1.7903949248250177, y=0.3617049125507194, z=1.2562955360581736), 500691000000, 
-1.1543602972811446, -0.6992114134851014, 0.19863913525440016, 500693000000, 
-7.44887674782714, 0.7879977566714722, geometry_msgs.msg.Vector3(x=-1.7919722321030642, y=0.361372632917104, z=1.254473874294973), 500696000000, 
-7.439360963255324, 0.782701690538938, geometry_msgs.msg.Vector3(x=-1.7951211988032691, y=0.3609706489742189, z=1.250230348690748), 500703000000, 
-7.450901308948227, 0.7557286295593737, geometry_msgs.msg.Vector3(x=-1.7967981603333099, y=0.3607820519346044, z=1.2480727279711745), 500708000000, 
-7.446071432342004, 0.7907330866500991, geometry_msgs.msg.Vector3(x=-1.7986855065020986, y=0.36022300692566783, z=1.24554733860619), 500713000000, 
-7.473332563755085, 0.7720214780185057, geometry_msgs.msg.Vector3(x=-1.8005653584262151, y=0.3599966484157694, z=1.2431428873666812), 500718000000, 
-7.478156391576233, 0.7101788152921208, geometry_msgs.msg.Vector3(x=-1.8028544188758215, y=0.3603251323604877, z=1.2406240323272515), 500723000000, 
-1.1590006648759452, -0.7012778797312244, 0.2668587703181922, 500727000000, 
-7.469623668146545, 0.7014518112701458, geometry_msgs.msg.Vector3(x=-1.8047397449638425, y=0.3598893202709759, z=1.2382946061900544), 500728000000, 
-7.503273367333091, 0.7228898277351558, geometry_msgs.msg.Vector3(x=-1.8063240963352676, y=0.3597328765404792, z=1.2356636330196364), 500733000000, 
-7.484983056851325, 0.7181870177004434, geometry_msgs.msg.Vector3(x=-1.8088501447521885, y=0.3591598002123249, z=1.2333214036964737), 500738000000, 
-7.516215819569591, 0.683909493135301, geometry_msgs.msg.Vector3(x=-1.8106987648089679, y=0.35908932910145813, z=1.2310345081546172), 500743000000, 
-7.505501496014059, 0.7097832564527173, geometry_msgs.msg.Vector3(x=-1.8131689649369778, y=0.3587100573212925, z=1.2280644938443654), 500748000000, 
-7.513643990810277, 0.6955434272923982, geometry_msgs.msg.Vector3(x=-1.8153983532320797, y=0.35828866126718834, z=1.2253058304686766), 500753000000, 
-7.478107071406932, 0.7192237378890052, geometry_msgs.msg.Vector3(x=-1.8170684143325255, y=0.35829355237873645, z=1.223129493815589), 500758000000, 
-1.1634801307661768, -0.7036618015403794, 0.33451877142038344, 500761000000, 
-7.484916265372108, 0.6691852182420586, geometry_msgs.msg.Vector3(x=-1.8189291840806958, y=0.35777706874713855, z=1.2206513687719696), 500763000000, 
-7.516730715768448, 0.6298907394424609, geometry_msgs.msg.Vector3(x=-1.8214601734625235, y=0.35752828431242684, z=1.2180336789825077), 500768000000, 
-7.539637059297427, 0.6639313479951487, geometry_msgs.msg.Vector3(x=-1.8232229263238826, y=0.3575110617411318, z=1.2157966502340791), 500773000000, 
-7.509128645000525, 0.6770182191258033, geometry_msgs.msg.Vector3(x=-1.825279008757957, y=0.3569991442229746, z=1.2131701026112138), 500778000000, 
-7.530573439156044, 0.625245188628084, geometry_msgs.msg.Vector3(x=-1.82735099635934, y=0.3571500710022603, z=1.2108046606771563), 500783000000, 
-7.518660192739884, 0.6107886050905417, geometry_msgs.msg.Vector3(x=-1.8286498153310435, y=0.3569870903459969, z=1.2083793506856706), 500788000000, 
-7.518457157503384, 0.6201788535979355, geometry_msgs.msg.Vector3(x=-1.83165224080258, y=0.35645402635550977, z=1.2054104919089008), 500793000000, 
-1.1677776586513444, -0.7063514316266668, 0.40163585933048945, 500795000000, 
-7.568628338466112, 0.5816320640884874, geometry_msgs.msg.Vector3(x=-1.8334698945947971, y=0.3564075642616811, z=1.2034574875246522), 500798000000, 
-7.590729140509587, 0.5688124550586336, geometry_msgs.msg.Vector3(x=-1.835879623301505, y=0.3561495377124376, z=1.2006931541217905), 500803000000, 
-7.551944594473967, 0.5803601456190317, geometry_msgs.msg.Vector3(x=-1.837541267459251, y=0.35575002988839294, z=1.1979667450070055), 500808000000, 
-7.567546127701698, 0.5798662060315675, geometry_msgs.msg.Vector3(x=-1.8390343070812731, y=0.3555883389001159, z=1.1960098628437044), 500813000000, 
-7.571568819680896, 0.5601858424497524, geometry_msgs.msg.Vector3(x=-1.8419343912453878, y=0.3555163890150399, z=1.1926488780404085), 500818000000, 
-7.577471222423407, 0.5119777617835191, geometry_msgs.msg.Vector3(x=-1.8432578661060115, y=0.354981203398187, z=1.1905612107508794), 500823000000, 
-7.586056359549407, 0.5181668784012748, geometry_msgs.msg.Vector3(x=-1.8453183992528788, y=0.35511004285050185, z=1.187896106178274), 500828000000, 
-1.1718724838372725, -0.7093334384987439, 0.4682226687576935, 500829000000, 
-7.567971556014912, 0.525612088479561, geometry_msgs.msg.Vector3(x=-1.8479059648299132, y=0.3547001676856998, z=1.1853475409303968), 500834000000, 
-7.586243097325694, 0.49991908742115404, geometry_msgs.msg.Vector3(x=-1.8498199618160065, y=0.3544000246431266, z=1.181975781141901), 500839000000, 
-7.5796477551714565, 0.509732308197353, geometry_msgs.msg.Vector3(x=-1.8518272588925921, y=0.35467607110162036, z=1.1797166028916912), 500844000000, 
-7.6126105955115895, 0.49271539278673454, geometry_msgs.msg.Vector3(x=-1.8538843657564268, y=0.3542329235638905, z=1.176979222572206), 500849000000, 
-7.638672096047185, 0.4790923276785393, geometry_msgs.msg.Vector3(x=-1.855663127312774, y=0.35388554474695716, z=1.1742085171042187), 500854000000, 
-7.619836158656236, 0.47090317120241715, geometry_msgs.msg.Vector3(x=-1.8577917215845459, y=0.3535097246420266, z=1.1718060791609544), 500859000000, 
-1.1757443096642726, -0.7125924002990254, 0.5342757816574725, 500863000000, 
-7.636739307671734, 0.4575028004990265, geometry_msgs.msg.Vector3(x=-1.8596794819893196, y=0.3535901720174612, z=1.1692070302005064), 500864000000, 
-7.63559048491062, 0.43267089626063887, geometry_msgs.msg.Vector3(x=-1.8617768154156804, y=0.3534915084578292, z=1.1663170168493124), 500869000000, 
-7.632774224399856, 0.4212392379989422, geometry_msgs.msg.Vector3(x=-1.8635533869206369, y=0.3532660399143713, z=1.163488583632855), 500874000000, 
-7.6571706560940305, 0.43236855530671153, geometry_msgs.msg.Vector3(x=-1.8656210807670073, y=0.3534421792563408, z=1.1609360182085438), 500879000000, 
-7.634204369694921, 0.40808551951040084, geometry_msgs.msg.Vector3(x=-1.8675699883330061, y=0.3528753908975669, z=1.1586103005658057), 500884000000, 
-7.655317686080667, 0.40933885583982776, geometry_msgs.msg.Vector3(x=-1.8700709360584242, y=0.3525295688110773, z=1.1556922425662874), 500889000000, 
-7.679093304338082, 0.40995556828326174, geometry_msgs.msg.Vector3(x=-1.8717961838714978, y=0.35242444592234023, z=1.1528712979110984), 500894000000, 
-1.179374473452566, -0.7161115119040617, 0.5997880830133105, 500897000000, 
-7.678099961921523, 0.36966634926195857, geometry_msgs.msg.Vector3(x=-1.8737132957498401, y=0.35238488253266687, z=1.150057095341904), 500899000000, 
-7.716717514169448, 0.3631967421584582, geometry_msgs.msg.Vector3(x=-1.876313450949417, y=0.35235179021259855, z=1.1473011529394972), 500904000000, 
-7.6846919646414715, 0.3415708178585874, geometry_msgs.msg.Vector3(x=-1.878828758993143, y=0.35192216874536414, z=1.1437916670698773), 500910000000, 
-7.685685644583243, 0.3515874495981509, geometry_msgs.msg.Vector3(x=-1.880532481277051, y=0.351415285439075, z=1.1415872116873396), 500915000000, 
-7.714522645010051, 0.34970026677861527, geometry_msgs.msg.Vector3(x=-1.8829200212632482, y=0.3513750695819251, z=1.138801426998413), 500920000000, 
-7.685504894575174, 0.28980543582067797, geometry_msgs.msg.Vector3(x=-1.8847219089353568, y=0.3514987512036041, z=1.1362471478570095), 500925000000, 
-7.711036464374864, 0.31551724636669704, geometry_msgs.msg.Vector3(x=-1.8870361937935394, y=0.35111461848460396, z=1.1336850089642418), 500930000000, 
-1.1827464103787597, -0.7198738052706604, 0.6647715294619675, 500931000000, 
-7.733428711470932, 0.2881382233274328, geometry_msgs.msg.Vector3(x=-1.888976699004822, y=0.35073469529271517, z=1.1310237440014612), 500935000000, 
-7.707312585690689, 0.2773999024971191, geometry_msgs.msg.Vector3(x=-1.8909584611749923, y=0.3508637400240132, z=1.1284450239170833), 500940000000, 
-7.748083099799941, 0.26933105838159455, geometry_msgs.msg.Vector3(x=-1.893468989436608, y=0.3504927906916181, z=1.1255353712447516), 500945000000, 
-7.742639051429076, 0.25157461437033196, geometry_msgs.msg.Vector3(x=-1.8952906754158942, y=0.3502816256675271, z=1.1228368465825387), 500950000000, 
-7.7293149222861866, 0.24429781647498677, geometry_msgs.msg.Vector3(x=-1.897179617942358, y=0.35033292063766586, z=1.1202351560718926), 500955000000, 
-7.808909261750916, 0.20598066269654502, geometry_msgs.msg.Vector3(x=-1.899272956344748, y=0.350273038511873, z=1.117829419924457), 500960000000, 
-7.783446756293252, 0.2070954277991754, geometry_msgs.msg.Vector3(x=-1.9015511681465063, y=0.3502188773780582, z=1.1147231991898592), 500965000000, 
-1.1858446863125396, -0.723862078982312, 0.7292583705473378, 500965000000, 
-7.783721457383452, 0.18679854834451778, geometry_msgs.msg.Vector3(x=-1.903706539252208, y=0.3499935825871371, z=1.112318186488208), 500970000000, 
-7.8088101079314205, 0.17679185119734275, geometry_msgs.msg.Vector3(x=-1.9056693053903344, y=0.3498203218351951, z=1.1096680725067969), 500975000000, 
-7.770212531572881, 0.16227212302715088, geometry_msgs.msg.Vector3(x=-1.9079203600503425, y=0.349398598195044, z=1.1065733335540815), 500980000000, 
-7.809742476900234, 0.15492094094445955, geometry_msgs.msg.Vector3(x=-1.909712965837515, y=0.3496905367300027, z=1.1043304678606232), 500985000000, 
-7.814826239228462, 0.15410827788195583, geometry_msgs.msg.Vector3(x=-1.911520368097553, y=0.34963510649820106, z=1.1019601337110698), 500990000000, 
-7.810771787131126, 0.1275757338442174, geometry_msgs.msg.Vector3(x=-1.9136663849910125, y=0.34917451499482727, z=1.0990476814483348), 500995000000, 
-1.188653958040156, -0.7280572467444033, 0.7932725174701788, 500999000000, 
-7.817364776149993, 0.1273951327499441, geometry_msgs.msg.Vector3(x=-1.9154960390656506, y=0.34901440203781753, z=1.0962460203108233), 501000000000, 
-7.815519456258007, 0.11780154925898882, geometry_msgs.msg.Vector3(x=-1.9175150835464778, y=0.3488773682648767, z=1.0936876278374401), 501005000000, 
-7.838523628170166, 0.07407493412265695, geometry_msgs.msg.Vector3(x=-1.9192820832750463, y=0.34915642059676233, z=1.090972988895887), 501010000000, 
-7.861090517036377, 0.08080494611646219, geometry_msgs.msg.Vector3(x=-1.9217222648038805, y=0.34867681084769797, z=1.087864115025076), 501015000000, 
-7.860356392095107, 0.0649784530364935, geometry_msgs.msg.Vector3(x=-1.9230889897647878, y=0.3488039470065216, z=1.0852194952508147), 501020000000, 
-7.887437971732957, 0.03960312368791324, geometry_msgs.msg.Vector3(x=-1.92530955781867, y=0.3483604203351567, z=1.0823365326336802), 501025000000, 
-7.852473735027047, 0.05640760461331103, geometry_msgs.msg.Vector3(x=-1.927391532640092, y=0.34843993043116744, z=1.07967521202151), 501030000000, 
-1.1911594803054377, -0.7324371790447994, 0.8568018958654429, 501033000000, 
-7.9142092917103435, 0.06238626627627686, geometry_msgs.msg.Vector3(x=-1.9285731364934335, y=0.348489072426924, z=1.0768446529221358), 501035000000, 
-7.891614857599962, -0.0018542801214723736, geometry_msgs.msg.Vector3(x=-1.9307951225485742, y=0.3485504662884435, z=1.0741419258086615), 501040000000, 
-7.91555779574531, 0.007427714040825181, geometry_msgs.msg.Vector3(x=-1.932440389997922, y=0.34847345951789427, z=1.071314110703353), 501045000000, 
-7.838210500219112, 0.012574848041930542, geometry_msgs.msg.Vector3(x=-1.9342577482805259, y=0.34838686651606193, z=1.0680322179311619), 501050000000, 
-7.9146141025400425, 0.00905427648148309, geometry_msgs.msg.Vector3(x=-1.9366152842850668, y=0.3480670552659973, z=1.0653889739214775), 501055000000, 
-7.918445755638312, -0.04676067912777824, geometry_msgs.msg.Vector3(x=-1.9384251246786142, y=0.34800739512124024, z=1.0615970262487937), 501060000000, 
-7.92623890379843, -0.04067351006765583, geometry_msgs.msg.Vector3(x=-1.9402561417742046, y=0.34791065178478897, z=1.0593445711610197), 501065000000, 
-1.1933487401064369, -0.7369779821169077, 0.9198079517697422, 501067000000, 
-7.944851837674686, -0.04245961543220038, geometry_msgs.msg.Vector3(x=-1.9423212453596883, y=0.3479136931882988, z=1.0561362781648351), 501070000000, 
-7.933440317279123, -0.06172098883506023, geometry_msgs.msg.Vector3(x=-1.9439520207057914, y=0.34816935879230326, z=1.053104999584749), 501075000000, 
-7.954981299987457, -0.078582769591498, geometry_msgs.msg.Vector3(x=-1.9459419091045875, y=0.3476664402997546, z=1.0502435571272202), 501080000000, 
-7.971924805101587, -0.06986351832535861, geometry_msgs.msg.Vector3(x=-1.9477947675747636, y=0.347730275367697, z=1.0475231157007807), 501085000000, 
-7.9758735531784115, -0.09644551003729213, geometry_msgs.msg.Vector3(x=-1.9496428241259622, y=0.34795240723719795, z=1.044171689726726), 501090000000, 
-8.010067742006727, -0.14106566856700237, geometry_msgs.msg.Vector3(x=-1.9518699282052534, y=0.3478270650391297, z=1.0412933500363197), 501095000000, 
-7.993464462410225, -0.09429691000250315, geometry_msgs.msg.Vector3(x=-1.954006525554158, y=0.34732101744464167, z=1.0384310629533966), 501100000000, 
-1.1952121962244542, -0.7416567053402696, 0.9822680270808299, 501101000000, 
-8.005843199799253, -0.13284907026970594, geometry_msgs.msg.Vector3(x=-1.955824660043912, y=0.3475194833585772, z=1.035324648002249), 501105000000, 
-8.011237065771189, -0.18635317816902078, geometry_msgs.msg.Vector3(x=-1.9581670206281678, y=0.3478258356135766, z=1.0323159954736156), 501110000000, 
-8.01783664398793, -0.18076674628671027, geometry_msgs.msg.Vector3(x=-1.9595759743199315, y=0.3477232403020807, z=1.0294329216575966), 501115000000, 
-8.035546300935335, -0.1694424641395541, geometry_msgs.msg.Vector3(x=-1.9619543713228502, y=0.3477896117880383, z=1.0265180698677103), 501120000000, 
-8.059374160657432, -0.23731743253036142, geometry_msgs.msg.Vector3(x=-1.9653838935406223, y=0.3474901844595985, z=1.0216095194416601), 501127000000, 
-8.039163194689445, -0.24907443968587528, geometry_msgs.msg.Vector3(x=-1.9672648425953818, y=0.3474059072003365, z=1.019142227362408), 501132000000, 
-1.196742195631442, -0.746452329766708, 1.0442049061913432, 501135000000, 
-8.051114789729395, -0.21645481212959428, geometry_msgs.msg.Vector3(x=-1.9691640589702613, y=0.347251624022141, z=1.0162868151861322), 501137000000, 
-8.091141673313135, -0.2741782839021634, geometry_msgs.msg.Vector3(x=-1.9716045371365596, y=0.3472675620711406, z=1.0136454352307958), 501142000000, 
-8.091123776320302, -0.26778287514563903, geometry_msgs.msg.Vector3(x=-1.97337888561511, y=0.34728622230959943, z=1.010891015668285), 501147000000, 
-8.095350225771183, -0.2716149282773285, geometry_msgs.msg.Vector3(x=-1.9755978048990408, y=0.3474815661694948, z=1.0080699667819317), 501152000000, 
-8.107322458771582, -0.2913545282717294, geometry_msgs.msg.Vector3(x=-1.9775622202360439, y=0.34696583745568643, z=1.005338631601151), 501157000000, 
-7.399389484003107, -5.0575491030347575, geometry_msgs.msg.Vector3(x=-1.9725211347985714, y=0.3427666774343236, z=1.0018724876755267), 501162000000, 
-0.6234755208227323, -3.4405285882411696, geometry_msgs.msg.Vector3(x=-1.9679526074817837, y=0.3396027675827743, z=1.0014818110194543), 501167000000, 
-1.1972687097251564, -0.7506637753330765, 1.1056893606136466, 501169000000, 
-1.1200597382726625, -3.4984239787735802, geometry_msgs.msg.Vector3(x=-1.9621255233054649, y=0.33584889890677033, z=1.0016007296280878), 501172000000, 
-2.6373486116076608, 3.54191118096658, geometry_msgs.msg.Vector3(x=-1.957945225567141, y=0.33396810407109767, z=1.0044093598553605), 501177000000, 
-4.506014391816448, 5.857327994290655, geometry_msgs.msg.Vector3(x=-1.9498158079300456, y=0.33012458860420735, z=1.00797899623388), 501182000000, 
-3.961673261198613, 2.2875968639240245, geometry_msgs.msg.Vector3(x=-1.9461462945941435, y=0.32900328724440187, z=1.0108874263903473), 501187000000, 
-8.382692675966108, 0.36546556149883935, geometry_msgs.msg.Vector3(x=-1.9444527880226627, y=0.3293328909053454, z=1.014277245757233), 501192000000, 
-6.455437647073775, 0.21118745553472343, geometry_msgs.msg.Vector3(x=-1.9423048951484763, y=0.32900471100026313, z=1.0173589951605717), 501197000000, 
-9.075174809426654, 0.20189163010967504, geometry_msgs.msg.Vector3(x=-1.93913293603529, y=0.32911638915153346, z=1.022056404279453), 501202000000, 
-1.1937928267186813, -0.7473724409249465, 1.1681198594048172, 501203000000, 
-8.055653969604476, 0.23130221364854622, geometry_msgs.msg.Vector3(x=-1.937726246104355, y=0.32935750809191705, z=1.0253104821450785), 501207000000, 
-8.059741875794694, 0.24255082967183764, geometry_msgs.msg.Vector3(x=-1.9359350831983708, y=0.32939354245498614, z=1.027842712503093), 501212000000, 
-7.246216153407294, 0.20997763624313542, geometry_msgs.msg.Vector3(x=-1.9329293608803577, y=0.3297166765194327, z=1.0316738225885769), 501217000000, 
-10.726223078847788, 0.2105699136317479, geometry_msgs.msg.Vector3(x=-1.9300897795441205, y=0.32936089568866245, z=1.036451858542007), 501222000000, 
-6.516630083521367, 0.13890373609859016, geometry_msgs.msg.Vector3(x=-1.9280334111227175, y=0.32930826709393907, z=1.039157477799677), 501227000000, 
-8.833023462902819, 0.2505793322465229, geometry_msgs.msg.Vector3(x=-1.9252945580857297, y=0.33002534904795106, z=1.043209576154097), 501232000000, 
-6.54270567942599, 0.16417870533623352, geometry_msgs.msg.Vector3(x=-1.9233166740810712, y=0.3295456591200496, z=1.045890495737327), 501237000000, 
-1.1906253695461593, -0.7426116673777113, 1.232939172810314, 501237000000, 
-10.641065841305949, 0.16027209953385985, geometry_msgs.msg.Vector3(x=-1.9204934594900767, y=0.32951414742233887, z=1.0505275763256106), 501242000000, 
-6.512151946907183, 0.13091130258813882, geometry_msgs.msg.Vector3(x=-1.918293577438997, y=0.33004208875521185, z=1.0531165242548601), 501247000000, 
-9.011458945764346, 0.21403227999373345, geometry_msgs.msg.Vector3(x=-1.9163921223208271, y=0.33020067662062824, z=1.0571291547370962), 501252000000, 
-6.557668781959079, 0.13892315675538738, geometry_msgs.msg.Vector3(x=-1.914104170563818, y=0.3304355764493556, z=1.0601480148154443), 501257000000, 
-10.555838674101036, 0.13421784512118115, geometry_msgs.msg.Vector3(x=-1.9111503562714385, y=0.33009545269661916, z=1.064441620469762), 501262000000, 
-6.56399158611419, 0.14336724031388948, geometry_msgs.msg.Vector3(x=-1.9098199430838927, y=0.33049056489273626, z=1.0669237127157027), 501267000000, 
-1.187789508040814, -0.7376316503156626, 1.3003437009204848, 501271000000, 
-8.207629409275588, 0.1469899424262806, geometry_msgs.msg.Vector3(x=-1.9063102891418469, y=0.33073098584789384, z=1.0725577842297043), 501274000000, 
-8.19987768597666, 0.1164096617951244, geometry_msgs.msg.Vector3(x=-1.9036947308398846, y=0.33086939559060097, z=1.0759640678229956), 501279000000, 
-9.2376285439043, 0.17665361838500637, geometry_msgs.msg.Vector3(x=-1.9012023553547022, y=0.33088354215230176, z=1.0790880150485984), 501284000000, 
-6.652856362714092, 0.13280123242278297, geometry_msgs.msg.Vector3(x=-1.9000374409759329, y=0.330888962420653, z=1.082225022748474), 501289000000, 
-10.44258594658172, 0.1238382914796892, geometry_msgs.msg.Vector3(x=-1.8970245927383016, y=0.33104742884126387, z=1.0860035579138951), 501294000000, 
-6.605594353451698, 0.1089547461057749, geometry_msgs.msg.Vector3(x=-1.8957090887545405, y=0.3316546419208429, z=1.089689221992847), 501299000000, 
-9.418462662880716, 0.1523424510763643, geometry_msgs.msg.Vector3(x=-1.8928411148079294, y=0.33131873230100123, z=1.093323016418173), 501304000000, 
-1.185299240998489, -0.7324566127501658, 1.3705387235009254, 501305000000, 
-6.6140211020390876, 0.07839705298314935, geometry_msgs.msg.Vector3(x=-1.8911249132718395, y=0.3313453846316808, z=1.0961813924110375), 501309000000, 
-10.415002276968744, 0.1344707026835319, geometry_msgs.msg.Vector3(x=-1.8888006208308936, y=0.33222363384276177, z=1.1007759687071745), 501314000000, 
-6.638605126632338, 0.08269963354980829, geometry_msgs.msg.Vector3(x=-1.8870398037996294, y=0.3317474083065186, z=1.1038279685854167), 501319000000, 
-9.511014905057246, 0.14757584937793508, geometry_msgs.msg.Vector3(x=-1.8850411715479545, y=0.33200147475407926, z=1.1078228708904707), 501324000000, 
-6.667168191116808, 0.055896525749639554, geometry_msgs.msg.Vector3(x=-1.8831737851858816, y=0.33239909339116624, z=1.1107254102866628), 501329000000, 
-10.400487841952348, 0.13789570810045337, geometry_msgs.msg.Vector3(x=-1.881100396806685, y=0.3326276456323462, z=1.115003960682624), 501334000000, 
-6.66640178547394, 0.11407478665082103, geometry_msgs.msg.Vector3(x=-1.879253330401964, y=0.3329415079325259, z=1.118389731267661), 501339000000, 
-1.1831660957005588, -0.7271098227650146, 1.4438035318580889, 501339000000, 
-8.344376809346242, 0.10835857491702958, geometry_msgs.msg.Vector3(x=-1.875908529466218, y=0.33361428664837006, z=1.1242909915570294), 501346000000, 
-9.670099802552716, 0.18858590790111163, geometry_msgs.msg.Vector3(x=-1.8738108342420357, y=0.33374052608581, z=1.1281562866867008), 501351000000, 
-8.354787935673615, 0.10541404323981098, geometry_msgs.msg.Vector3(x=-1.8725394523312864, y=0.33306568769740513, z=1.1314988673421336), 501356000000, 
-6.738455989637964, 0.12242041293678355, geometry_msgs.msg.Vector3(x=-1.870914326839129, y=0.3338009893973253, z=1.1341518691657793), 501361000000, 
-10.362432702775457, 0.16143817321024495, geometry_msgs.msg.Vector3(x=-1.868182067084965, y=0.33406116930697205, z=1.139019748788579), 501366000000, 
-6.689398889348132, 0.0854913554577077, geometry_msgs.msg.Vector3(x=-1.8665897397231024, y=0.33412571570163463, z=1.1417056580205993), 501371000000, 
-1.1814005621497163, -0.7216156494037628, 1.5204537554960578, 501373000000, 
-9.777302228255536, 0.16019657862126685, geometry_msgs.msg.Vector3(x=-1.86498574763308, y=0.3343733971033771, z=1.1465399415362438), 501376000000, 
-6.727435172520027, 0.12229568186809342, geometry_msgs.msg.Vector3(x=-1.8625696438315984, y=0.3345965520902697, z=1.1493840712728307), 501381000000, 
-10.373497184911342, 0.17979759991848493, geometry_msgs.msg.Vector3(x=-1.8607336840106576, y=0.33511149479364627, z=1.1538436325909356), 501386000000, 
-6.734524628496489, 0.13406415166091423, geometry_msgs.msg.Vector3(x=-1.8587534673177377, y=0.3351651781780343, z=1.1569129796061617), 501391000000, 
-9.857245496709739, 0.2170646362503502, geometry_msgs.msg.Vector3(x=-1.8566936720429839, y=0.3354579050846763, z=1.161312665662403), 501396000000, 
-6.729378414916691, 0.1464539188152254, geometry_msgs.msg.Vector3(x=-1.8548540823831927, y=0.3356654190156414, z=1.164168360770873), 501401000000, 
-10.3853532892355, 0.24025049046064534, geometry_msgs.msg.Vector3(x=-1.8520664234172006, y=0.3360613870865443, z=1.168591367434977), 501406000000, 
-1.180012562478086, -0.7160013561737734, 1.6007960640485632, 501407000000, 
-6.81485179491033, 0.17596377043475486, geometry_msgs.msg.Vector3(x=-1.850492596506486, y=0.3360544074769583, z=1.1715693162227343), 501411000000, 
-9.973652967279325, 0.26006630614634557, geometry_msgs.msg.Vector3(x=-1.8483044281113301, y=0.33657678864645246, z=1.1763225129070136), 501416000000, 
-6.798393273700824, 0.12384147924450573, geometry_msgs.msg.Vector3(x=-1.846382599827183, y=0.3369430454229961, z=1.1786016390596548), 501421000000, 
-10.355371746483934, 0.22911386199925504, geometry_msgs.msg.Vector3(x=-1.8442882455731398, y=0.33731259572014627, z=1.183376012720726), 501426000000, 
-6.807213591446554, 0.18303092267774515, geometry_msgs.msg.Vector3(x=-1.841825029128873, y=0.3376106342480828, z=1.186561895368526), 501431000000, 
-10.008781228490612, 0.26268031756721966, geometry_msgs.msg.Vector3(x=-1.8397023518131688, y=0.3375448131886469, z=1.1907515020614452), 501436000000, 
-6.8077398852620705, 0.18517440051695197, geometry_msgs.msg.Vector3(x=-1.8378386842260264, y=0.3383643269564118, z=1.1940405725098941), 501441000000, 
-1.1790110393699722, -0.7102965349600818, 1.6850970089294657, 501441000000, 
-10.410045149245645, 0.28920192058987154, geometry_msgs.msg.Vector3(x=-1.8353211050624871, y=0.3383086988908509, z=1.1982020586598965), 501446000000, 
-6.815142954033504, 0.1811382192858989, geometry_msgs.msg.Vector3(x=-1.8335250492652468, y=0.33876409143242914, z=1.2009099924712283), 501451000000, 
-10.053513958922052, 0.32693702112952533, geometry_msgs.msg.Vector3(x=-1.8310722266647963, y=0.33946305841148144, z=1.2054956683239548), 501456000000, 
-6.824236368602962, 0.2321724386336765, geometry_msgs.msg.Vector3(x=-1.8297127117395597, y=0.3396194524645166, z=1.2081692407700186), 501461000000, 
-10.415665497920683, 0.3596818537348955, geometry_msgs.msg.Vector3(x=-1.8267997235002114, y=0.34003903529519336, z=1.2131444285094086), 501466000000, 
-6.852568273997838, 0.22996320859849262, geometry_msgs.msg.Vector3(x=-1.8251730281604661, y=0.34051680296113185, z=1.215746744565941), 501471000000, 
-1.1784031979798597, -0.7045308812528055, 1.7735959310933473, 501475000000, 
-10.131996702236123, 0.3757100031670815, geometry_msgs.msg.Vector3(x=-1.8224348745203396, y=0.3410163810277759, z=1.220258953748223), 501476000000, 
-6.871183551950649, 0.2606555706521298, geometry_msgs.msg.Vector3(x=-1.8209312949208045, y=0.34122472389077124, z=1.2231582038958517), 501481000000, 
-21.865577224156617, -7.509153165022871, geometry_msgs.msg.Vector3(x=-1.8181361679843067, y=0.345425083858432, z=1.2177156995287743), 501486000000, 
-13.31556993594142, -0.9505790543328421, geometry_msgs.msg.Vector3(x=-1.8162563338491058, y=0.3487786615015562, z=1.212962534884467), 501491000000, 
-13.00595895696904, 2.2804941899331688, geometry_msgs.msg.Vector3(x=-1.8139594223183073, y=0.3520790352412224, z=1.2087223857225562), 501496000000, 
-13.014441021973234, 2.3699957677017003, geometry_msgs.msg.Vector3(x=-1.8117411419439016, y=0.3552924629511561, z=1.2041698529721911), 501501000000, 
-12.978232437752437, 2.4931046433429023, geometry_msgs.msg.Vector3(x=-1.8099056878334996, y=0.35828869165395777, z=1.199913556340817), 501506000000, 
-1.1763523431304612, -0.7027318632534245, 1.8649822396935882, 501509000000, 
-12.520368947147535, 2.362456511850742, geometry_msgs.msg.Vector3(x=-1.808165833083185, y=0.3615926147471522, z=1.1960178819883411), 501511000000, 
-8.736749352673195, -0.19436573439487906, geometry_msgs.msg.Vector3(x=-1.8097610495110092, y=0.3617037366885724, z=1.1928774786741316), 501516000000, 
-8.747655925246077, -0.1865448619469657, geometry_msgs.msg.Vector3(x=-1.811172539126572, y=0.36195936288502206, z=1.189199057106243), 501521000000, 
-8.72539520626657, -0.1597624654110516, geometry_msgs.msg.Vector3(x=-1.8125206796199553, y=0.3621094928666283, z=1.1861600871042812), 501526000000, 
-8.713642392017393, -0.1453708715453946, geometry_msgs.msg.Vector3(x=-1.8140912083765608, y=0.362970592474537, z=1.182438841208198), 501531000000, 
-8.752840198660666, -0.1428639306332833, geometry_msgs.msg.Vector3(x=-1.8156124202566866, y=0.363271517270496, z=1.1796092912202856), 501536000000, 
-8.757714172176378, -0.1331234723399428, geometry_msgs.msg.Vector3(x=-1.8172398896499464, y=0.3636370465214003, z=1.176508192512311), 501541000000, 
-1.1734279994222205, -0.7067074272442759, 1.9570536434321515, 501543000000, 
-8.77922963684643, -0.07835147115592332, geometry_msgs.msg.Vector3(x=-1.8188385013833606, y=0.3640782261592321, z=1.1729162145725376), 501546000000, 
-8.760447291716815, -0.11262777788660192, geometry_msgs.msg.Vector3(x=-1.8204422455773708, y=0.36492855840653127, z=1.16986452267604), 501551000000, 
-8.78610205480086, -0.09461001260345613, geometry_msgs.msg.Vector3(x=-1.8223726114147816, y=0.36548667412889085, z=1.164610776945164), 501558000000, 
-8.83938770267532, -0.06683472251183814, geometry_msgs.msg.Vector3(x=-1.8239506282738533, y=0.36561275745435035, z=1.1615872143136967), 501563000000, 
-8.831889166257248, -0.039455880014116804, geometry_msgs.msg.Vector3(x=-1.8253701401650824, y=0.3661967932877889, z=1.1593187900989894), 501568000000, 
-8.817193820083945, -0.050788038069688894, geometry_msgs.msg.Vector3(x=-1.82684683965789, y=0.36650173615776244, z=1.1559129081979809), 501573000000, 
-1.1702455203333457, -0.7104589886328999, 2.0500537391117075, 501577000000, 
-8.81655373021062, -0.02720898902836327, geometry_msgs.msg.Vector3(x=-1.8279403290722633, y=0.3669267953534232, z=1.1529063629342324), 501578000000, 
-8.816537571826625, -0.016293333040016067, geometry_msgs.msg.Vector3(x=-1.8296429764838351, y=0.36781353687623114, z=1.1494401958373093), 501583000000, 
-8.807948613253778, -0.009894121712115175, geometry_msgs.msg.Vector3(x=-1.8311338121976348, y=0.3681171003959437, z=1.1466056692952362), 501588000000, 
-8.82914270093995, 0.012587534613641444, geometry_msgs.msg.Vector3(x=-1.8326658034923458, y=0.3685744520535861, z=1.143091080122692), 501593000000, 
-8.85336914930275, 0.01377257524724782, geometry_msgs.msg.Vector3(x=-1.8332174677864759, y=0.368484723410136, z=1.1396685146331937), 501598000000, 
-8.826884186997992, 0.0360882497035538, geometry_msgs.msg.Vector3(x=-1.835333957581323, y=0.3693636015012902, z=1.136599006213323), 501603000000, 
-8.834870387623731, 0.06957025543862166, geometry_msgs.msg.Vector3(x=-1.8359436704155219, y=0.36986457565914205, z=1.1330967344178022), 501608000000, 
-1.1668230811144404, -0.7139655710252325, 2.143890077314611, 501611000000, 
-8.860776670136822, 0.06390106566650962, geometry_msgs.msg.Vector3(x=-1.8377229457844428, y=0.3698967357126791, z=1.1305894725984773), 501613000000, 
-8.866522241854357, 0.057704882954464826, geometry_msgs.msg.Vector3(x=-1.83828726233498, y=0.3706614457334913, z=1.1269781124936327), 501618000000, 
-8.864731703408014, 0.062385759025459675, geometry_msgs.msg.Vector3(x=-1.8401954894667263, y=0.3716382595377515, z=1.1236040016866966), 501623000000, 
-8.865762653395524, 0.07644024065121571, geometry_msgs.msg.Vector3(x=-1.8419841354341493, y=0.3716640838961001, z=1.119850030592752), 501628000000, 
-8.878530632585434, 0.10706645273579875, geometry_msgs.msg.Vector3(x=-1.8429330458644684, y=0.37223325885087627, z=1.117344347812382), 501633000000, 
-8.899941121497644, 0.13393652156871858, geometry_msgs.msg.Vector3(x=-1.8442247740213402, y=0.37259942685477526, z=1.1141225150299174), 501638000000, 
-8.896033247328695, 0.12851068927176976, geometry_msgs.msg.Vector3(x=-1.8452537018974342, y=0.3732929780670813, z=1.111334391810174), 501643000000, 
-1.1631803661389362, -0.7172122212984806, 2.2384336540459304, 501645000000, 
-8.895123613268343, 0.14819850100511836, geometry_msgs.msg.Vector3(x=-1.8461980839844103, y=0.3735487511452581, z=1.1078209992690426), 501648000000, 
-8.93717035687871, 0.16881897100458507, geometry_msgs.msg.Vector3(x=-1.8476611146891435, y=0.37410547772262726, z=1.1046328517059099), 501653000000, 
-8.879676076298013, 0.20384604521852606, geometry_msgs.msg.Vector3(x=-1.8488440299586288, y=0.3750755056503584, z=1.1014465630406904), 501658000000, 
-8.903707782266462, 0.1935396822588037, geometry_msgs.msg.Vector3(x=-1.8504885667093853, y=0.3751855529921318, z=1.098344127411087), 501663000000, 
-8.911426877010976, 0.1804988856226521, geometry_msgs.msg.Vector3(x=-1.8512880989636251, y=0.3758444974130033, z=1.0947360742504337), 501668000000, 
-8.907460677471018, 0.2040302444321561, geometry_msgs.msg.Vector3(x=-1.8529508007029232, y=0.37641560200884755, z=1.0916754892809324), 501673000000, 
-8.931789715988774, 0.21852801299678817, geometry_msgs.msg.Vector3(x=-1.8540033462101786, y=0.3765993492117355, z=1.0886082240679782), 501678000000, 
-1.1593374948219146, -0.7201863186585004, 2.3335425209580185, 501679000000, 
-8.948997233464187, 0.23422285298101467, geometry_msgs.msg.Vector3(x=-1.8555769774732829, y=0.3773762843415786, z=1.0854868464557526), 501683000000, 
-8.9455724570097, 0.251012812813997, geometry_msgs.msg.Vector3(x=-1.8568932582133284, y=0.37763006974103147, z=1.082154115400982), 501688000000, 
-8.95968948524955, 0.249200215909884, geometry_msgs.msg.Vector3(x=-1.8577762962862139, y=0.3780551058899808, z=1.0790994171100583), 501693000000, 
-8.950082065703446, 0.22830262363689569, geometry_msgs.msg.Vector3(x=-1.8591937567089165, y=0.37914432621397764, z=1.0756595672935199), 501698000000, 
-8.9423162139963, 0.2583608948352194, geometry_msgs.msg.Vector3(x=-1.860812619602741, y=0.3792575108705, z=1.0719487299320425), 501703000000, 
-8.947326660709317, 0.30468429437496153, geometry_msgs.msg.Vector3(x=-1.8619725736026282, y=0.38005111273468656, z=1.0692868659198074), 501708000000, 
-1.1553146340509939, -0.7228770747463826, 2.429079012917991, 501713000000, 
-8.955413842876897, 0.3267589042158452, geometry_msgs.msg.Vector3(x=-1.8629499932455156, y=0.3803638228763163, z=1.066197636040385), 501713000000, 
-8.958478727235889, 0.3448538148340873, geometry_msgs.msg.Vector3(x=-1.8642233948553621, y=0.3805571444785216, z=1.0629097170880217), 501718000000, 
-8.988409809654861, 0.33079832822024363, geometry_msgs.msg.Vector3(x=-1.865409259353502, y=0.38145399170310307, z=1.0598284274888508), 501723000000, 
-8.975394266124216, 0.32800462716274703, geometry_msgs.msg.Vector3(x=-1.8664465163311463, y=0.3821370698697681, z=1.0563819050753762), 501728000000, 
-8.969977325154693, 0.3849374514989422, geometry_msgs.msg.Vector3(x=-1.867397557013158, y=0.38260403305765495, z=1.0538802252490327), 501733000000, 
-9.009719369758939, 0.4010261502855411, geometry_msgs.msg.Vector3(x=-1.868728637605704, y=0.3833957481529621, z=1.050483381685687), 501738000000, 
-8.973900343836917, 0.3878929999977202, geometry_msgs.msg.Vector3(x=-1.8701629951430847, y=0.38335884608730586, z=1.0469175037405487), 501743000000, 
-1.151132654631881, -0.7252747189224602, 2.5249014817960793, 501747000000, 
-8.995721423218273, 0.40397833414036777, geometry_msgs.msg.Vector3(x=-1.8710610666219596, y=0.3846557513584187, z=1.0436168169134226), 501748000000, 
-8.985765629431206, 0.3947472642444871, geometry_msgs.msg.Vector3(x=-1.8723529305584663, y=0.38518034473687474, z=1.0407147535971017), 501753000000, 
-8.98878100729731, 0.42223643915582826, geometry_msgs.msg.Vector3(x=-1.873142601992362, y=0.3857951659785651, z=1.0371909298674673), 501758000000, 
-9.020670605225176, 0.45380097792372287, geometry_msgs.msg.Vector3(x=-1.8745144526467983, y=0.38603897294110695, z=1.0341550072949404), 501763000000, 
-9.027334363260582, 0.44668061074708404, geometry_msgs.msg.Vector3(x=-1.8757099125490835, y=0.3866143031019235, z=1.0314159942649954), 501768000000, 
-9.00518454950729, 0.46436228170031824, geometry_msgs.msg.Vector3(x=-1.877326657701567, y=0.3877898823111915, z=1.0262715801717635), 501775000000, 
-9.010212778237618, 0.48283632212592936, geometry_msgs.msg.Vector3(x=-1.8778310859967928, y=0.38827338367337144, z=1.023115732174489), 501780000000, 
-1.1468135493081626, -0.727370705847559, 2.6208481212478727, 501781000000, 
-8.998260164898252, 0.48979830231257127, geometry_msgs.msg.Vector3(x=-1.8790167338387662, y=0.3884840847722796, z=1.02048480767413), 501785000000, 
-9.023694656222997, 0.5043474158589555, geometry_msgs.msg.Vector3(x=-1.8802039725427986, y=0.38945579950480713, z=1.0170893580836535), 501790000000, 
-9.00111573232029, 0.50166626396966, geometry_msgs.msg.Vector3(x=-1.8813081205747275, y=0.38977741761884427, z=1.0140443144439022), 501795000000, 
-9.03263019549546, 0.5283849631087427, geometry_msgs.msg.Vector3(x=-1.8825781700465913, y=0.39009025785137036, z=1.0107004491063767), 501800000000, 
-9.002155047162193, 0.5237075192220921, geometry_msgs.msg.Vector3(x=-1.883758935794952, y=0.39084642221729976, z=1.0077265336352224), 501805000000, 
-9.030578391700542, 0.5309086732309484, geometry_msgs.msg.Vector3(x=-1.884692138414131, y=0.3918747820365912, z=1.0046181867189043), 501810000000, 
-9.037505714223082, 0.5712423535077691, geometry_msgs.msg.Vector3(x=-1.8862756707666946, y=0.3923518165149936, z=1.0013953965604756), 501815000000, 
-1.1423795861059092, -0.7291585745113877, 2.7167430766016865, 501815000000, 
-9.044243931379496, 0.5607167935713909, geometry_msgs.msg.Vector3(x=-1.88688096083957, y=0.3928528697215914, z=0.9981468704859897), 501820000000, 
-9.049271203887495, 0.5767585113874044, geometry_msgs.msg.Vector3(x=-1.88807996300458, y=0.3932235498165198, z=0.9949813509455169), 501825000000, 
-9.041565000764216, 0.5948593406191272, geometry_msgs.msg.Vector3(x=-1.8891940574127741, y=0.3942474762793109, z=0.9918148735047762), 501830000000, 
-9.05455783260785, 0.615552870300334, geometry_msgs.msg.Vector3(x=-1.8904977110694732, y=0.39463318830337113, z=0.988476882018405), 501835000000, 
-9.058416901594331, 0.6391381958525395, geometry_msgs.msg.Vector3(x=-1.8914427109714245, y=0.3952029015925065, z=0.9852773615413136), 501840000000, 
-9.041625757644297, 0.6069289209481711, geometry_msgs.msg.Vector3(x=-1.8927396727464758, y=0.39630079129086127, z=0.9822230076797583), 501845000000, 
-9.07640937135173, 0.6354896494509614, geometry_msgs.msg.Vector3(x=-1.8937812533911138, y=0.3965931632405762, z=0.9792747229943229), 501850000000, 
-1.137852104797422, -0.730634027797881, 2.8124256242112264, 501849000000, 
-9.048716421602837, 0.6550092250658982, geometry_msgs.msg.Vector3(x=-1.894949888568375, y=0.3970932700655937, z=0.9764645247497452), 501855000000, 
-9.061723987239613, 0.6630705701787754, geometry_msgs.msg.Vector3(x=-1.8960373681884626, y=0.3974267305658587, z=0.9729420638210281), 501860000000, 
-9.050495184794741, 0.6672280220273743, geometry_msgs.msg.Vector3(x=-1.8975251249990348, y=0.39807645549474535, z=0.9698846258420819), 501865000000, 
-9.107867426883637, 0.7012154193847948, geometry_msgs.msg.Vector3(x=-1.8985975755161624, y=0.39914863085017527, z=0.9666174753405724), 501870000000, 
-9.084887128005292, 0.7235801654762167, geometry_msgs.msg.Vector3(x=-1.899640275235601, y=0.39945109763035364, z=0.9636628987441678), 501875000000, 
-9.081379040307095, 0.7177924893005098, geometry_msgs.msg.Vector3(x=-1.9010277358186438, y=0.4003086572463238, z=0.9603249185474235), 501880000000, 
-1.1332517033557286, -0.7317939372052306, 2.9077693002926237, 501883000000, 
-9.094733031014696, 0.7348480480194898, geometry_msgs.msg.Vector3(x=-1.9018692610417416, y=0.4010980984136746, z=0.9574742557504549), 501885000000, 
-9.10054035691206, 0.7203088789441118, geometry_msgs.msg.Vector3(x=-1.9032783288727908, y=0.40128965363277425, z=0.9543234591321106), 501890000000, 
-9.080296110427607, 0.7404827145271813, geometry_msgs.msg.Vector3(x=-1.9039924374802488, y=0.4026486336429534, z=0.9512275302075578), 501895000000, 
-9.065085690511014, 0.7458125047340907, geometry_msgs.msg.Vector3(x=-1.9053059246182027, y=0.40259521552522454, z=0.9482300989985676), 501900000000, 
-9.095475490289134, 0.7109987117007895, geometry_msgs.msg.Vector3(x=-1.9061585360897897, y=0.4029838097784221, z=0.945375565574864), 501905000000, 
-9.089890812991591, 0.766259597250585, geometry_msgs.msg.Vector3(x=-1.907605357734653, y=0.4040056599320192, z=0.942168873437375), 501910000000, 
-9.111883617476465, 0.7648554737933976, geometry_msgs.msg.Vector3(x=-1.908869881743547, y=0.40504997863387543, z=0.9377529719124597), 501917000000, 
-1.1285998496537226, -0.7326356452473016, 3.0026654268121575, 501917000000, 
-9.10392965928149, 0.8090946882129313, geometry_msgs.msg.Vector3(x=-1.909649108079249, y=0.40564563252020724, z=0.9348015169290744), 501922000000, 
-9.082416162476461, 0.8283027450784026, geometry_msgs.msg.Vector3(x=-1.910651542208961, y=0.4063326493478342, z=0.9318606454658112), 501927000000, 
-9.130580707971317, 0.8197546125343549, geometry_msgs.msg.Vector3(x=-1.9115718557349113, y=0.4070586074835026, z=0.9288349496385361), 501932000000, 
-9.115314530571826, 0.8205706051686177, geometry_msgs.msg.Vector3(x=-1.91219630206851, y=0.40760586414325994, z=0.9259418446899781), 501937000000, 
-9.120503168505447, 0.8548392497095267, geometry_msgs.msg.Vector3(x=-1.913066424597158, y=0.4082632616728473, z=0.9223560654343435), 501942000000, 
-9.124024625633506, 0.8581893097328829, geometry_msgs.msg.Vector3(x=-1.9142491337410388, y=0.40884691190651007, z=0.9194726403679949), 501947000000, 
-1.1239198068329703, -0.7331576708397053, 3.096989080526771, 501951000000, 
-9.136987598343902, 0.865742504591088, geometry_msgs.msg.Vector3(x=-1.9149372331420387, y=0.4097877173708055, z=0.9164840963034311), 501952000000, 
-9.109688191053761, 0.8512814891420676, geometry_msgs.msg.Vector3(x=-1.9161347657547279, y=0.4100261712433427, z=0.9133706244300291), 501957000000, 
-9.126414499409389, 0.8681840199537185, geometry_msgs.msg.Vector3(x=-1.9169508019088222, y=0.41094628278962886, z=0.9104363194311822), 501962000000, 
-9.139834753956203, 0.842797772015073, geometry_msgs.msg.Vector3(x=-1.917452820344528, y=0.41186307767456626, z=0.907394524631554), 501967000000, 
-9.122747530749388, 0.8705452638421889, geometry_msgs.msg.Vector3(x=-1.9183025575000305, y=0.41222206261678096, z=0.9038813050986801), 501972000000, 
-9.12483150763647, 0.8908113118018417, geometry_msgs.msg.Vector3(x=-1.9187824258637494, y=0.41286981035779224, z=0.900857529025162), 501977000000, 
-9.122376949693342, 0.9102223513937371, geometry_msgs.msg.Vector3(x=-1.9201951942202502, y=0.4134693592525053, z=0.8975433136337341), 501982000000, 
-1.119235230352773, -0.733360969797837, -3.092593385018286, 501985000000, 
-9.100359823647192, 0.925435278165921, geometry_msgs.msg.Vector3(x=-1.9213813666500343, y=0.4151050212565131, z=0.8942300504056935), 501987000000, 
-9.102118683095615, 0.9312465508297572, geometry_msgs.msg.Vector3(x=-1.9220049871251172, y=0.4152308688639366, z=0.8911765775085655), 501992000000, 
-9.123266844633187, 0.966431690930924, geometry_msgs.msg.Vector3(x=-1.9224462701848237, y=0.4157038321690337, z=0.8883989552488276), 501997000000, 
-9.13650728020887, 0.9437166994450229, geometry_msgs.msg.Vector3(x=-1.923546876397788, y=0.4165282560273286, z=0.8850912599849552), 502002000000, 
-9.095284325984432, 0.966240898481673, geometry_msgs.msg.Vector3(x=-1.92437760886011, y=0.4171238674655264, z=0.8820852882581826), 502007000000, 
-9.131657103437712, 0.9501502115864264, geometry_msgs.msg.Vector3(x=-1.9254933392617841, y=0.41806729295683553, z=0.8787795715344103), 502012000000, 
-9.10493239266122, 0.979634147286766, geometry_msgs.msg.Vector3(x=-1.9265299699166831, y=0.41844485111015267, z=0.8754905175735466), 502017000000, 
-1.1145676740074766, -0.7332489736861677, -2.999846466568349, 502019000000, 
-9.148816693165378, 0.9835454840596175, geometry_msgs.msg.Vector3(x=-1.9270484619292716, y=0.4190869994003997, z=0.8721165193727981), 502022000000, 
-9.09181706188658, 0.9999466326217495, geometry_msgs.msg.Vector3(x=-1.9281644320052782, y=0.41978169922787373, z=0.8693156944079201), 502027000000, 
-9.161460808510183, 0.9953034751033858, geometry_msgs.msg.Vector3(x=-1.929446433013801, y=0.42034695881559475, z=0.8660019188502003), 502032000000, 
-9.145323860607604, 0.98884996329953, geometry_msgs.msg.Vector3(x=-1.9303687950242454, y=0.4215033416444234, z=0.8633721464131865), 502037000000, 
-9.127765777489286, 1.0106384830705777, geometry_msgs.msg.Vector3(x=-1.9311076447995354, y=0.42190010786212884, z=0.8598182144195652), 502042000000, 
-9.125044572743176, 1.0300188003744974, geometry_msgs.msg.Vector3(x=-1.9324393328023557, y=0.4224647875227248, z=0.8570108924987637), 502047000000, 
-9.149124696421708, 0.997340720931306, geometry_msgs.msg.Vector3(x=-1.9328543985821918, y=0.4232633525270123, z=0.8544858639403937), 502052000000, 
-1.1099359245330307, -0.7328261593909025, -2.908032457151366, 502053000000, 
-9.132617443830865, 1.0582039965201762, geometry_msgs.msg.Vector3(x=-1.9345552860533517, y=0.42385366391711293, z=0.8506793236687763), 502057000000, 
-9.14048363077989, 1.0538010806683284, geometry_msgs.msg.Vector3(x=-1.9352989541436731, y=0.4248296554611246, z=0.8475519795944213), 502062000000, 
-9.120921457699739, 1.0410217591881632, geometry_msgs.msg.Vector3(x=-1.9366025697208427, y=0.4257230079986528, z=0.8449297617917283), 502067000000, 
-9.125401545341093, 1.0797454220156013, geometry_msgs.msg.Vector3(x=-1.9378742358249166, y=0.4263645564434883, z=0.8416961975044526), 502072000000, 
-9.16830109724938, 1.0735191264962287, geometry_msgs.msg.Vector3(x=-1.9385718612463336, y=0.42670526218147287, z=0.8387375331469176), 502077000000, 
-9.151990919972198, 1.080797838021849, geometry_msgs.msg.Vector3(x=-1.9397227875754446, y=0.4275485804183916, z=0.8361359972406137), 502082000000, 
-9.134933091465342, 1.0563646745872308, geometry_msgs.msg.Vector3(x=-1.9409376941256349, y=0.42786685564403165, z=0.8326995167601415), 502087000000, 
-1.1053581502162255, -0.732096921653483, -2.817167359453383, 502087000000, 
-9.177884103172651, 1.0632145325052267, geometry_msgs.msg.Vector3(x=-1.9416424779584662, y=0.4289486876339264, z=0.8297681267177706), 502092000000, 
-9.160428023716332, 1.1220416879644142, geometry_msgs.msg.Vector3(x=-1.9427894203432814, y=0.42946306021845776, z=0.8267425454089197), 502097000000, 
-9.164638889123868, 1.1162122356499213, geometry_msgs.msg.Vector3(x=-1.9437936631647064, y=0.4301656823849918, z=0.8237456871237431), 502102000000, 
-9.195445312185232, 1.1521566042116378, geometry_msgs.msg.Vector3(x=-1.9445542422866386, y=0.4310494936729274, z=0.8209417234809105), 502107000000, 
-9.16033381726502, 1.090189372317242, geometry_msgs.msg.Vector3(x=-1.9452011847492048, y=0.4311932516906976, z=0.8183736850707515), 502112000000, 
-9.174471600754348, 1.1444416649651143, geometry_msgs.msg.Vector3(x=-1.9466013658829402, y=0.4325473927729959, z=0.8135064708268209), 502119000000, 
-9.157036301650592, 1.131424244672086, geometry_msgs.msg.Vector3(x=-1.947394345359395, y=0.4328871221188936, z=0.8112517021214809), 502124000000, 
-1.100854445100478, -0.7310662541600729, -2.7272520509860474, 502121000000, 
-9.174726148092828, 1.1559866903098577, geometry_msgs.msg.Vector3(x=-1.9480378817029653, y=0.43371987527149597, z=0.8080650942594694), 502129000000, 
-9.19519752988184, 1.1816502796347936, geometry_msgs.msg.Vector3(x=-1.949177980428531, y=0.4347806974785652, z=0.8052522582238206), 502134000000, 
-9.1960643923392, 1.1483253536472464, geometry_msgs.msg.Vector3(x=-1.9496565057757211, y=0.43512924072746084, z=0.8020207406574531), 502139000000, 
-9.194145723719343, 1.1986193400575165, geometry_msgs.msg.Vector3(x=-1.9505940371992077, y=0.4361329801692436, z=0.7989965979208223), 502144000000, 
-9.181634200979136, 1.183700645522116, geometry_msgs.msg.Vector3(x=-1.9512782953260357, y=0.4367554092942833, z=0.7962102534140476), 502149000000, 
-9.17225818907063, 1.1844575490697895, geometry_msgs.msg.Vector3(x=-1.9515596601702183, y=0.4379460421965284, z=0.7928010733097441), 502154000000, 
-1.0964466722458714, -0.7297414019662626, -2.6383190744729075, 502155000000, 
-9.197045631354433, 1.2152890810686907, geometry_msgs.msg.Vector3(x=-1.9526532773490302, y=0.4385089587672196, z=0.7898717801422357), 502159000000, 
-9.180735102878366, 1.1945700825003922, geometry_msgs.msg.Vector3(x=-1.953118791501666, y=0.4391750989514827, z=0.7868881555885568), 502164000000, 
-9.172689701029975, 1.21178115522564, geometry_msgs.msg.Vector3(x=-1.9536946699250837, y=0.4400214811026702, z=0.7843771118857048), 502169000000, 
-9.172735957996164, 1.1896251823263482, geometry_msgs.msg.Vector3(x=-1.9544263990053092, y=0.4405528573347591, z=0.7811885532343376), 502174000000, 
-9.165824908449498, 1.20435431683755, geometry_msgs.msg.Vector3(x=-1.955050990343778, y=0.44136635819703746, z=0.7780216912681729), 502179000000, 
-9.176253605373706, 1.2642828871356593, geometry_msgs.msg.Vector3(x=-1.9560481815720934, y=0.4425979174954654, z=0.7736967377750241), 502185000000, 
-1.092155587472206, -0.7281322718473606, -2.550429634116988, 502189000000, 
-9.229493671633081, 1.2503464147916963, geometry_msgs.msg.Vector3(x=-1.956363875755045, y=0.4428976161145061, z=0.7710011329297728), 502190000000, 
-9.18022990505249, 1.227216550832971, geometry_msgs.msg.Vector3(x=-1.9571692291388356, y=0.4437956933299768, z=0.767956730738244), 502195000000, 
-9.168546728342653, 1.239660113237109, geometry_msgs.msg.Vector3(x=-1.9581667810720509, y=0.44402456809842833, z=0.7652390504503986), 502200000000, 
-9.191174931342298, 1.2675029233634152, geometry_msgs.msg.Vector3(x=-1.9593642519713224, y=0.44519945866352484, z=0.7614727383005121), 502205000000, 
-9.17911874831535, 1.2485090799661656, geometry_msgs.msg.Vector3(x=-1.959644401732312, y=0.4463340987246554, z=0.7585329395493166), 502210000000, 
-9.213230282708123, 1.2619052271136377, geometry_msgs.msg.Vector3(x=-1.960628040596191, y=0.4465975399224341, z=0.7554366593650282), 502215000000, 
-9.202598929198603, 1.2813925957515109, geometry_msgs.msg.Vector3(x=-1.9613556782728454, y=0.44731278281366676, z=0.7520167386423504), 502220000000, 
-1.0879984490857209, -0.7262498986041926, -2.463624272979104, 502223000000, 
-9.185092286650956, 1.2872744738379258, geometry_msgs.msg.Vector3(x=-1.9622834662211641, y=0.4484216995399184, z=0.7492324490296218), 502225000000, 
-9.186040984089374, 1.274013433489449, geometry_msgs.msg.Vector3(x=-1.962734178091589, y=0.4488252686013935, z=0.7462058183239467), 502230000000, 
-9.19128550167825, 1.2757405063691445, geometry_msgs.msg.Vector3(x=-1.9639173627975648, y=0.4496167515754387, z=0.7431942585145437), 502235000000, 
-9.210118184932782, 1.3037901787574298, geometry_msgs.msg.Vector3(x=-1.9649947001256896, y=0.4505213593995646, z=0.7405985370605572), 502240000000, 
-9.20453155868731, 1.309958834781632, geometry_msgs.msg.Vector3(x=-1.9658833831306626, y=0.45079767309396784, z=0.737165792218242), 502245000000, 
-9.186655173134243, 1.3374914277185141, geometry_msgs.msg.Vector3(x=-1.9668285783507828, y=0.45197221125483644, z=0.7335059955099639), 502250000000, 
-9.200516522272489, 1.310736608154199, geometry_msgs.msg.Vector3(x=-1.9678859043169157, y=0.45239129863543037, z=0.7307278540543665), 502255000000, 
-1.0839897441953963, -0.7241047875968736, -2.3778814632936545, 502257000000, 
-9.175377278589917, 1.2859383097873462, geometry_msgs.msg.Vector3(x=-1.9688277237723426, y=0.4534909955379573, z=0.7280687787983242), 502260000000, 
-9.225517633521948, 1.3190274309797538, geometry_msgs.msg.Vector3(x=-1.9695588507911268, y=0.4545230404320521, z=0.7249062585661697), 502265000000, 
-9.18322306318797, 1.298886986110202, geometry_msgs.msg.Vector3(x=-1.9705603572734227, y=0.4547310314424434, z=0.7221274277845356), 502270000000, 
-9.246632852796836, 1.3254583036433376, geometry_msgs.msg.Vector3(x=-1.9713031690694323, y=0.45573785175290504, z=0.7190943876414125), 502275000000, 
-9.223595300231771, 1.3559564723621793, geometry_msgs.msg.Vector3(x=-1.9721979926122282, y=0.4558966657741305, z=0.7160977498610251), 502280000000, 
-9.20039210234764, 1.326173640577504, geometry_msgs.msg.Vector3(x=-1.9730063874969503, y=0.4568833603958598, z=0.7131953843122084), 502285000000, 
-9.235763571303414, 1.3324954349464078, geometry_msgs.msg.Vector3(x=-1.9743717583316822, y=0.45780659455941913, z=0.7104558190826677), 502290000000, 
-1.0801440027879328, -0.7217071810908618, -2.29312879684222, 502291000000, 
-9.209047341811956, 1.3156067589712566, geometry_msgs.msg.Vector3(x=-1.9753387220841623, y=0.45811200707737065, z=0.7074109016481939), 502295000000, 
-9.21316802051976, 1.3391848318728208, geometry_msgs.msg.Vector3(x=-1.9758698426817012, y=0.4587415987170367, z=0.7046777481049008), 502300000000, 
-9.230154996576353, 1.3516933591698808, geometry_msgs.msg.Vector3(x=-1.9770289864048591, y=0.45978229616671246, z=0.7013548211602578), 502305000000, 
-9.22223503090997, 1.3540305848203018, geometry_msgs.msg.Vector3(x=-1.9773798202759585, y=0.46076625226654844, z=0.6984030666775807), 502310000000, 
-9.228027152794159, 1.34566516925143, geometry_msgs.msg.Vector3(x=-1.9781734599377248, y=0.46145523532711924, z=0.6960585697195325), 502315000000, 
-9.239062147296544, 1.383466161871304, geometry_msgs.msg.Vector3(x=-1.9789727276962452, y=0.46224990021145224, z=0.6929576112327278), 502320000000, 
-9.219521090846285, 1.3453203802098084, geometry_msgs.msg.Vector3(x=-1.9797103758410413, y=0.46282798842046996, z=0.6899299579913625), 502325000000, 
-1.0764773694498029, -0.7190688838974423, -2.2092938989419597, 502325000000, 
-9.230510280846174, 1.3566825566010408, geometry_msgs.msg.Vector3(x=-1.980231766156837, y=0.4639696288038718, z=0.6869619305243887), 502330000000, 
-9.21408726738338, 1.382947095558071, geometry_msgs.msg.Vector3(x=-1.98135755524684, y=0.46420187747386177, z=0.6843946468909986), 502335000000, 
-9.215703683608751, 1.3661184007518439, geometry_msgs.msg.Vector3(x=-1.9818407148571031, y=0.4650441176087017, z=0.681226132177311), 502340000000, 
-9.23115364725117, 1.368074176146206, geometry_msgs.msg.Vector3(x=-1.9825180269250269, y=0.46559653472506823, z=0.6780994359906279), 502345000000, 
-9.21482828488806, 1.3441913979753917, geometry_msgs.msg.Vector3(x=-1.983383349625949, y=0.4668062079739759, z=0.6755574167311872), 502350000000, 
-9.209686256483463, 1.3540397065596712, geometry_msgs.msg.Vector3(x=-1.9833742826086902, y=0.4675938614838981, z=0.672300482462792), 502355000000, 
-1.0730062752841256, -0.7162043052022641, -2.1263408710214717, 502359000000, 
-9.242764326051368, 1.369118786355891, geometry_msgs.msg.Vector3(x=-1.9843272261563045, y=0.4680841192963515, z=0.669155285946793), 502360000000, 
-9.222574437008499, 1.3917765563385638, geometry_msgs.msg.Vector3(x=-1.9850688582852063, y=0.4689732178362415, z=0.6666330010586254), 502365000000, 
-9.215573980863986, 1.357302327698472, geometry_msgs.msg.Vector3(x=-1.9851319598456798, y=0.469896660314428, z=0.6631474451163658), 502370000000, 
-9.211986466575482, 1.4031239743036081, geometry_msgs.msg.Vector3(x=-1.986318299350193, y=0.4704214089916785, z=0.6605580139251876), 502377000000, 
-9.230278407215641, 1.375732141233715, geometry_msgs.msg.Vector3(x=-1.9870682926697405, y=0.47179667906571343, z=0.6560376586035627), 502382000000, 
-9.230095943364764, 1.3860723030436175, geometry_msgs.msg.Vector3(x=-1.9874674932623193, y=0.4725355803869968, z=0.6530365302530349), 502387000000, 
-9.220650925987439, 1.3798243448616276, geometry_msgs.msg.Vector3(x=-1.9883425010161357, y=0.47341888732706705, z=0.6500071369896999), 502392000000, 
-1.0697449868000257, -0.7131293649262958, -2.0442570349002427, 502393000000, 
-9.246042450168988, 1.413030900639946, geometry_msgs.msg.Vector3(x=-1.988918986229516, y=0.4740373835641914, z=0.6466841361233239), 502397000000, 
-9.266193931214216, 1.412121696148209, geometry_msgs.msg.Vector3(x=-1.9895745776680394, y=0.47489186987780607, z=0.6440640046590551), 502402000000, 
-9.23299597632237, 1.3820691473723996, geometry_msgs.msg.Vector3(x=-1.9902998612949125, y=0.47559682028102845, z=0.6409891610965331), 502407000000, 
-9.230258585714768, 1.4117231466385456, geometry_msgs.msg.Vector3(x=-1.9911288129210634, y=0.4762906746691991, z=0.6375892414094124), 502412000000, 
-9.266588438778594, 1.4246270561421075, geometry_msgs.msg.Vector3(x=-1.9915291148521252, y=0.47711895940947285, z=0.6345264635905921), 502417000000, 
-9.262505795635569, 1.366430864668425, geometry_msgs.msg.Vector3(x=-1.9928351864197222, y=0.47795129063864167, z=0.6316660111408569), 502422000000, 
-9.267431804845286, 1.4297444908063992, geometry_msgs.msg.Vector3(x=-1.993367759227161, y=0.47834977202103796, z=0.6285747301924118), 502427000000, 
-1.0667048460966917, -0.7098595987106996, -1.9630102931058055, 502427000000, 
-9.232639162778169, 1.4265030721619725, geometry_msgs.msg.Vector3(x=-1.9943110976507072, y=0.47946066957227695, z=0.6258616842250603), 502432000000, 
-9.243760363261993, 1.4326345294509997, geometry_msgs.msg.Vector3(x=-1.9949012341448744, y=0.4800558511118884, z=0.6226871989613103), 502437000000, 
-9.272920434324622, 1.4259371830066432, geometry_msgs.msg.Vector3(x=-1.9958463164732378, y=0.4811650631058614, z=0.6196967497430369), 502442000000, 
-9.237950877514066, 1.4248239748718743, geometry_msgs.msg.Vector3(x=-1.9960755750057972, y=0.4812890192653077, z=0.6168992643325897), 502447000000, 
-9.251927373729764, 1.4513297619616223, geometry_msgs.msg.Vector3(x=-1.9974499201509324, y=0.4826508139699437, z=0.6135203138849281), 502452000000, 
-9.285729051291174, 1.406048601258534, geometry_msgs.msg.Vector3(x=-1.9983020783239358, y=0.4830390441793335, z=0.6107254580692083), 502457000000, 
-1.06389567990628, -0.7064097110383896, -1.8825260837137077, 502461000000, 
-9.24644476803561, 1.4136833215847873, geometry_msgs.msg.Vector3(x=-1.9989323493088793, y=0.4842378955451977, z=0.6076269168904638), 502462000000, 
-9.251840945279273, 1.425230169119801, geometry_msgs.msg.Vector3(x=-1.999732212935987, y=0.48483117555932914, z=0.6043621614648919), 502467000000, 
-9.227927333363242, 1.4082623654607527, geometry_msgs.msg.Vector3(x=-2.0005595728998413, y=0.4857932797580366, z=0.6018389758151639), 502472000000, 
-9.293743630612045, 1.414332862930483, geometry_msgs.msg.Vector3(x=-2.0009301823595735, y=0.4862438783831549, z=0.5983949874460895), 502477000000, 
-9.265299205782108, 1.4066405530059132, geometry_msgs.msg.Vector3(x=-2.0018680448101738, y=0.4867678976812364, z=0.5958695168506603), 502482000000, 
-9.278714311929624, 1.4327301154307668, geometry_msgs.msg.Vector3(x=-2.0026049562940824, y=0.4878555738959271, z=0.5927251758683355), 502487000000, 
-9.273990523306622, 1.4425350620778132, geometry_msgs.msg.Vector3(x=-2.003348971318197, y=0.4890639598080001, z=0.5899823079397544), 502492000000, 
-1.0613273253438553, -0.7027948782986695, -1.8027055086613137, 502495000000, 
-9.25376832937321, 1.4088600318596383, geometry_msgs.msg.Vector3(x=-2.0041288837256914, y=0.4895779423241475, z=0.5867689869619958), 502497000000, 
-9.298434103824645, 1.4445084515374171, geometry_msgs.msg.Vector3(x=-2.0047015022904744, y=0.49008150858324945, z=0.5839965441261962), 502502000000, 
-9.276754796838492, 1.403144420057803, geometry_msgs.msg.Vector3(x=-2.00570797789316, y=0.4913100624652565, z=0.580723464080303), 502507000000, 
-9.282614873813284, 1.4239731431191534, geometry_msgs.msg.Vector3(x=-2.006230252227735, y=0.49158928384428924, z=0.5783073921698731), 502512000000, 
-9.2719620135107, 1.4211145078529026, geometry_msgs.msg.Vector3(x=-2.006852942977105, y=0.4929896424204368, z=0.5750111795589792), 502517000000, 
-9.31508843340786, 1.4041961856861178, geometry_msgs.msg.Vector3(x=-2.0073828525806428, y=0.49366397000249695, z=0.5717917759124768), 502522000000, 
-9.27241350254941, 1.4653219748868593, geometry_msgs.msg.Vector3(x=-2.007959511866604, y=0.4944230003159309, z=0.5690630279368133), 502527000000, 
-1.059009516130263, -0.6990319258243793, -1.7234585677365952, 502529000000, 
-9.305876397956755, 1.4132376045222486, geometry_msgs.msg.Vector3(x=-2.0090598367975585, y=0.49519437883804507, z=0.5661704190343205), 502532000000, 
-9.302063643337156, 1.4037327324704483, geometry_msgs.msg.Vector3(x=-2.009777873563453, y=0.49595375026843197, z=0.5631264905788206), 502537000000, 
-9.26242959056672, 1.388798533874055, geometry_msgs.msg.Vector3(x=-2.0102864487831495, y=0.49713890273359074, z=0.5602098609284958), 502542000000, 
-9.260532073306964, 1.4375955346403624, geometry_msgs.msg.Vector3(x=-2.0109440629022095, y=0.4977054015375478, z=0.5572389313662821), 502547000000, 
-9.273099358000563, 1.4406396574033056, geometry_msgs.msg.Vector3(x=-2.0114165405463154, y=0.49844539992218406, z=0.5538721421487248), 502552000000, 
-9.326666704064712, 1.4375968250574684, geometry_msgs.msg.Vector3(x=-2.0117167440503176, y=0.49918107219749996, z=0.5506810063273148), 502557000000, 
-9.285356943146255, 1.4203703967955117, geometry_msgs.msg.Vector3(x=-2.0126816079970893, y=0.4999167966737929, z=0.548002252438823), 502562000000, 
-1.0569506814481173, -0.695138880008117, -1.644713555283822, 502563000000, 
-9.320823338471833, 1.4304939891385335, geometry_msgs.msg.Vector3(x=-2.0135109639388595, y=0.5005266461008551, z=0.5448666173042627), 502567000000, 
-9.289970467058625, 1.4152929616886787, geometry_msgs.msg.Vector3(x=-2.0135197822758935, y=0.5008951466330689, z=0.5429693960523325), 502572000000, 
-9.321040480852123, 1.4297026296423554, geometry_msgs.msg.Vector3(x=-2.0148500638355653, y=0.5025243053592622, z=0.5382532657272457), 502577000000, 
-9.304330200941662, 1.428959628719866, geometry_msgs.msg.Vector3(x=-2.0148396380924702, y=0.5032747495935244, z=0.5357949158903971), 502582000000, 
-9.333060056569481, 1.3955772878597164, geometry_msgs.msg.Vector3(x=-2.015837873458134, y=0.5041304188273905, z=0.5332183328452273), 502587000000, 
-9.320133511798687, 1.3957383927046623, geometry_msgs.msg.Vector3(x=-2.016598980873375, y=0.5047611611308812, z=0.5302297164313006), 502592000000, 
-9.331694418860787, 1.398585644718563, geometry_msgs.msg.Vector3(x=-2.017193887792033, y=0.5056088387531983, z=0.5270240808793275), 502597000000, 
-1.0551573821698648, -0.6911336619103188, -1.5663966203267563, 502597000000, 
-9.298609289800913, 1.4158160218071254, geometry_msgs.msg.Vector3(x=-2.0180070019929364, y=0.5058524126692356, z=0.5242940420316309), 502602000000, 
-9.341912882791021, 1.404953722646775, geometry_msgs.msg.Vector3(x=-2.0188027046163066, y=0.5071813111114242, z=0.5207311516839377), 502607000000, 
-9.32859778839004, 1.4149969473074326, geometry_msgs.msg.Vector3(x=-2.0192817272211827, y=0.5081316321919974, z=0.5177793086793552), 502612000000, 
-9.36231192340538, 1.4155824362773448, geometry_msgs.msg.Vector3(x=-2.019883016752762, y=0.509037481304404, z=0.5144202022489874), 502617000000, 
-9.335602211704817, 1.412787016847162, geometry_msgs.msg.Vector3(x=-2.020761286468013, y=0.5099470157862518, z=0.5121253684697042), 502622000000, 
-9.34982141529585, 1.3912802139974512, geometry_msgs.msg.Vector3(x=-2.021536955880611, y=0.510871919121231, z=0.5091099240986916), 502627000000, 
-1.0536348736352998, -0.6870337271027779, -1.4884117450190368, 502631000000, 
-9.371658537983, 1.3738274761048819, geometry_msgs.msg.Vector3(x=-2.0219544164638474, y=0.5116583946574345, z=0.5055290491475309), 502632000000, 
-9.33581620787803, 1.3729275943854675, geometry_msgs.msg.Vector3(x=-2.0234491677878026, y=0.5136086082647447, z=0.49712844034784504), 502645000000, 
-9.369223268816924, 1.382403460444973, geometry_msgs.msg.Vector3(x=-2.024131206234165, y=0.5143074658186683, z=0.4948983336430191), 502650000000, 
-9.368038350498267, 1.4063903050884883, geometry_msgs.msg.Vector3(x=-2.0247167982101275, y=0.5152584023746187, z=0.49197976595366), 502655000000, 
-9.34296027633267, 1.3747687818667027, geometry_msgs.msg.Vector3(x=-2.025400256845342, y=0.5163765024510824, z=0.488428494998255), 502660000000, 
-1.0523876668417849, -0.6828569330691359, -1.410646469396197, 502665000000, 
-9.344398110352993, 1.4084121869336899, geometry_msgs.msg.Vector3(x=-2.025784801829721, y=0.517039479895455, z=0.48612324912063515), 502665000000, 
-9.35005777840115, 1.3865211322048203, geometry_msgs.msg.Vector3(x=-2.026595604128478, y=0.5176462552041953, z=0.48293389871728776), 502670000000, 
-9.326765026230941, 1.3594195819367156, geometry_msgs.msg.Vector3(x=-2.027567333054372, y=0.5186392281776248, z=0.48014646914380205), 502675000000, 
-9.36729366501066, 1.3898476181726678, geometry_msgs.msg.Vector3(x=-2.027794775349462, y=0.5196111261223407, z=0.4769548219727634), 502680000000, 
-9.380471843875037, 1.3577760239937866, geometry_msgs.msg.Vector3(x=-2.0283384306747374, y=0.5202607757262314, z=0.4742143893131571), 502685000000, 
-9.390658243257576, 1.383326389225782, geometry_msgs.msg.Vector3(x=-2.0286808557210305, y=0.5211039905003243, z=0.47057338577661983), 502690000000, 
-9.367766989344293, 1.3865100593658242, geometry_msgs.msg.Vector3(x=-2.0292345939230287, y=0.5220181753772842, z=0.4679196177665863), 502695000000, 
-1.0514191974293379, -0.6786220744054663, -1.3329921604213322, 502699000000, 
-9.388143834986769, 1.3795555518803075, geometry_msgs.msg.Vector3(x=-2.030270936972694, y=0.5228191802464907, z=0.46477781940130186), 502700000000, 
-9.38381701557626, 1.3647919506960537, geometry_msgs.msg.Vector3(x=-2.031044881977313, y=0.5240737342032353, z=0.45937952304065605), 502708000000, 
-9.375172006838225, 1.346321523566251, geometry_msgs.msg.Vector3(x=-2.031509655006361, y=0.5247743698182596, z=0.4572105422575867), 502713000000, 
-9.372085151814453, 1.3587492371804955, geometry_msgs.msg.Vector3(x=-2.0321170164923927, y=0.5256607566121303, z=0.4537807072868316), 502718000000, 
-9.406944876642916, 1.3797668212219152, geometry_msgs.msg.Vector3(x=-2.032689898126833, y=0.52670594966495, z=0.45043136883057733), 502723000000, 
-9.383849905846704, 1.3752476950485386, geometry_msgs.msg.Vector3(x=-2.0330863451045014, y=0.5273900530157908, z=0.4476027546414868), 502728000000, 
-9.383542211032246, 1.3582083253225088, geometry_msgs.msg.Vector3(x=-2.033523739423211, y=0.5285106592100693, z=0.44475663062845744), 502733000000, 
-1.0507312399004425, -0.6743480003631207, -1.2553463178071782, 502733000000, 
-9.367695692283435, 1.3446887943994545, geometry_msgs.msg.Vector3(x=-2.0343749398241116, y=0.5296043963699021, z=0.4418353616220891), 502738000000, 
-9.424320590982324, 1.3239514284347156, geometry_msgs.msg.Vector3(x=-2.0350540262840124, y=0.5303666514910349, z=0.43836354613966616), 502743000000, 
-9.385982165038993, 1.3645159382421863, geometry_msgs.msg.Vector3(x=-2.035600498570689, y=0.5308290094072678, z=0.43509652231222895), 502748000000, 
-9.413602670132398, 1.3317686212492699, geometry_msgs.msg.Vector3(x=-2.0362168646382046, y=0.5323370483975535, z=0.43231717856172225), 502753000000, 
-9.396155878623517, 1.3004921669192753, geometry_msgs.msg.Vector3(x=-2.0366136190572663, y=0.532865341073077, z=0.42906930268688864), 502758000000, 
-9.419062467754477, 1.3139049786531922, geometry_msgs.msg.Vector3(x=-2.037312921410942, y=0.5335095705800688, z=0.4260361486209242), 502763000000, 
-1.0503241530430774, -0.6700523974498244, -1.1775866218163642, 502767000000, 
-9.442427702232997, 1.3493596935052676, geometry_msgs.msg.Vector3(x=-2.0384444653980527, y=0.534372167303097, z=0.422674799762443), 502768000000, 
-9.391661732237429, 1.2949528500485898, geometry_msgs.msg.Vector3(x=-2.038824755652572, y=0.5360230861062568, z=0.41914993222581187), 502773000000, 
-9.43131773281912, 1.3242937598731566, geometry_msgs.msg.Vector3(x=-2.038968765909199, y=0.5361603747535989, z=0.4167543491276296), 502778000000, 
-9.424183894774272, 1.2996798712137536, geometry_msgs.msg.Vector3(x=-2.0398120773423307, y=0.5367602240791394, z=0.41394124078135697), 502783000000, 
-9.441430672826531, 1.3412076502918242, geometry_msgs.msg.Vector3(x=-2.0407763293409213, y=0.5381111758118241, z=0.4110605735727246), 502788000000, 
-9.430027223976158, 1.3521417273925467, geometry_msgs.msg.Vector3(x=-2.041538445766695, y=0.5388670858351544, z=0.40739871911136133), 502793000000, 
-9.450746354738193, 1.3134785852931417, geometry_msgs.msg.Vector3(x=-2.0425984221446463, y=0.5397636461537226, z=0.40507070359943353), 502798000000, 
-1.0501977240068525, -0.6657520785614697, -1.099545508146332, 502801000000, 
-9.455064735927012, 1.303325151200644, geometry_msgs.msg.Vector3(x=-2.0427712457534706, y=0.5406929761180338, z=0.40145112220197093), 502803000000, 
-9.444430639511237, 1.3196440061658634, geometry_msgs.msg.Vector3(x=-2.0431971377037663, y=0.5414750053515229, z=0.3984278102298062), 502808000000, 
-9.454546332245116, 1.285295744844696, geometry_msgs.msg.Vector3(x=-2.043992699886238, y=0.5423986424467854, z=0.39562675087802707), 502813000000, 
-9.423675190156102, 1.2795674472612826, geometry_msgs.msg.Vector3(x=-2.0446028904546334, y=0.5433305965434609, z=0.39247147871751425), 502818000000, 
-9.43350652550417, 1.2949354745776167, geometry_msgs.msg.Vector3(x=-2.045358572194958, y=0.5441284626003413, z=0.3893862732582488), 502823000000, 
-9.422124880199396, 1.2780722256949804, geometry_msgs.msg.Vector3(x=-2.0454044267122597, y=0.5452607896134841, z=0.38637338380454134), 502828000000, 
-9.46257236485016, 1.2563861018622025, geometry_msgs.msg.Vector3(x=-2.046595073327347, y=0.5461575372116954, z=0.38323036276865485), 502833000000, 
-1.050351299989838, -0.661464679540259, -1.0210183756048186, 502835000000, 
-9.472798282967677, 1.2551879053850237, geometry_msgs.msg.Vector3(x=-2.0467483090093443, y=0.5467199077954306, z=0.38027994688152134), 502838000000, 
-9.471120712966243, 1.2626391923794889, geometry_msgs.msg.Vector3(x=-2.047057918398699, y=0.5474890197010752, z=0.3792668533802146), 502843000000, 
-9.472025478794466, 1.285406549248378, geometry_msgs.msg.Vector3(x=-2.047700239688166, y=0.5493618583604052, z=0.37310860126281187), 502849000000, 
-9.467536327729094, 1.267475726937442, geometry_msgs.msg.Vector3(x=-2.048934261076333, y=0.5495460571688127, z=0.37085191808929074), 502854000000, 
-9.43943486579004, 1.295974441762015, geometry_msgs.msg.Vector3(x=-2.0486726081070317, y=0.5507297870608038, z=0.36723697901327174), 502859000000, 
-9.4619409449935, 1.2549139541131216, geometry_msgs.msg.Vector3(x=-2.049553965125318, y=0.5516636815383286, z=0.3643965142196772), 502864000000, 
-9.487098520588296, 1.25117870708261, geometry_msgs.msg.Vector3(x=-2.049482292341914, y=0.5528553008342597, z=0.3612842955190126), 502869000000, 
-1.0507827762346627, -0.6572095282710523, -0.941799103602236, 502869000000, 
-9.459098189686893, 1.22348576382398, geometry_msgs.msg.Vector3(x=-2.050060446594818, y=0.55372970085014, z=0.35831040075734144), 502874000000, 
-9.466875657247172, 1.2105612037262417, geometry_msgs.msg.Vector3(x=-2.0500624652603703, y=0.5544021095220993, z=0.35515941340443363), 502879000000, 
-9.46689645065306, 1.2599663609300942, geometry_msgs.msg.Vector3(x=-2.0506814590044966, y=0.5555672078366705, z=0.35155015969832354), 502884000000, 
-9.495277909344281, 1.2628050208500536, geometry_msgs.msg.Vector3(x=-2.0513953596229375, y=0.5564602646631255, z=0.3485505759376312), 502889000000, 
-9.4991383703539, 1.2451041442821373, geometry_msgs.msg.Vector3(x=-2.0516352485340934, y=0.5577119929361031, z=0.34560700699245084), 502894000000, 
-9.510654096265123, 1.210755138933997, geometry_msgs.msg.Vector3(x=-2.052130651688494, y=0.5585468210328345, z=0.3425956255087433), 502899000000, 
-1.0514877665379412, -0.6530061600143499, -0.8616964671053738, 502903000000, 
-9.472814567688292, 1.2575521673989156, geometry_msgs.msg.Vector3(x=-2.052138998531278, y=0.5592877717423017, z=0.33923222409261344), 502904000000, 
-9.4876663073666, 1.2014791761510077, geometry_msgs.msg.Vector3(x=-2.0522844209715125, y=0.5596543999175124, z=0.3382918144643681), 502909000000, 
-9.51123526761336, 1.2122044938051642, geometry_msgs.msg.Vector3(x=-2.053050058735444, y=0.5616847546506244, z=0.3313157549113979), 502915000000, 
-9.501012926081886, 1.2218365637623991, geometry_msgs.msg.Vector3(x=-2.053716296607657, y=0.5627375528934337, z=0.3291300111948674), 502920000000, 
-9.514174019612428, 1.2119810362518302, geometry_msgs.msg.Vector3(x=-2.054388778934554, y=0.5634206904843193, z=0.32621918123365284), 502925000000, 
-9.532086858593528, 1.2237365761275063, geometry_msgs.msg.Vector3(x=-2.0545991766369007, y=0.5646529632029328, z=0.3227676546282118), 502930000000, 
-9.511369535414257, 1.2094121142801715, geometry_msgs.msg.Vector3(x=-2.0549061419531864, y=0.5655486246220813, z=0.31911468011646116), 502935000000, 
-1.0524602959410392, -0.6488719207967993, -0.7804989742915759, 502937000000, 
-9.513199585625895, 1.2177267513863386, geometry_msgs.msg.Vector3(x=-2.0553293526276795, y=0.5660177578470237, z=0.3161595445096369), 502940000000, 
-9.515511851719195, 1.2022903747637461, geometry_msgs.msg.Vector3(x=-2.0562215344076566, y=0.5670225091213339, z=0.3128362129681387), 502945000000, 
-9.522374107483378, 1.1773015116455081, geometry_msgs.msg.Vector3(x=-2.056195472248454, y=0.5680232334627032, z=0.3096989518263622), 502950000000, 
-9.526528227448539, 1.1828777972258806, geometry_msgs.msg.Vector3(x=-2.0572527323849217, y=0.5693205771435237, z=0.30628789957618896), 502955000000, 
-9.520561236710119, 1.190015468794856, geometry_msgs.msg.Vector3(x=-2.0577247889965946, y=0.5703729235967724, z=0.30340413940067057), 502960000000, 
-9.554661862994772, 1.1394931811878046, geometry_msgs.msg.Vector3(x=-2.0579972029244615, y=0.5708830818223619, z=0.30016032658456426), 502965000000, 
-1.0536943829694245, -0.6448215339064985, -0.6979099545759124, 502971000000, 
-9.549521449058414, 1.1475510579304655, geometry_msgs.msg.Vector3(x=-2.0585853423001508, y=0.5720420177199926, z=0.2970080518462844), 502971000000, 
-9.530942414029525, 1.1212306492205266, geometry_msgs.msg.Vector3(x=-2.0593897808600623, y=0.5730119682542166, z=0.29281031874902363), 502976000000, 
-9.56023502125913, 1.1421456871341902, geometry_msgs.msg.Vector3(x=-2.0600391450269373, y=0.5742307513018053, z=0.2897476036938547), 502981000000, 
-9.546523898508848, 1.1495624290661692, geometry_msgs.msg.Vector3(x=-2.060738197262325, y=0.5748671656676867, z=0.28662510807471336), 502986000000, 
-9.526853147873645, 1.1287056762784518, geometry_msgs.msg.Vector3(x=-2.061262595200515, y=0.5762633317142162, z=0.283707167445138), 502991000000, 
-9.574771700227755, 1.1445048570501637, geometry_msgs.msg.Vector3(x=-2.061798166004117, y=0.5771488174370109, z=0.28036992546182987), 502996000000, 
-9.57896795654902, 1.1531392018691213, geometry_msgs.msg.Vector3(x=-2.0627021558795944, y=0.5781416228270687, z=0.27705046814177714), 503001000000, 
-1.055184459328541, -0.6408693169819589, -0.6135120603938101, 503005000000, 
-9.573637119141145, 1.1217272053359806, geometry_msgs.msg.Vector3(x=-2.0632997467501797, y=0.5791041835181143, z=0.2741927599308748), 503006000000, 
-9.571536250557536, 1.1204573945439322, geometry_msgs.msg.Vector3(x=-2.0632582021308346, y=0.5801374932826826, z=0.2712338400548407), 503011000000, 
-9.53085030996032, 1.1365506430816257, geometry_msgs.msg.Vector3(x=-2.064306596791301, y=0.5806282127421093, z=0.26838462765160226), 503016000000, 
-9.59919036611917, 1.0883031454962362, geometry_msgs.msg.Vector3(x=-2.064849802272966, y=0.5825044508449294, z=0.2650770098081895), 503021000000, 
-9.602550489977885, 1.1066502264676805, geometry_msgs.msg.Vector3(x=-2.064915353491712, y=0.5828912423146719, z=0.261912176954322), 503026000000, 
-9.605955840735566, 1.0749573651135385, geometry_msgs.msg.Vector3(x=-2.065479299695176, y=0.5840288868676244, z=0.25901974393103977), 503031000000, 
-9.59885713904354, 1.0747943924952486, geometry_msgs.msg.Vector3(x=-2.066024619772065, y=0.5850769907421467, z=0.25573772522367494), 503036000000, 
-1.0569238751266492, -0.6370314820828549, -0.526790280405847, 503039000000, 
-9.590898728398283, 1.060716765710975, geometry_msgs.msg.Vector3(x=-2.0660491491506927, y=0.5864338203065752, z=0.2518638217181182), 503041000000, 
-9.609139541599573, 1.071872101184618, geometry_msgs.msg.Vector3(x=-2.067128923970216, y=0.5872161768017485, z=0.24924062566409327), 503046000000, 
-9.593515784051696, 1.0683411193543515, geometry_msgs.msg.Vector3(x=-2.066910473064305, y=0.5883131695352756, z=0.24658477689595926), 503051000000, 
-9.599373449677826, 1.0560911561779462, geometry_msgs.msg.Vector3(x=-2.06730885529394, y=0.5889350676193321, z=0.24366955977149118), 503056000000, 
-9.59563086113121, 1.1011846509920231, geometry_msgs.msg.Vector3(x=-2.0673553372126827, y=0.5904985136046845, z=0.2402537616289145), 503061000000, 
-9.583650080407836, 1.0403730024127487, geometry_msgs.msg.Vector3(x=-2.067863803154116, y=0.5914704300398324, z=0.2369735100747173), 503066000000, 
-9.607355876378875, 1.0411267316754322, geometry_msgs.msg.Vector3(x=-2.0678036414068264, y=0.5925177748481472, z=0.23401663035306502), 503071000000, 
-1.0589032578568418, -0.633325702134008, -0.437174459238368, 503073000000, 
-9.627489871231594, 1.0708685800199946, geometry_msgs.msg.Vector3(x=-2.068017119492592, y=0.5934536680813561, z=0.2309234787501643), 503076000000, 
-9.628285808404549, 1.063455022812529, geometry_msgs.msg.Vector3(x=-2.06824263560469, y=0.5946118581768335, z=0.22760511222161386), 503081000000, 
-9.60672702610456, 1.0674319261102103, geometry_msgs.msg.Vector3(x=-2.0685931442840024, y=0.5956803889747411, z=0.22380632733708555), 503086000000, 
-9.637859326824035, 1.0301410395911208, geometry_msgs.msg.Vector3(x=-2.0689566576216314, y=0.5967750743316103, z=0.22114057380786364), 503091000000, 
-9.670693576332841, 1.0272208265121543, geometry_msgs.msg.Vector3(x=-2.0688594796420428, y=0.5979029964298267, z=0.21770323508987097), 503096000000, 
-9.634976942460556, 1.0153649773889468, geometry_msgs.msg.Vector3(x=-2.0691892209591676, y=0.598759539940532, z=0.21459023381400463), 503101000000, 
-9.639741786894755, 1.04017956697544, geometry_msgs.msg.Vector3(x=-2.069131699327125, y=0.6000294070697424, z=0.21030968532414487), 503106000000, 
-1.0611109135445118, -0.6297683195662686, -0.34403110220359445, 503107000000, 
-9.631525801825978, 1.0566982265118576, geometry_msgs.msg.Vector3(x=-2.0694510694439767, y=0.6009677102597379, z=0.20751129688656547), 503111000000, 
-9.652306386280527, 0.9794972014433977, geometry_msgs.msg.Vector3(x=-2.069448480454748, y=0.6022950165768969, z=0.2043725297465352), 503116000000, 
-9.653041108484727, 1.0208538769270392, geometry_msgs.msg.Vector3(x=-2.0700861920412423, y=0.6034029008233532, z=0.2009125292573025), 503121000000, 
-9.674427655163413, 0.999915016671521, geometry_msgs.msg.Vector3(x=-2.070584639323672, y=0.604294714310881, z=0.19792650037143394), 503126000000, 
-9.658121343519515, 1.0257240824884881, geometry_msgs.msg.Vector3(x=-2.070514691711285, y=0.6051472235778503, z=0.1941278475095021), 503131000000, 
-9.65749369307643, 1.0146063219592074, geometry_msgs.msg.Vector3(x=-2.0702988095343233, y=0.6066128499322303, z=0.19095590230558857), 503136000000, 
-9.651893028521444, 0.968978254042476, geometry_msgs.msg.Vector3(x=-2.0713245562898486, y=0.6074202998644561, z=0.1873191974499634), 503141000000, 
-1.0635350521024978, -0.6263724019097872, -0.24657257300640503, 503141000000, 
-9.659621354932304, 1.0024848577284413, geometry_msgs.msg.Vector3(x=-2.0714251760378852, y=0.6089331921000903, z=0.18448884499883372), 503146000000, 
-9.669620695182427, 0.97932293204264, geometry_msgs.msg.Vector3(x=-2.071545172800147, y=0.6100580577942658, z=0.18104178104960256), 503151000000, 
-9.671250777598157, 0.9929001726282249, geometry_msgs.msg.Vector3(x=-2.071766112417525, y=0.6111182468835326, z=0.1777722550938178), 503156000000, 
-9.675241461554732, 0.9697769328742099, geometry_msgs.msg.Vector3(x=-2.0726785989884315, y=0.6117018569831593, z=0.17466091923910587), 503161000000, 
-9.701066079743436, 0.9850546558187846, geometry_msgs.msg.Vector3(x=-2.07311521508185, y=0.6131566640433099, z=0.17110833156592037), 503166000000, 
-9.693681070326324, 0.9883646398998428, geometry_msgs.msg.Vector3(x=-2.073142918642529, y=0.614474904795038, z=0.1680873186596118), 503171000000, 
-1.0661651894158717, -0.6231487661928503, -0.14373594096140474, 503175000000, 
-9.646919432378718, 0.968816466802614, geometry_msgs.msg.Vector3(x=-2.073784014250654, y=0.61548300688395, z=0.1639758207339408), 503176000000, 
-9.702758785733725, 0.940110209346937, geometry_msgs.msg.Vector3(x=-2.074233163975446, y=0.6166035616815865, z=0.16153875840028692), 503181000000, 
-9.72476654743137, 0.9683194844141348, geometry_msgs.msg.Vector3(x=-2.074411444925152, y=0.6177650191544567, z=0.15828067188471578), 503186000000, 
-9.674477395681834, 0.9353200123740499, geometry_msgs.msg.Vector3(x=-2.074812901883437, y=0.6186711911471892, z=0.15503521937482745), 503191000000, 
-9.698162724931217, 0.9223867939107576, geometry_msgs.msg.Vector3(x=-2.0754286699737614, y=0.6198325829161202, z=0.15200669816338186), 503196000000, 
-9.694560203011724, 0.9327508550786019, geometry_msgs.msg.Vector3(x=-2.07560102064451, y=0.6206275322679203, z=0.1487861294722033), 503201000000, 
-9.709563554484651, 0.9108671108991256, geometry_msgs.msg.Vector3(x=-2.0760727261348566, y=0.6220573186143, z=0.14520585010374848), 503206000000, 
-1.0689910154063325, -0.6201085605533639, -0.03410515332529852, 503209000000, 
-9.721510738144783, 0.9107094517687211, geometry_msgs.msg.Vector3(x=-2.076545002280435, y=0.623102190980559, z=0.14203667435921993), 503211000000, 
-9.695744832029568, 0.9181275352430407, geometry_msgs.msg.Vector3(x=-2.0766960348863663, y=0.624431928088757, z=0.13897879404945312), 503216000000, 
-9.702617511346952, 0.9101627828804092, geometry_msgs.msg.Vector3(x=-2.0771335993613893, y=0.625392108049491, z=0.13546952115711172), 503221000000, 
-9.710574162028209, 0.8893844576276881, geometry_msgs.msg.Vector3(x=-2.0769678535119898, y=0.6265525967949013, z=0.13255207198007465), 503226000000, 
-9.69661861183367, 0.9241024784020312, geometry_msgs.msg.Vector3(x=-2.077586947269493, y=0.627883504420186, z=0.12923362771060398), 503231000000, 
-9.718842905743523, 0.9055308602626946, geometry_msgs.msg.Vector3(x=-2.0776748769417956, y=0.6292513862964064, z=0.12602538040256187), 503236000000, 
-9.699552075345835, 0.9051071138410421, geometry_msgs.msg.Vector3(x=-2.0781748704773917, y=0.6302589629307688, z=0.12286557697699384), 503241000000, 
-1.0720000965629173, -0.6172643052003285, 0.08410109018951013, 503243000000, 
-9.694273159897664, 0.8555064568781472, geometry_msgs.msg.Vector3(x=-2.0776275361431975, y=0.6309809254934504, z=0.12183939296136967), 503246000000, 
-9.726548815563676, 0.8992150526138031, geometry_msgs.msg.Vector3(x=-2.07834193046459, y=0.633434225209469, z=0.11432082114797419), 503253000000, 
-9.74941520924641, 0.871153317230022, geometry_msgs.msg.Vector3(x=-2.0782975189538204, y=0.6342281463575966, z=0.11178648302794018), 503258000000, 
-9.705797843308487, 0.8699988859181605, geometry_msgs.msg.Vector3(x=-2.0784083851905444, y=0.6355463684977382, z=0.10876918349631404), 503263000000, 
-9.736021832332478, 0.8898405310602985, geometry_msgs.msg.Vector3(x=-2.078738594742985, y=0.6366019940458474, z=0.10527389567303026), 503268000000, 
-9.73168243671704, 0.8927991082760731, geometry_msgs.msg.Vector3(x=-2.0784968966338884, y=0.6380083771820954, z=0.10225211463970225), 503273000000, 
-1.0751772327548144, -0.6146283480891923, 0.2130221264723484, 503277000000, 
-9.749153116634842, 0.8574022529738614, geometry_msgs.msg.Vector3(x=-2.078388115315183, y=0.6394572285643532, z=0.09848152539501517), 503278000000, 
-9.748117040092481, 0.8717983172209403, geometry_msgs.msg.Vector3(x=-2.078218490887704, y=0.6405097417818328, z=0.09526350311705303), 503283000000, 
-9.716923866537206, 0.8645756833276526, geometry_msgs.msg.Vector3(x=-2.0789249419461604, y=0.6418202088440909, z=0.09222222371001201), 503288000000, 
-9.70473818677785, 0.8496931200571171, geometry_msgs.msg.Vector3(x=-2.0789828530883847, y=0.6430467419678769, z=0.08875698748793219), 503293000000, 
-9.72927441436563, 0.8572305256552791, geometry_msgs.msg.Vector3(x=-2.0784486824278354, y=0.6440077247928014, z=0.08517551611398667), 503298000000, 
-9.774878172765714, 0.872712854684493, geometry_msgs.msg.Vector3(x=-2.078765082644385, y=0.645590527712029, z=0.08169376772716469), 503303000000, 
-9.746387361133753, 0.8432282249818422, geometry_msgs.msg.Vector3(x=-2.078212426420282, y=0.6465401771769596, z=0.07880675395411262), 503308000000, 
-1.078506260842254, -0.6122107712431119, 0.35516804438394706, 503311000000, 
-9.731275884647177, 0.8261904244855811, geometry_msgs.msg.Vector3(x=-2.0787017950488944, y=0.6482193791632237, z=0.07544328678995543), 503313000000, 
-9.737217399060766, 0.8192626870157872, geometry_msgs.msg.Vector3(x=-2.078682990163, y=0.6495709065780888, z=0.07163584209262541), 503318000000, 
-9.789800211453361, 0.8153197398971568, geometry_msgs.msg.Vector3(x=-2.078420847251207, y=0.6505319713600374, z=0.06782978638117833), 503323000000, 
-9.757841700120935, 0.8284380073327017, geometry_msgs.msg.Vector3(x=-2.079060120630169, y=0.6517692019739921, z=0.06472100426675653), 503328000000, 
-9.764294889005345, 0.8201998653300088, geometry_msgs.msg.Vector3(x=-2.078753215731615, y=0.652925708818698, z=0.062163871442561094), 503333000000, 
-9.750011067803344, 0.8166861811613654, geometry_msgs.msg.Vector3(x=-2.078787593151254, y=0.6543615707703174, z=0.058132074456368886), 503338000000, 
-9.772134498182771, 0.8101485438290948, geometry_msgs.msg.Vector3(x=-2.0787879247117136, y=0.6556452888775366, z=0.05497454763139965), 503343000000, 
-1.081972114200288, -0.6100191331742173, 0.513372239770537, 503345000000, 
-9.792255128805191, 0.8046452379308718, geometry_msgs.msg.Vector3(x=-2.078787702212237, y=0.6571063044334253, z=0.05163170033218091), 503348000000, 
-9.74472688279089, 0.8088156608438545, geometry_msgs.msg.Vector3(x=-2.079014953282303, y=0.6580265590848818, z=0.048087416915337765), 503353000000, 
-9.755398272064047, 0.8075579715062645, geometry_msgs.msg.Vector3(x=-2.078767009152432, y=0.6596009761173642, z=0.04518540992610473), 503358000000, 
-9.772737610262194, 0.8381434403124536, geometry_msgs.msg.Vector3(x=-2.0790233378021314, y=0.6608298137520285, z=0.0415471409926048), 503363000000, 
-9.744498837942455, 0.823900225043577, geometry_msgs.msg.Vector3(x=-2.0790605770855315, y=0.6615875616734127, z=0.038024803284148034), 503368000000, 
-9.760683535031843, 0.8283184044745021, geometry_msgs.msg.Vector3(x=-2.0793551680177376, y=0.6633086740154049, z=0.03494566240089272), 503373000000, 
-9.774634957610747, 0.7870949587786533, geometry_msgs.msg.Vector3(x=-2.079215097589424, y=0.6643609802236256, z=0.03175455247930389), 503378000000, 
-1.0855607838037247, -0.608059943360932, 0.6904460852339075, 503379000000, 
-9.767889517035568, 0.781038525593085, geometry_msgs.msg.Vector3(x=-2.0794051375939615, y=0.6659726392576868, z=0.02827092152239579), 503383000000, 
-9.764534241959074, 0.7780196146999029, geometry_msgs.msg.Vector3(x=-2.0799834406326867, y=0.6675058423814069, z=0.02343356882512273), 503389000000, 
-9.779765382253519, 0.7736133240052516, geometry_msgs.msg.Vector3(x=-2.0793433170734157, y=0.6688053655356299, z=0.0210953536556088), 503394000000, 
-9.778056894172426, 0.7918171671394248, geometry_msgs.msg.Vector3(x=-2.0797247284933493, y=0.6701186089010607, z=0.01775153528127431), 503399000000, 
-9.746541226809619, 0.7633628974787519, geometry_msgs.msg.Vector3(x=-2.0800783153945988, y=0.671380279649235, z=0.01427776578487497), 503404000000, 
-9.76761682120451, 0.7926824268352259, geometry_msgs.msg.Vector3(x=-2.0799532398157567, y=0.6726935278633366, z=0.01104200347669885), 503409000000, 
-1.0892575480218567, -0.606339784059199, 0.8882407151450551, 503413000000, 
-9.766700958047132, 0.7568037501632321, geometry_msgs.msg.Vector3(x=-2.0801573334598356, y=0.6740524115964003, z=0.007229894537304509), 503414000000, 
-9.772484122898037, 0.7895729271869255, geometry_msgs.msg.Vector3(x=-2.0798101252600305, y=0.6753029796719052, z=0.0044729562844270645), 503419000000, 
-9.783310267303003, 0.7463138846251376, geometry_msgs.msg.Vector3(x=-2.0797403548179814, y=0.6766887759505944, z=0.001186383171659129), 503424000000, 
-9.789020731753014, 0.7850620566358331, geometry_msgs.msg.Vector3(x=-2.079609814815938, y=0.6781381634863038, z=-0.0020526419778626234), 503429000000, 
-9.767114928996588, 0.7779164281325197, geometry_msgs.msg.Vector3(x=-2.0795263967800452, y=0.6798355815438282, z=-0.005856351910967193), 503434000000, 
-9.801578656120993, 0.7766935596433229, geometry_msgs.msg.Vector3(x=-2.079822295094755, y=0.6809751002750731, z=-0.009158667274541944), 503439000000, 
-9.777090020162346, 0.7760808931988488, geometry_msgs.msg.Vector3(x=-2.079493759503986, y=0.6823775752492676, z=-0.012361282867946608), 503444000000, 
-1.0930458846782471, -0.6048648597068488, 1.1060492184953175, 503447000000, 
-9.782971277908475, 0.7062568682385577, geometry_msgs.msg.Vector3(x=-2.07971753163471, y=0.6831528406787734, z=-0.015821683470987266), 503449000000, 
-9.783424160806328, 0.7588542328909845, geometry_msgs.msg.Vector3(x=-2.0792102797342573, y=0.6850310733148207, z=-0.01900952001016741), 503454000000, 
-9.792726610912533, 0.7595964355361096, geometry_msgs.msg.Vector3(x=-2.0789622163701726, y=0.6864128952609736, z=-0.022722611158150604), 503459000000, 
-9.785216211332392, 0.7265719515317189, geometry_msgs.msg.Vector3(x=-2.0787372200931227, y=0.6880256003693095, z=-0.025457852859891814), 503464000000, 
-9.762547092082606, 0.7623112991387763, geometry_msgs.msg.Vector3(x=-2.0788414328383147, y=0.6890448004798873, z=-0.02947021615878505), 503469000000, 
-9.801149781833166, 0.7684572844606248, geometry_msgs.msg.Vector3(x=-2.0787745250188774, y=0.690580002119343, z=-0.03228345215712435), 503474000000, 
-25.05572991945415, -20.088298536568544, geometry_msgs.msg.Vector3(x=-2.061438100465123, y=0.6806330756086592, z=-0.04751722841730147), 503479000000, 
-1.0972938583670317, -0.604166489734465, 1.3383229757305812, 503481000000, 
-10.44207166260149, -8.16981541827919, geometry_msgs.msg.Vector3(x=-2.057945876936828, y=0.6731487841143333, z=-0.053514921501262), 503484000000, 
-10.455514423049566, -8.23422131286689, geometry_msgs.msg.Vector3(x=-2.0535160617763477, y=0.665641391917437, z=-0.05949224184553113), 503489000000, 
-10.478896756213947, -8.260001295040304, geometry_msgs.msg.Vector3(x=-2.0494807985484575, y=0.6588407574944497, z=-0.06554418585680279), 503494000000, 
-10.485585841951346, -8.322212920188694, geometry_msgs.msg.Vector3(x=-2.045450716964081, y=0.651223220885344, z=-0.07179582975979105), 503499000000, 
-9.680752779958597, 0.20002582407784755, geometry_msgs.msg.Vector3(x=-2.0453109546697728, y=0.645319037471524, z=-0.07492570089917812), 503504000000, 
-9.623221056587445, 0.7057943452243532, geometry_msgs.msg.Vector3(x=-2.0459761007527795, y=0.6390285944643108, z=-0.0784631208943072), 503509000000, 
-9.65145846566461, 0.7509036032222156, geometry_msgs.msg.Vector3(x=-2.0466600684661174, y=0.6329550622887264, z=-0.08191183409681622), 503514000000, 
-1.1034154151574789, -0.6114329309688262, 1.563800540591939, 503515000000, 
-9.662467806599835, 0.7015430855497803, geometry_msgs.msg.Vector3(x=-2.047014578720122, y=0.6268189110703496, z=-0.0848104224641101), 503519000000, 
-9.662674999390376, 0.7350480943527319, geometry_msgs.msg.Vector3(x=-2.0477932640329204, y=0.6218865488751779, z=-0.08770248558269061), 503524000000, 
-9.614387067768503, 0.7233478859655114, geometry_msgs.msg.Vector3(x=-2.048325613530848, y=0.6146372830104451, z=-0.09186984614379093), 503529000000, 
-9.633881153821036, 0.7185772744871076, geometry_msgs.msg.Vector3(x=-2.049191108532889, y=0.6083163291048449, z=-0.09499030404086163), 503534000000, 
-9.612093481756355, 0.7108398286877915, geometry_msgs.msg.Vector3(x=-2.0497396509626498, y=0.6024728168931489, z=-0.09861991041201697), 503539000000, 
-9.635494576058345, 0.7314641241236383, geometry_msgs.msg.Vector3(x=-2.0505356084368356, y=0.5963425753559368, z=-0.10184511524156374), 503544000000, 
-9.648488263931114, 0.7257535593770037, geometry_msgs.msg.Vector3(x=-2.050550233500121, y=0.5900025339680773, z=-0.10502411551206593), 503549000000, 
-1.1089158603314968, -0.6205411596274854, 1.7725562438655096, 503549000000, 
-9.627874369288744, 0.7034467738103133, geometry_msgs.msg.Vector3(x=-2.051139496134524, y=0.5840538407466291, z=-0.10834320237260893), 503554000000, 
-9.634393465060333, 0.7160768498391581, geometry_msgs.msg.Vector3(x=-2.051893414113614, y=0.5780509005432574, z=-0.11150231207276524), 503559000000, 
-9.631407582206103, 0.7017130118711521, geometry_msgs.msg.Vector3(x=-2.05207598677064, y=0.5714868193517307, z=-0.1149355598229087), 503564000000, 
-9.663199967674538, 0.6994555870487099, geometry_msgs.msg.Vector3(x=-2.053175238203588, y=0.5655014186131924, z=-0.11892723040273796), 503569000000, 
-9.612094300071327, 0.7032604603839869, geometry_msgs.msg.Vector3(x=-2.0530262672931143, y=0.5596032564727634, z=-0.1219707461829994), 503574000000, 
-9.618609522041169, 0.6591793485230181, geometry_msgs.msg.Vector3(x=-2.0536078165890586, y=0.5532873694105382, z=-0.12475846105191223), 503579000000, 
-1.1137960940273508, -0.6299767070229105, 1.9614050990910386, 503583000000, 
-9.647818278163756, 0.675349776791831, geometry_msgs.msg.Vector3(x=-2.0543977972377094, y=0.5474657509764447, z=-0.128235577813604), 503584000000, 
-9.674551144629081, 0.6805770761756328, geometry_msgs.msg.Vector3(x=-2.0548119010919144, y=0.5413325415736989, z=-0.13126487344878107), 503589000000, 
-9.62227322077148, 0.665296386654066, geometry_msgs.msg.Vector3(x=-2.055054810470172, y=0.5364515083062752, z=-0.13382917970388442), 503594000000, 
-9.629423831975842, 0.6829384810394851, geometry_msgs.msg.Vector3(x=-2.0554298592802986, y=0.5291188464315767, z=-0.1381565836218638), 503599000000, 
-9.639410072813364, 0.677241690674604, geometry_msgs.msg.Vector3(x=-2.055692935685749, y=0.5231390829370174, z=-0.14156553976586), 503604000000, 
-9.614135316952359, 0.6798262561918036, geometry_msgs.msg.Vector3(x=-2.056844773453902, y=0.5169382819478923, z=-0.14490127053035257), 503609000000, 
-9.605125038754231, 0.6647603136534546, geometry_msgs.msg.Vector3(x=-2.056666213142421, y=0.5113249087691832, z=-0.1483546393619884), 503614000000, 
-1.118042962395625, -0.6396957304665047, 2.1305494882999616, 503617000000, 
-9.64419971596703, 0.7108923048332882, geometry_msgs.msg.Vector3(x=-2.0569813582624543, y=0.5049084820983889, z=-0.15164885186838453), 503619000000, 
-9.637695922936484, 0.6661463613613402, geometry_msgs.msg.Vector3(x=-2.0574614952511485, y=0.4990387511420549, z=-0.1550864720899882), 503624000000, 
-9.635758717288192, 0.6731210277793962, geometry_msgs.msg.Vector3(x=-2.057616925590028, y=0.4930545141007713, z=-0.158330425037795), 503629000000, 
-9.626318584761085, 0.6773918415220919, geometry_msgs.msg.Vector3(x=-2.0580028327979907, y=0.48696961413755335, z=-0.1613676255575695), 503634000000, 
-9.662209051725133, 0.6521765293764709, geometry_msgs.msg.Vector3(x=-2.058474575232662, y=0.4807877453190642, z=-0.16517357540453606), 503639000000, 
-9.647149497181157, 0.6398845453965574, geometry_msgs.msg.Vector3(x=-2.058536265750244, y=0.47495982069723014, z=-0.16812934539475), 503644000000, 
-9.642757919943111, 0.6918809201880266, geometry_msgs.msg.Vector3(x=-2.059023974214009, y=0.46871741815271495, z=-0.17181250656511252), 503649000000, 
-1.121646091240957, -0.6496545682405609, 2.2822888444763447, 503651000000, 
-9.639526190681307, 0.6645823366732417, geometry_msgs.msg.Vector3(x=-2.059612218357166, y=0.4630403496009153, z=-0.1748368854798078), 503654000000, 
-9.641079828649618, 0.6663515428610908, geometry_msgs.msg.Vector3(x=-2.0600096718939414, y=0.4565650159780392, z=-0.1785783363239072), 503659000000, 
-9.643240404860842, 0.6659970628179059, geometry_msgs.msg.Vector3(x=-2.060769843829504, y=0.4494456440306835, z=-0.1825749643626674), 503664000000, 
-9.626033583737168, 0.6702098866850604, geometry_msgs.msg.Vector3(x=-2.0611005824811093, y=0.4435871062205442, z=-0.18594767413429822), 503669000000, 
-9.645648232727542, 0.6682832712016363, geometry_msgs.msg.Vector3(x=-2.0614636023469894, y=0.43999071904021114, z=-0.1880616751471727), 503674000000, 
-9.65206116827144, 0.6454392328906153, geometry_msgs.msg.Vector3(x=-2.0612349596574875, y=0.43266411552283845, z=-0.19185841195790448), 503679000000, 
-9.629811049268957, 0.6581508645110808, geometry_msgs.msg.Vector3(x=-2.0618609404078763, y=0.42614164721034575, z=-0.19540793402530346), 503684000000, 
-1.1245982488019195, -0.659811934898652, 2.419645893193792, 503685000000, 
-9.611254064487715, 0.6542016540059546, geometry_msgs.msg.Vector3(x=-2.062401245551776, y=0.4203836290901296, z=-0.1988178167173421), 503689000000, 
-9.652347652569672, 0.6295150614585512, geometry_msgs.msg.Vector3(x=-2.0626931797165247, y=0.41450199745553695, z=-0.20227369090059177), 503694000000, 
-9.637836585704772, 0.6590517206910613, geometry_msgs.msg.Vector3(x=-2.0634812581630047, y=0.40845542310332567, z=-0.2054891780538429), 503699000000, 
-9.623048256597558, 0.6344090158067355, geometry_msgs.msg.Vector3(x=-2.0636381539712603, y=0.40282953372536723, z=-0.20904693918084982), 503704000000, 
-9.634795687743992, 0.6283758957091268, geometry_msgs.msg.Vector3(x=-2.0640981337349604, y=0.3965805153530471, z=-0.2117344366207165), 503709000000, 
-9.628801053459144, 0.6183072301400211, geometry_msgs.msg.Vector3(x=-2.064695947407918, y=0.39109294827975244, z=-0.21560610574724826), 503714000000, 
-9.618091255173352, 0.6512599817622678, geometry_msgs.msg.Vector3(x=-2.0650171402901933, y=0.3845011786730694, z=-0.21862299786616157), 503719000000, 
-1.126894041640514, -0.6701284597233358, 2.5455707090335165, 503719000000, 
-9.617109974839993, 0.6121970132961179, geometry_msgs.msg.Vector3(x=-2.0652412575991232, y=0.3787381673202011, z=-0.2222615334141319), 503724000000, 
-9.610549727456938, 0.6484013021164597, geometry_msgs.msg.Vector3(x=-2.0653735344424926, y=0.37277806105184147, z=-0.2251853108442291), 503729000000, 
-9.650046501485932, 0.6060100894436882, geometry_msgs.msg.Vector3(x=-2.065963658429489, y=0.3662874738881409, z=-0.2286230636650135), 503737000000, 
-9.610500953533482, 0.5963424442235763, geometry_msgs.msg.Vector3(x=-2.066270498367208, y=0.3572669019707104, z=-0.23365786809736996), 503742000000, 
-9.632458942107373, 0.6109684311881842, geometry_msgs.msg.Vector3(x=-2.0668009409405834, y=0.35096233245005204, z=-0.2372371375318085), 503747000000, 
-9.640785496485833, 0.6155660544642052, geometry_msgs.msg.Vector3(x=-2.067338970726267, y=0.3450421965313216, z=-0.24025023900502948), 503752000000, 
-1.1285286930451646, -0.6805634753255656, 2.6626413328839673, 503753000000, 
-9.6260215303488, 0.5955216534446461, geometry_msgs.msg.Vector3(x=-2.0673402563910495, y=0.3388877156055308, z=-0.24377933863847526), 503757000000, 
-9.602105597941602, 0.5894277377373873, geometry_msgs.msg.Vector3(x=-2.067937889324241, y=0.3331401953610387, z=-0.2471464725269756), 503762000000, 
-9.623397632870144, 0.583979903135612, geometry_msgs.msg.Vector3(x=-2.067801031047994, y=0.3269825308197868, z=-0.25040738334694707), 503767000000, 
-9.607416654397877, 0.6063944867921356, geometry_msgs.msg.Vector3(x=-2.067792645906604, y=0.3211539709337331, z=-0.2536844551153406), 503772000000, 
-9.598494049553661, 0.5606553579775332, geometry_msgs.msg.Vector3(x=-2.0682524136945677, y=0.3152702301778416, z=-0.2567046642376411), 503777000000, 
-9.608402524108953, 0.5853265007819486, geometry_msgs.msg.Vector3(x=-2.0683298645966532, y=0.30937035772758925, z=-0.2602099130344022), 503782000000, 
-1.1294986788295216, -0.6910729871332222, 2.7730774221450747, 503787000000, 
-9.652517174300328, 0.5656636414120373, geometry_msgs.msg.Vector3(x=-2.068580325965835, y=0.30344460299235393, z=-0.2632979169788227), 503787000000, 
-9.58637636396352, 0.5931041712739876, geometry_msgs.msg.Vector3(x=-2.0682243054414458, y=0.29734715916940097, z=-0.26705506486414765), 503792000000, 
-9.615895002446244, 0.6001450217741181, geometry_msgs.msg.Vector3(x=-2.0682414855980187, y=0.2913386335257298, z=-0.2704197607323125), 503797000000, 
-9.61170157669807, 0.5694065301372411, geometry_msgs.msg.Vector3(x=-2.068222932180843, y=0.28543865958452186, z=-0.27381616035062134), 503802000000, 
-9.623119251904557, 0.5803899718766368, geometry_msgs.msg.Vector3(x=-2.068644982454783, y=0.27925413393430437, z=-0.27717036754213564), 503807000000, 
-9.614780945084178, 0.5462866318536761, geometry_msgs.msg.Vector3(x=-2.0691459075004945, y=0.2735168610612651, z=-0.2801528068833069), 503812000000, 
-9.652527565090406, 0.5631898147682783, geometry_msgs.msg.Vector3(x=-2.06879209822675, y=0.2673882318332669, z=-0.2834225417465314), 503817000000, 
-1.1298032845997978, -0.7016120585635257, 2.878857996312168, 503821000000, 
-9.6453633196321, 0.5410869613477438, geometry_msgs.msg.Vector3(x=-2.068789035900886, y=0.26129917337275044, z=-0.28690247856951756), 503822000000, 
-9.634547358459516, 0.5359770072711458, geometry_msgs.msg.Vector3(x=-2.0692765053073314, y=0.2553093468247089, z=-0.290283631132522), 503827000000, 
-9.610397429271782, 0.5421253905536447, geometry_msgs.msg.Vector3(x=-2.069057529476792, y=0.24937423598658434, z=-0.2936588267765994), 503832000000, 
-9.637087073955227, 0.5250059036592232, geometry_msgs.msg.Vector3(x=-2.0691041433922885, y=0.24375822389025617, z=-0.29700942207529474), 503837000000, 
-9.623959984688003, 0.4976177320283695, geometry_msgs.msg.Vector3(x=-2.0693234873538247, y=0.2375564357089488, z=-0.3009206221523734), 503842000000, 
-9.622213763567173, 0.4989618767753245, geometry_msgs.msg.Vector3(x=-2.0694164564611883, y=0.23157500469580913, z=-0.3044006306045236), 503847000000, 
-9.601204119013653, 0.5101821900520259, geometry_msgs.msg.Vector3(x=-2.069605894244784, y=0.22572943566360068, z=-0.3071363875190391), 503852000000, 
-1.1294446814704449, -0.7121394045348705, 2.9818008235485283, 503855000000, 
-9.619060654983327, 0.5436597094611708, geometry_msgs.msg.Vector3(x=-2.0698440288152398, y=0.21953068191757028, z=-0.310549584656029), 503857000000, 
-9.632685536764052, 0.4943807557104672, geometry_msgs.msg.Vector3(x=-2.070099628111249, y=0.21385644009896382, z=-0.31455789829656583), 503862000000, 
-9.60765101199979, 0.4940563342693676, geometry_msgs.msg.Vector3(x=-2.0701202418669715, y=0.2061936651402515, z=-0.31896851631237855), 503867000000, 
-9.617340998482021, 0.5058383087562471, geometry_msgs.msg.Vector3(x=-2.0706847670287076, y=0.20161184498521256, z=-0.32147874239542323), 503872000000, 
-9.622165059545498, 0.46595357010839367, geometry_msgs.msg.Vector3(x=-2.070897415198837, y=0.19563913389762816, z=-0.3247677876149739), 503877000000, 
-9.625611166584003, 0.4615219361293484, geometry_msgs.msg.Vector3(x=-2.0709001688100015, y=0.19100376094316035, z=-0.32723386058138304), 503882000000, 
-9.61564041361808, 0.4606319869645546, geometry_msgs.msg.Vector3(x=-2.071396542169448, y=0.18393064397476974, z=-0.33156675920236983), 503887000000, 
-1.128426129632977, -0.7226187277407604, 3.0835787252666407, 503889000000, 
-9.62767209221321, 0.47409997130174225, geometry_msgs.msg.Vector3(x=-2.0712725363377484, y=0.1779137290993277, z=-0.3353773294818552), 503892000000, 
-9.603002575255402, 0.4600557357580593, geometry_msgs.msg.Vector3(x=-2.0718897546952006, y=0.171748132027981, z=-0.33827743904152763), 503897000000, 
-9.61103883797406, 0.43349740999641523, geometry_msgs.msg.Vector3(x=-2.072256371399651, y=0.1657501629671279, z=-0.34194033602195245), 503902000000, 
-9.648122252361457, 0.41590953553198134, geometry_msgs.msg.Vector3(x=-2.0722744699897664, y=0.15980516744446638, z=-0.34482972556520575), 503907000000, 
-9.588951101817022, 0.43476292239218445, geometry_msgs.msg.Vector3(x=-2.0731574372544483, y=0.1539559537443495, z=-0.3486568012343253), 503912000000, 
-9.636841060203407, 0.41724948578434695, geometry_msgs.msg.Vector3(x=-2.072837437857962, y=0.14746248899098297, z=-0.3517551036379504), 503917000000, 
-9.613236934000936, 0.42436221611939706, geometry_msgs.msg.Vector3(x=-2.073238118643083, y=0.1414231281992204, z=-0.3553662817356337), 503922000000, 
-1.1267507430204735, -0.7330146178054172, -3.0974197026195833, 503923000000, 
-9.628351709074478, 0.41452257826557226, geometry_msgs.msg.Vector3(x=-2.073443147385156, y=0.13570801545410785, z=-0.35853010100188887), 503927000000, 
-9.605381246444562, 0.40751457190580986, geometry_msgs.msg.Vector3(x=-2.0740763082684937, y=0.12982842413612045, z=-0.3618147654386002), 503932000000, 
-9.637572895945098, 0.38131491465025563, geometry_msgs.msg.Vector3(x=-2.0739764180970117, y=0.12367720249928435, z=-0.36531963165968934), 503937000000, 
-9.627457088214491, 0.40289868553361047, geometry_msgs.msg.Vector3(x=-2.0740449043095666, y=0.11820501025028478, z=-0.3684940085784483), 503942000000, 
-9.625886877424586, 0.39595371063055734, geometry_msgs.msg.Vector3(x=-2.0741793211432578, y=0.11187110314130715, z=-0.37184579490450714), 503947000000, 
-9.64522050839982, 0.3694988914738461, geometry_msgs.msg.Vector3(x=-2.0746056844820795, y=0.1058686137424953, z=-0.3753866440858774), 503952000000, 
-1.1244227473233666, -0.743287285270462, -2.9931808104886795, 503957000000, 
-9.651257456891114, 0.34502697411113503, geometry_msgs.msg.Vector3(x=-2.0750504613471588, y=0.09763907699755033, z=-0.3799684425902103), 503958000000, 
-9.671320739360851, 0.3695847388519441, geometry_msgs.msg.Vector3(x=-2.0746534932337726, y=0.09256999103546085, z=-0.38238453899547437), 503963000000, 
-9.640922863110289, 0.37961237238753004, geometry_msgs.msg.Vector3(x=-2.0746746900484085, y=0.08731692824268909, z=-0.3859049600861466), 503968000000, 
-9.645231596835748, 0.33961546108271007, geometry_msgs.msg.Vector3(x=-2.074261111206284, y=0.08088275980050443, z=-0.3888962059167546), 503973000000, 
-9.640054598728662, 0.3404250757091218, geometry_msgs.msg.Vector3(x=-2.074209045216948, y=0.07472189757283668, z=-0.39240198688107925), 503978000000, 
-9.644730935224983, 0.30389598664373435, geometry_msgs.msg.Vector3(x=-2.074561800930123, y=0.0686252357876481, z=-0.39582201841470954), 503983000000, 
-9.64351362564766, 0.2959854511772585, geometry_msgs.msg.Vector3(x=-2.0742827678390365, y=0.06302390783611014, z=-0.3987273155755188), 503988000000, 
-1.1214497716372183, -0.7533921366308013, -2.8848887801413414, 503991000000, 
-9.63731141015575, 0.28679386806819984, geometry_msgs.msg.Vector3(x=-2.073800543508799, y=0.05663303724849134, z=-0.40287157066260443), 503993000000, 
-9.6232461701632, 0.28798666206873047, geometry_msgs.msg.Vector3(x=-2.0736150630445565, y=0.05093236068109325, z=-0.4062695246572308), 503998000000, 
-9.65491270923214, 0.26215627110779843, geometry_msgs.msg.Vector3(x=-2.073930689340586, y=0.04485977039654061, z=-0.4100748378566482), 504003000000, 
-9.602465791711554, 0.2876560315065786, geometry_msgs.msg.Vector3(x=-2.073789265980542, y=0.03838849343218508, z=-0.4132118247703903), 504008000000, 
-9.634759105374691, 0.2595143136819964, geometry_msgs.msg.Vector3(x=-2.073523355605869, y=0.033248031653658174, z=-0.4166010102621363), 504013000000, 
-9.629841737407112, 0.2481767071924022, geometry_msgs.msg.Vector3(x=-2.073189413027741, y=0.026538252865193318, z=-0.41972798121737387), 504018000000, 
-9.663441605249897, 0.20739838310643505, geometry_msgs.msg.Vector3(x=-2.0733580652924637, y=0.021104050304771603, z=-0.4228959367158046), 504023000000, 
-1.1178430041755383, -0.7632848300158557, -2.7698556897563162, 504025000000, 
-9.625836574453745, 0.20219716303006482, geometry_msgs.msg.Vector3(x=-2.0732690022479354, y=0.014632025780659533, z=-0.42690224281967076), 504028000000, 
-9.677043798364956, 0.2026054700907283, geometry_msgs.msg.Vector3(x=-2.072971664110147, y=0.008747854367697523, z=-0.43045344847214323), 504033000000, 
-9.68571350992189, 0.18426854919962318, geometry_msgs.msg.Vector3(x=-2.073055581714467, y=0.0028519137950164743, z=-0.43425896149416693), 504038000000, 
-9.643115936382017, 0.20927017742447854, geometry_msgs.msg.Vector3(x=-2.072514880165097, y=-0.0029114545515125123, z=-0.43771712188701317), 504043000000, 
-9.616409675687724, 0.1816105020976864, geometry_msgs.msg.Vector3(x=-2.07239527596297, y=-0.009367648820580388, z=-0.44089628547134285), 504048000000, 
-9.650460122246459, 0.14177588855811632, geometry_msgs.msg.Vector3(x=-2.072839853281352, y=-0.015509572113745105, z=-0.444398316487996), 504053000000, 
-9.670474420596014, 0.1323363846942292, geometry_msgs.msg.Vector3(x=-2.072979315062996, y=-0.02126565412555343, z=-0.447844639778062), 504058000000, 
-1.1136145800126738, -0.7729262090931166, -2.644403684100392, 504059000000, 
-9.652415987796013, 0.08079965064818141, geometry_msgs.msg.Vector3(x=-2.0724944127396694, y=-0.027153621038972557, z=-0.4517516020859751), 504063000000, 
-9.661797354765836, 0.09503810168948366, geometry_msgs.msg.Vector3(x=-2.072427896896988, y=-0.03356459654334176, z=-0.4551560400168352), 504068000000, 
-9.678148799586548, 0.12862168391637993, geometry_msgs.msg.Vector3(x=-2.072528676046985, y=-0.039314174788164985, z=-0.4589033553289119), 504073000000, 
-9.6665565550424, 0.10578187627951627, geometry_msgs.msg.Vector3(x=-2.0725830641832257, y=-0.045690618995325435, z=-0.4622543838135921), 504078000000, 
-9.680929633912339, 0.07385460453844027, geometry_msgs.msg.Vector3(x=-2.0727514198408796, y=-0.05173333304615916, z=-0.46567020580338675), 504083000000, 
-9.62573793328747, 0.07112109221145496, geometry_msgs.msg.Vector3(x=-2.0728070185332608, y=-0.057661287758836506, z=-0.4693490106556002), 504088000000, 
-9.665942953714849, 0.03882295131448229, geometry_msgs.msg.Vector3(x=-2.072935915403688, y=-0.06376387224282318, z=-0.4729139097621865), 504093000000, 
-1.108775458204337, -0.7822816264211608, -2.5035023445693985, 504093000000, 
-9.629787316204787, -0.0012298659127958807, geometry_msgs.msg.Vector3(x=-2.072927746969026, y=-0.07352085246766868, z=-0.4786666669743034), 504100000000, 
-9.665562505497835, -0.02433275713984983, geometry_msgs.msg.Vector3(x=-2.073303676797949, y=-0.07817995647747107, z=-0.4812204831730276), 504105000000, 
-9.675930065371768, -0.010917454430215417, geometry_msgs.msg.Vector3(x=-2.073155032457238, y=-0.08454588865444078, z=-0.4848416615185609), 504110000000, 
-9.673767994287294, -0.026234573252570573, geometry_msgs.msg.Vector3(x=-2.073084337558506, y=-0.09032708930485478, z=-0.4884882699787543), 504115000000, 
-9.692250211666373, -0.046467980821826356, geometry_msgs.msg.Vector3(x=-2.0732258967235038, y=-0.09667654879766294, z=-0.4923450560800888), 504120000000, 
-9.657449928202213, -0.04239774367429161, geometry_msgs.msg.Vector3(x=-2.0734214969952527, y=-0.10249869390786463, z=-0.49543213414301485), 504125000000, 
-1.103336785112812, -0.7913157126811091, -2.340212539509747, 504127000000, 
-9.670903496594903, -0.07477427564916528, geometry_msgs.msg.Vector3(x=-2.073075056592009, y=-0.10879047567183228, z=-0.4987766917927054), 504130000000, 
-9.642412711489213, -0.0943439458549659, geometry_msgs.msg.Vector3(x=-2.072873272266639, y=-0.11477286818317302, z=-0.50282166385022), 504135000000, 
-9.687784083664507, -0.09499523802082786, geometry_msgs.msg.Vector3(x=-2.0729088108720655, y=-0.12085605925333939, z=-0.5059580760037524), 504140000000, 
-9.654280044883597, -0.15332612914434807, geometry_msgs.msg.Vector3(x=-2.0727915860465664, y=-0.12717554586619925, z=-0.5092553783345456), 504145000000, 
-9.693844623585116, -0.15594054322220294, geometry_msgs.msg.Vector3(x=-2.0730411834772937, y=-0.1330985910658414, z=-0.5129513227810337), 504150000000, 
-9.66731666097238, -0.17957186647463827, geometry_msgs.msg.Vector3(x=-2.072458792000104, y=-0.1390053020544537, z=-0.5163196089980095), 504155000000, 
-9.65127340658034, -0.21025094840848277, geometry_msgs.msg.Vector3(x=-2.07266688148889, y=-0.14489366061128037, z=-0.5199671148178587), 504160000000, 
-1.0973135231919127, -0.7999885658118704, -2.1450651203444178, 504161000000, 
-9.65919512155028, -0.2190430223122098, geometry_msgs.msg.Vector3(x=-2.072303824487546, y=-0.15109869497494285, z=-0.5234505483891042), 504165000000, 
-9.660046065100312, -0.2316158614649378, geometry_msgs.msg.Vector3(x=-2.072346484759567, y=-0.15777378000252293, z=-0.5269329628433584), 504170000000, 
-9.661158944947694, -0.23993569034207676, geometry_msgs.msg.Vector3(x=-2.0720913522821642, y=-0.16368892456118295, z=-0.5304261335227052), 504175000000, 
-9.664287108866619, -0.2630269668200809, geometry_msgs.msg.Vector3(x=-2.071489605308205, y=-0.16967066325935928, z=-0.5339953030768285), 504180000000, 
-9.684580439038438, -0.2920867415056055, geometry_msgs.msg.Vector3(x=-2.071436285396479, y=-0.1756809845511137, z=-0.5374085841899489), 504185000000, 
-9.655760828067105, -0.2925482919730943, geometry_msgs.msg.Vector3(x=-2.071011506992698, y=-0.18178404572204584, z=-0.5409402141636863), 504190000000, 
-9.67560531309522, -0.3206881305815723, geometry_msgs.msg.Vector3(x=-2.070710640903697, y=-0.1882171389773306, z=-0.5445975385450634), 504195000000, 
-1.0907261117311329, -0.80825726516299, -1.9065633885214823, 504195000000, 
-22.15276595297914, -11.415312389340434, geometry_msgs.msg.Vector3(x=-2.0542568830733217, y=-0.20847983397046524, z=-0.5384976463101987), 504200000000, 
-10.250804361358474, 3.132220908371261, geometry_msgs.msg.Vector3(x=-2.0529791772426993, y=-0.217091888763166, z=-0.5334909610558968), 504205000000, 
-10.245215149298984, 3.032796154657547, geometry_msgs.msg.Vector3(x=-2.051590645317801, y=-0.22586498381978995, z=-0.5282700986880541), 504210000000, 
-10.25012286076794, 2.9125253849927817, geometry_msgs.msg.Vector3(x=-2.050510927434609, y=-0.23457953400590223, z=-0.5230505437256446), 504215000000, 
-10.128401133326062, 2.2710316051162023, geometry_msgs.msg.Vector3(x=-2.049311685506885, y=-0.24300410843798112, z=-0.5181102033366012), 504220000000, 
-9.721302113241736, 0.14640761375662537, geometry_msgs.msg.Vector3(x=-2.0488566361466782, y=-0.24940476030476433, z=-0.5139507538401282), 504225000000, 
-9.71033155077575, 0.10654532674455172, geometry_msgs.msg.Vector3(x=-2.0492808699861405, y=-0.25529702712693214, z=-0.5100920848243574), 504230000000, 
-1.0807274655229142, -0.8091248388790024, -1.629706179097661, 504229000000, 
-9.728653273063735, 0.0752023236717184, geometry_msgs.msg.Vector3(x=-2.049707205347158, y=-0.26283259303137224, z=-0.5051213274259507), 504235000000, 
-9.710984279076337, 0.07633298122266899, geometry_msgs.msg.Vector3(x=-2.0494343734475424, y=-0.2675547568330765, z=-0.5016212838593206), 504240000000, 
-9.719070617614909, 0.02830686283569849, geometry_msgs.msg.Vector3(x=-2.0497180858153676, y=-0.2737671875708024, z=-0.4975824988945777), 504245000000, 
-9.712837828778085, 0.022365947013909707, geometry_msgs.msg.Vector3(x=-2.04963145350101, y=-0.27988911580387127, z=-0.4934860916579003), 504250000000, 
-9.719572574969265, 0.04606902872234051, geometry_msgs.msg.Vector3(x=-2.049863378507143, y=-0.2865441405178403, z=-0.4894010434372373), 504255000000, 
-9.741035618005572, -0.011123687122798969, geometry_msgs.msg.Vector3(x=-2.049559210961168, y=-0.2922793914379832, z=-0.4852258349000008), 504260000000, 
-1.0708121002071083, -0.806845314407048, -1.3256347919424734, 504263000000, 
-9.739273055145889, -0.0306939903805859, geometry_msgs.msg.Vector3(x=-2.049828928446488, y=-0.29862860859913243, z=-0.4811228013132746), 504265000000, 
-9.719866910724729, -0.07313863312255929, geometry_msgs.msg.Vector3(x=-2.050076231166712, y=-0.3045892107558086, z=-0.4773505261547628), 504270000000, 
-9.714513202497569, -0.09283773523934033, geometry_msgs.msg.Vector3(x=-2.0504074318624665, y=-0.3107620047439716, z=-0.47258751735833887), 504275000000, 
-9.707573573027876, -0.07626341300959115, geometry_msgs.msg.Vector3(x=-2.050291124247305, y=-0.31746222943551744, z=-0.46894340457758604), 504280000000, 
-9.697168360227938, -0.11898999960883652, geometry_msgs.msg.Vector3(x=-2.049819757207045, y=-0.3232811172248889, z=-0.464978359260022), 504285000000, 
-9.723549359360307, -0.10911306710157473, geometry_msgs.msg.Vector3(x=-2.050382563272942, y=-0.32931909846344853, z=-0.4609381567906503), 504290000000, 
-9.693701804612738, -0.14986581094208393, geometry_msgs.msg.Vector3(x=-2.050483858044567, y=-0.33945497238559313, z=-0.4538844720813283), 504297000000, 
-1.061044346161043, -0.803942765678746, -1.0070902878463777, 504297000000, 
-9.687078970820263, -0.17501449250174023, geometry_msgs.msg.Vector3(x=-2.050454170698508, y=-0.3439509349300652, z=-0.45109645792143166), 504302000000, 
-9.752237549627797, -0.18524875070263502, geometry_msgs.msg.Vector3(x=-2.0504582932369417, y=-0.3504362966932627, z=-0.4465908505940393), 504307000000, 
-9.7185336045639, -0.20687945676273187, geometry_msgs.msg.Vector3(x=-2.050644573286876, y=-0.3568095129640749, z=-0.4429975049479747), 504312000000, 
-9.714667496131657, -0.21586620148076788, geometry_msgs.msg.Vector3(x=-2.05096436448929, y=-0.36276824425241155, z=-0.4385146649552256), 504317000000, 
-9.719984829003678, -0.21955789341753332, geometry_msgs.msg.Vector3(x=-2.05084322087836, y=-0.36912672347818115, z=-0.43480690076841977), 504322000000, 
-9.725306079821353, -0.2795221246637433, geometry_msgs.msg.Vector3(x=-2.0504128747302377, y=-0.3754458708369819, z=-0.43077857776958856), 504327000000, 
-1.0514599199310126, -0.8004240536789862, -0.6944139397979607, 504331000000, 
-9.726051236067141, -0.2715719342928382, geometry_msgs.msg.Vector3(x=-2.0502573193043796, y=-0.3814491023402979, z=-0.4263920430902538), 504332000000, 
-9.735759925866882, -0.303377892348593, geometry_msgs.msg.Vector3(x=-2.050592523982299, y=-0.38796933212713863, z=-0.42234887388341935), 504337000000, 
-9.732282524786628, -0.3034657515588336, geometry_msgs.msg.Vector3(x=-2.05056627414387, y=-0.39404420944569885, z=-0.4182239231915814), 504342000000, 
-9.682633465101265, -0.31862217744354904, geometry_msgs.msg.Vector3(x=-2.0500783903052, y=-0.40041134318644095, z=-0.4142583943674623), 504347000000, 
-9.696897090024285, -0.3575922159204476, geometry_msgs.msg.Vector3(x=-2.049795020712059, y=-0.40575849745054404, z=-0.4101936824284126), 504352000000, 
-9.696795441732778, -0.3594011054975695, geometry_msgs.msg.Vector3(x=-2.0499009280014664, y=-0.4126778269372378, z=-0.40576778540893643), 504357000000, 
-9.696752907811147, -0.3799290190233636, geometry_msgs.msg.Vector3(x=-2.0496397941525175, y=-0.4217456661871112, z=-0.40025617361954907), 504363000000, 
-1.0420972899490661, -0.7962986974049674, -0.4051721085109655, 504365000000, 
-9.666278349184031, -0.39124641875340677, geometry_msgs.msg.Vector3(x=-2.0493958430182375, y=-0.42632107108830525, z=-0.3971860588485675), 504368000000, 
-9.703006009265707, -0.3934387371886764, geometry_msgs.msg.Vector3(x=-2.0490092088430405, y=-0.4323808884595619, z=-0.3932159690637075), 504373000000, 
-9.707120195131314, -0.43775214329052364, geometry_msgs.msg.Vector3(x=-2.048758983326123, y=-0.43909142334413126, z=-0.3890564394133709), 504378000000, 
-9.676332434918779, -0.47740740499174517, geometry_msgs.msg.Vector3(x=-2.0479948342844096, y=-0.44540120399552235, z=-0.38509425106546163), 504383000000, 
-9.709755498849153, -0.4774372100159453, geometry_msgs.msg.Vector3(x=-2.0480173168754545, y=-0.4513993642182794, z=-0.3811155521663686), 504388000000, 
-9.693314358798244, -0.497443347245654, geometry_msgs.msg.Vector3(x=-2.0472671330128334, y=-0.4576066822670242, z=-0.3769707015053293), 504393000000, 
-9.666909785857785, -0.5080945217932913, geometry_msgs.msg.Vector3(x=-2.047036339803937, y=-0.4637931027430566, z=-0.37293616173592703), 504398000000, 
-1.0329962927168088, -0.7915790565229739, -0.14742966992582524, 504399000000, 
-9.696693839083371, -0.5356857126733912, geometry_msgs.msg.Vector3(x=-2.04667157040058, y=-0.4697148571042469, z=-0.36886054759438475), 504403000000, 
-9.706450284114572, -0.5502707961289118, geometry_msgs.msg.Vector3(x=-2.0462990708481477, y=-0.4762552204021147, z=-0.3647354573950111), 504408000000, 
-9.698452133579778, -0.5541903764711904, geometry_msgs.msg.Vector3(x=-2.045838144398368, y=-0.4821463936548704, z=-0.3611799289518145), 504413000000, 
-9.71323208923171, -0.5852503642188357, geometry_msgs.msg.Vector3(x=-2.0454189254335664, y=-0.48876078942694967, z=-0.3574070174972742), 504418000000, 
-9.705014606978532, -0.610494519945886, geometry_msgs.msg.Vector3(x=-2.0448897840061537, y=-0.4949164188942036, z=-0.3532105843929144), 504423000000, 
-9.66920489177981, -0.6191164597384877, geometry_msgs.msg.Vector3(x=-2.0445926579752314, y=-0.5012465429722396, z=-0.34942207966019057), 504428000000, 
-9.65574515495706, -0.5944625599917509, geometry_msgs.msg.Vector3(x=-2.043971928509881, y=-0.5073755118604881, z=-0.3456229596334845), 504433000000, 
-1.0241955088670824, -0.7862794202015914, 0.07909206050411718, 504433000000, 
-9.689272676552047, -0.6188511781419006, geometry_msgs.msg.Vector3(x=-2.0434691325838132, y=-0.5135129445113353, z=-0.34166953539624795), 504438000000, 
-9.695116337777911, -0.6515188333212969, geometry_msgs.msg.Vector3(x=-2.0430730917771633, y=-0.5204056633341339, z=-0.3376399180154178), 504443000000, 
-9.65655423771549, -0.6671006890490377, geometry_msgs.msg.Vector3(x=-2.0427857520491886, y=-0.5263423859482882, z=-0.3334428584708484), 504448000000, 
-22.093167252260717, 13.103281732827044, geometry_msgs.msg.Vector3(x=-2.0434034608457337, y=-0.5271310017474609, z=-0.3208466622192705), 504453000000, 
-8.489123791591483, 6.956736466057042, geometry_msgs.msg.Vector3(x=-2.0414613576253378, y=-0.5259570502355279, z=-0.31565202574998324), 504458000000, 
-11.383167035506247, 9.215174898646657, geometry_msgs.msg.Vector3(x=-2.0397316897068403, y=-0.5253657726730605, z=-0.308040776085387), 504463000000, 
-1.0175876842060536, -0.781306348757994, 0.2763869947634731, 504467000000, 
-8.497413402783957, 6.905739262723131, geometry_msgs.msg.Vector3(x=-2.038351040630793, y=-0.5247687450665344, z=-0.3028951314594274), 504468000000, 
-13.950715423288477, 11.214139731316745, geometry_msgs.msg.Vector3(x=-2.0361314951603657, y=-0.5234267536654911, z=-0.2940408434605586), 504473000000, 
-8.338573600684246, 5.081592235157077, geometry_msgs.msg.Vector3(x=-2.0348960451108296, y=-0.5228635858434105, z=-0.2890969401357668), 504478000000, 
-10.664620220263982, -0.8393575427836905, geometry_msgs.msg.Vector3(x=-2.0347814550895165, y=-0.521179164272198, z=-0.28482082822721094), 504483000000, 
-10.230541284615555, -0.8381130292070281, geometry_msgs.msg.Vector3(x=-2.0352647164843827, y=-0.5185034979338636, z=-0.2767883208648555), 504493000000, 
-7.767610141812139, -0.6428363652588301, geometry_msgs.msg.Vector3(x=-2.0353643343347887, y=-0.5174503309986359, z=-0.2733713356190793), 504498000000, 
-1.0186440709404951, -0.7773823348785677, 0.4399922326136497, 504501000000, 
-10.79916249492242, -0.8766952280865301, geometry_msgs.msg.Vector3(x=-2.0355978286686254, y=-0.5160636359790605, z=-0.2687767891143429), 504503000000, 
-7.8119032724863935, -0.6770295365059544, geometry_msgs.msg.Vector3(x=-2.0353774827136353, y=-0.5147262643152799, z=-0.26549842719049754), 504508000000, 
-12.457970778365782, -1.1278656186104672, geometry_msgs.msg.Vector3(x=-2.0358394462748826, y=-0.5130192345132387, z=-0.26086171336004044), 504513000000, 
-7.786134225492693, -0.6955920187063381, geometry_msgs.msg.Vector3(x=-2.035466787126977, y=-0.5124280550040413, z=-0.25804844981142744), 504518000000, 
-10.947779364762471, -0.9827420146242657, geometry_msgs.msg.Vector3(x=-2.0357159270329217, y=-0.5103929223161304, z=-0.25307286023765846), 504523000000, 
-7.791662423435527, -0.7377747341604176, geometry_msgs.msg.Vector3(x=-2.0360644827338854, y=-0.5091993878465052, z=-0.2500032974740654), 504528000000, 
-12.338149796155914, -1.2008962584039304, geometry_msgs.msg.Vector3(x=-2.036214622727069, y=-0.5078215101172622, z=-0.24509646752700964), 504533000000, 
-1.0203676612519508, -0.773555205494959, 0.5772983869146884, 504535000000, 
-7.8381955727472095, -0.7722228039513432, geometry_msgs.msg.Vector3(x=-2.036056676178306, y=-0.5066729553507475, z=-0.2416163229884927), 504538000000, 
-11.01942309182937, -1.0213335715195515, geometry_msgs.msg.Vector3(x=-2.0364059353215276, y=-0.505745608328448, z=-0.23784229035763552), 504543000000, 
-7.811627094638027, -0.7797999282878255, geometry_msgs.msg.Vector3(x=-2.036203865172783, y=-0.5044179122790234, z=-0.23414275461764525), 504548000000, 
-12.232402791568566, -1.2585420076112925, geometry_msgs.msg.Vector3(x=-2.0358730780736183, y=-0.5024600024878267, z=-0.2290293254511214), 504556000000, 
-9.707089278409441, -0.9896126664327796, geometry_msgs.msg.Vector3(x=-2.036651305565585, y=-0.5010875620937156, z=-0.22351578756965587), 504561000000, 
-7.8145540852737385, -0.8060602516181767, geometry_msgs.msg.Vector3(x=-2.0363663050624043, y=-0.49952897393323326, z=-0.22043453909938932), 504566000000, 
-1.0223278915926886, -0.7698381711861992, 0.6955850934031677, 504569000000, 
-11.126255661050402, -1.1924920113003792, geometry_msgs.msg.Vector3(x=-2.0364107747717277, y=-0.49838074265433596, z=-0.21608544622130685), 504571000000, 
-7.78524881438587, -0.7946777039828793, geometry_msgs.msg.Vector3(x=-2.036435282426725, y=-0.4972722843956237, z=-0.21261302230347992), 504576000000, 
-12.091024570497975, -1.2930844616305484, geometry_msgs.msg.Vector3(x=-2.0367062242228444, y=-0.49580597675905896, z=-0.2083342690017552), 504581000000, 
-7.772687973815163, -0.8883960203305123, geometry_msgs.msg.Vector3(x=-2.0364006831699224, y=-0.49500354939004, z=-0.20515528868204103), 504586000000, 
-11.220673276149006, -1.2262090233367522, geometry_msgs.msg.Vector3(x=-2.0365213649717875, y=-0.4935143105029318, z=-0.20056988049124236), 504591000000, 
-7.794851347118934, -0.8753965275927349, geometry_msgs.msg.Vector3(x=-2.036745754370534, y=-0.4926966431423145, z=-0.1978865008452901), 504596000000, 
-11.988962818237944, -1.3638645086565977, geometry_msgs.msg.Vector3(x=-2.0367854150968387, y=-0.49084706676529166, z=-0.1932353042752256), 504601000000, 
-1.024518049934614, -0.7662446750535132, 0.8000791246247961, 504603000000, 
-7.803782539013189, -0.8977655185676688, geometry_msgs.msg.Vector3(x=-2.0371444750581325, y=-0.48981263255998114, z=-0.19016514137458215), 504606000000, 
-11.280935940949174, -1.2934716523672627, geometry_msgs.msg.Vector3(x=-2.0372309483927604, y=-0.4878191488806584, z=-0.18540766340745535), 504611000000, 
-7.802969676525395, -0.9234442437229481, geometry_msgs.msg.Vector3(x=-2.0373657693490204, y=-0.4873610050477418, z=-0.18266840447665686), 504616000000, 
-9.71359190215478, -1.155499963899027, geometry_msgs.msg.Vector3(x=-2.03733358391148, y=-0.48614094621830023, z=-0.17979392254156024), 504621000000, 
-11.082534350833585, -1.3336303700319039, geometry_msgs.msg.Vector3(x=-2.037915864052455, y=-0.48417574534264557, z=-0.17375264496316076), 504626000000, 
-9.691339709541298, -1.2000767739948417, geometry_msgs.msg.Vector3(x=-2.0375812869502528, y=-0.4837628950015303, z=-0.1705491535654014), 504631000000, 
-7.781363026001031, -0.9489293418294206, geometry_msgs.msg.Vector3(x=-2.037904870118684, y=-0.4821988063050004, z=-0.16751440532660092), 504636000000, 
-1.0269309912908697, -0.7627869179964853, 0.8944470018798569, 504637000000, 
-11.87492596178738, -1.4857484581781706, geometry_msgs.msg.Vector3(x=-2.0383436539642683, y=-0.48095935148193614, z=-0.16299555692980908), 504641000000, 
-7.783840027810048, -0.9869000295441798, geometry_msgs.msg.Vector3(x=-2.0383722955144608, y=-0.47979733752927717, z=-0.159658395259949), 504646000000, 
-11.362672799953277, -1.4208652622042293, geometry_msgs.msg.Vector3(x=-2.038304933095531, y=-0.47858165970247607, z=-0.15524603135175313), 504651000000, 
-7.754937297847194, -1.002290964751637, geometry_msgs.msg.Vector3(x=-2.038671986893885, y=-0.47757808238674443, z=-0.1519855989339365), 504656000000, 
-11.841832663138268, -1.5505655651146593, geometry_msgs.msg.Vector3(x=-2.0386561607936153, y=-0.4760386929555153, z=-0.14774057897497261), 504661000000, 
-7.74543641886771, -1.036813739143366, geometry_msgs.msg.Vector3(x=-2.0387240793679244, y=-0.47485664586475174, z=-0.1439845021259919), 504666000000, 
-11.374340135511853, -1.518594989956601, geometry_msgs.msg.Vector3(x=-2.0386714708623455, y=-0.4733066911169401, z=-0.14023227530665067), 504671000000, 
-1.0295587087185294, -0.7594766708136418, 0.9812827830175662, 504671000000, 
-7.743934961097653, -1.0397209360657473, geometry_msgs.msg.Vector3(x=-2.0388018229501603, y=-0.4725451450517849, z=-0.13706112345366478), 504676000000, 
-11.811531790237003, -1.5726687690792092, geometry_msgs.msg.Vector3(x=-2.0391147926260484, y=-0.4711323857712914, z=-0.13232650647954305), 504681000000, 
-7.794583960099839, -1.0577952416319059, geometry_msgs.msg.Vector3(x=-2.039119909217928, y=-0.46998917525235934, z=-0.12942703108054743), 504686000000, 
-9.665073975582445, -1.3253748438132522, geometry_msgs.msg.Vector3(x=-2.039372780139885, y=-0.4684385935607748, z=-0.12306890803357998), 504693000000, 
-9.627115645749805, -1.3340478190629999, geometry_msgs.msg.Vector3(x=-2.0388767548889435, y=-0.4668248351876019, z=-0.11982484274105143), 504698000000, 
-11.436942768567135, -1.6066296096251393, geometry_msgs.msg.Vector3(x=-2.0393119536793933, y=-0.4653991998403142, z=-0.11582705124642899), 504703000000, 
-1.0323918746057723, -0.7563263078442036, 1.0624362241482461, 504705000000, 
-7.755547010402722, -1.0797512129935396, geometry_msgs.msg.Vector3(x=-2.0395079075224487, y=-0.464489360236026, z=-0.11193037216191501), 504708000000, 
-11.691817428158913, -1.697096753069673, geometry_msgs.msg.Vector3(x=-2.0390191138064813, y=-0.46344953344143935, z=-0.10837379618893857), 504713000000, 
-7.722579261824163, -1.1142506916788883, geometry_msgs.msg.Vector3(x=-2.039285863383966, y=-0.46198240945822944, z=-0.1051956378596952), 504718000000, 
-11.406921118081371, -1.6459419857079942, geometry_msgs.msg.Vector3(x=-2.0389323283169265, y=-0.4604725028592547, z=-0.10077335445446509), 504723000000, 
-7.703584448689398, -1.1160479545172348, geometry_msgs.msg.Vector3(x=-2.0390352924069113, y=-0.4596103640298054, z=-0.09790779913892571), 504728000000, 
-11.66918995428035, -1.706870298823756, geometry_msgs.msg.Vector3(x=-2.038885734305911, y=-0.4580255363238677, z=-0.09317732728880147), 504733000000, 
-7.744447897591738, -1.1144633033512623, geometry_msgs.msg.Vector3(x=-2.038821901231957, y=-0.45707144841116043, z=-0.08962315721596423), 504738000000, 
-1.0354200176823858, -0.7533487869182199, 1.1392281803347104, 504739000000, 
-11.428965212331878, -1.7387708263963328, geometry_msgs.msg.Vector3(x=-2.03870524535563, y=-0.45591449079946567, z=-0.08569271076082628), 504743000000, 
-7.745740255797066, -1.1629009187741042, geometry_msgs.msg.Vector3(x=-2.038548194162602, y=-0.45471824079035217, z=-0.08249576067533973), 504748000000, 
-11.677603369563183, -1.7757382816436806, geometry_msgs.msg.Vector3(x=-2.038151814935501, y=-0.45321851054112017, z=-0.07838688302667686), 504753000000, 
-7.71705342852128, -1.1411655486266796, geometry_msgs.msg.Vector3(x=-2.0384580281056848, y=-0.45235796212461094, z=-0.07533937431486956), 504758000000, 
-11.45051383518507, -1.7378671228648503, geometry_msgs.msg.Vector3(x=-2.0386053264907744, y=-0.4507215972714505, z=-0.07085152141572117), 504763000000, 
-9.732723709384043, -1.515696047616761, geometry_msgs.msg.Vector3(x=-2.0383486000586415, y=-0.4488972953670187, z=-0.06686423024627605), 504768000000, 
-9.628020510052163, -1.5239700932471811, geometry_msgs.msg.Vector3(x=-2.0380925244792385, y=-0.4484649733984768, z=-0.06368942885508547), 504773000000, 
-1.0386324332870631, -0.7505564433909568, 1.212614836567924, 504773000000, 
-7.731658743453536, -1.216726976749983, geometry_msgs.msg.Vector3(x=-2.038270518612268, y=-0.4472753859029426, z=-0.06121555224073538), 504778000000, 
-11.455640358367091, -1.8086191961147104, geometry_msgs.msg.Vector3(x=-2.038204009656925, y=-0.44590689160461994, z=-0.05640547584408934), 504783000000, 
-7.705725141755287, -1.2077371013600635, geometry_msgs.msg.Vector3(x=-2.0381409376505166, y=-0.4448222849874602, z=-0.05347537564995939), 504788000000, 
-11.612501676135956, -1.8403551822284803, geometry_msgs.msg.Vector3(x=-2.038272424157907, y=-0.44313573018935165, z=-0.04931477166883421), 504793000000, 
-7.7129469643806425, -1.2288143966108167, geometry_msgs.msg.Vector3(x=-2.0380537166567763, y=-0.4428084868915699, z=-0.046328341501327544), 504798000000, 
-11.448674075107894, -1.852075574042351, geometry_msgs.msg.Vector3(x=-2.037894874325852, y=-0.44163972165847326, z=-0.042387534710047484), 504803000000, 
-1.042018982117875, -0.7479598374202634, 1.2833226127349555, 504807000000, 
-7.720712498941924, -1.2611072477510437, geometry_msgs.msg.Vector3(x=-2.0381878503566218, y=-0.4399345454846011, z=-0.03913561176217378), 504808000000, 
-11.604702463238489, -1.923970138827913, geometry_msgs.msg.Vector3(x=-2.038513618049762, y=-0.4388394702105552, z=-0.035405142583874526), 504813000000, 
-7.7079837839104925, -1.2519158206152663, geometry_msgs.msg.Vector3(x=-2.038674116127958, y=-0.4375418636757467, z=-0.03185119177631694), 504818000000, 
-11.442155213195779, -1.8775274056869327, geometry_msgs.msg.Vector3(x=-2.0389552212248265, y=-0.43618604468122946, z=-0.027513207813911936), 504823000000, 
-7.679423119513143, -1.2914431300363898, geometry_msgs.msg.Vector3(x=-2.0385109114379247, y=-0.43532669991076994, z=-0.0246675676418699), 504828000000, 
-11.619021172704374, -1.933811094682411, geometry_msgs.msg.Vector3(x=-2.0387567491060383, y=-0.43375332056732274, z=-0.020616237286032308), 504833000000, 
-7.710172435704036, -1.3165523546213642, geometry_msgs.msg.Vector3(x=-2.039028249785232, y=-0.43284025631522216, z=-0.017839205726681306), 504838000000, 
-1.0455697651321043, -0.7455678877962393, 1.3519398470492339, 504841000000, 
-11.418849494905636, -1.8982789043810313, geometry_msgs.msg.Vector3(x=-2.0392331011063134, y=-0.43129067483786665, z=-0.013383435164209692), 504843000000, 
-7.688694726335379, -1.3188308959800534, geometry_msgs.msg.Vector3(x=-2.039525392855714, y=-0.4304682101430502, z=-0.01048005404747317), 504848000000, 
-11.538735590238275, -2.0052561423961497, geometry_msgs.msg.Vector3(x=-2.039282844478117, y=-0.42896467092181145, z=-0.0059638849056614564), 504853000000, 
-7.688949744670626, -1.2807224299510025, geometry_msgs.msg.Vector3(x=-2.039375356265568, y=-0.4278273254186564, z=-0.0031830561684214305), 504858000000, 
-11.465578556401912, -1.9407855047725757, geometry_msgs.msg.Vector3(x=-2.040076037738151, y=-0.42671330346806474, z=0.0015535094502409494), 504863000000, 
-7.705808252418803, -1.3029493422489316, geometry_msgs.msg.Vector3(x=-2.0398516181491058, y=-0.4256446089836419, z=0.004309996045050327), 504868000000, 
-11.520194407523592, -2.015429619588609, geometry_msgs.msg.Vector3(x=-2.040673929970687, y=-0.42419230903900235, z=0.00895505876642401), 504873000000, 
-1.049273747740261, -0.7433891150583295, 1.4189546777086348, 504875000000, 
-7.69104175496856, -1.3324879912047938, geometry_msgs.msg.Vector3(x=-2.0405174466222333, y=-0.42312960059377785, z=0.012219388477019106), 504878000000, 
-11.430486781585783, -2.0398496490689073, geometry_msgs.msg.Vector3(x=-2.040380101574239, y=-0.421901651948526, z=0.016428022754169023), 504883000000, 
-7.692551202725241, -1.3040463330031018, geometry_msgs.msg.Vector3(x=-2.040687211214232, y=-0.4208582764814728, z=0.019317274526875552), 504888000000, 
-11.539812119963281, -2.0194643207248255, geometry_msgs.msg.Vector3(x=-2.0404526764081723, y=-0.419279102872051, z=0.023665480279401872), 504893000000, 
-7.708833400512437, -1.3501555152621956, geometry_msgs.msg.Vector3(x=-2.0400254684340458, y=-0.4181073364483997, z=0.026766060376678294), 504898000000, 
-9.59509855119795, -1.688512855661309, geometry_msgs.msg.Vector3(x=-2.040566195706034, y=-0.417225756510106, z=0.029890394681742916), 504905000000, 
-1.0531176970313985, -0.7414326506336577, 1.4847579792306498, 504909000000, 
-9.576088585464332, -1.7278413459470578, geometry_msgs.msg.Vector3(x=-2.0407799839847263, y=-0.4158907837716253, z=0.035717068449768345), 504910000000, 
-11.472028342769377, -2.0459288959011452, geometry_msgs.msg.Vector3(x=-2.0402393363827005, y=-0.41427806888455276, z=0.03983739848573966), 504915000000, 
-7.697363933423878, -1.373796120711373, geometry_msgs.msg.Vector3(x=-2.0403058360470157, y=-0.4129132725648886, z=0.04284627158584876), 504920000000, 
-11.500411652041903, -2.0705901965748894, geometry_msgs.msg.Vector3(x=-2.0403848274973795, y=-0.41142773283853135, z=0.0468590813298469), 504925000000, 
-7.676491665604908, -1.3658426251696123, geometry_msgs.msg.Vector3(x=-2.040048636682539, y=-0.410196532955016, z=0.05028995809694247), 504930000000, 
-11.46632901435091, -2.0942049179965005, geometry_msgs.msg.Vector3(x=-2.040091207356063, y=-0.408914781027786, z=0.05446306093297154), 504935000000, 
-7.700810280840624, -1.3606549085853739, geometry_msgs.msg.Vector3(x=-2.0399281604650876, y=-0.4082669132715496, z=0.05729310936584926), 504940000000, 
-1.0570867335488836, -0.7397080195921799, 1.5496482057214322, 504943000000, 
-11.492272323845363, -2.1086594189751957, geometry_msgs.msg.Vector3(x=-2.0393370078130855, y=-0.4065077358394077, z=0.06179261886969845), 504945000000, 
-7.709192318605002, -1.410440643686993, geometry_msgs.msg.Vector3(x=-2.039864775052517, y=-0.4055947159161928, z=0.06488140222877167), 504950000000, 
-11.445128958460112, -2.0782645558852004, geometry_msgs.msg.Vector3(x=-2.039727753819829, y=-0.4040034402209634, z=0.06915768503424131), 504955000000, 
-7.687341831562654, -1.3944614586819026, geometry_msgs.msg.Vector3(x=-2.0394102957239317, y=-0.40330252114732534, z=0.07161351237996533), 504960000000, 
-11.483141848279008, -2.10467532720303, geometry_msgs.msg.Vector3(x=-2.0387581598400977, y=-0.40166127856271, z=0.0759239925636692), 504965000000, 
-7.665563609966312, -1.4187294754734217, geometry_msgs.msg.Vector3(x=-2.0388436185599574, y=-0.4008837426580215, z=0.07893939799636847), 504970000000, 
-9.57712494132799, -1.7440942851963812, geometry_msgs.msg.Vector3(x=-2.0388122639915482, y=-0.3986320828047403, z=0.08485227450127471), 504977000000, 
-1.0611661583295469, -0.7382240589305656, 1.6138603953124853, 504977000000, 
-9.558626383673339, -1.7528606902558614, geometry_msgs.msg.Vector3(x=-2.039275081970509, y=-0.397336347217389, z=0.08756813645294362), 504982000000, 
-11.460082143913786, -2.1200218063960397, geometry_msgs.msg.Vector3(x=-2.039060407279002, y=-0.3960651759569948, z=0.09151806992049918), 504987000000, 
-7.657446622239494, -1.4329465975194215, geometry_msgs.msg.Vector3(x=-2.038654852415763, y=-0.39473629080319655, z=0.09471335558778378), 504992000000, 
-11.495782080746443, -2.105633990680256, geometry_msgs.msg.Vector3(x=-2.038158532524529, y=-0.3937280187567204, z=0.09857805094553505), 504997000000, 
-7.6726027495030715, -1.4356935219792228, geometry_msgs.msg.Vector3(x=-2.038972528518019, y=-0.39301784054451727, z=0.10134295692383864), 505002000000, 
-11.451388213602854, -2.066891145208571, geometry_msgs.msg.Vector3(x=-2.038890788435631, y=-0.3910147046561648, z=0.10522308694275248), 505007000000, 
-1.065342699074376, -0.7369880912991834, 1.6776100670575003, 505011000000, 
-7.648588585606762, -1.4256343174175523, geometry_msgs.msg.Vector3(x=-2.0386817911879653, y=-0.3902713591899533, z=0.10853681260286621), 505014000000, 
-10.91449448652952, -2.0564762662401703, geometry_msgs.msg.Vector3(x=-2.038659127326284, y=-0.3881744205925178, z=0.11372892293783708), 505019000000, 
-7.643628863298076, -1.4137049479213526, geometry_msgs.msg.Vector3(x=-2.0392287935662274, y=-0.38719022752733545, z=0.11718739083914986), 505024000000, 
-11.481479370939901, -2.1132410559989183, geometry_msgs.msg.Vector3(x=-2.039128733951291, y=-0.3855037234945316, z=0.12153896862366258), 505029000000, 
-7.6775446715828215, -1.4411029788163718, geometry_msgs.msg.Vector3(x=-2.039503530250445, y=-0.38482666191217435, z=0.12424328689085423), 505034000000, 
-11.438650930029029, -2.103065564398052, geometry_msgs.msg.Vector3(x=-2.0393865272357514, y=-0.38357225367447867, z=0.12816456543694216), 505039000000, 
-1.06960381971654, -0.7360060430380793, 1.7411218346596982, 505045000000, 
-9.55097313470539, -1.8029998209817832, geometry_msgs.msg.Vector3(x=-2.0396744481140483, y=-0.3808019053844096, z=0.13391147917099036), 505047000000, 
-7.664885570825911, -1.4200705394904494, geometry_msgs.msg.Vector3(x=-2.040359194012439, y=-0.38010075744762445, z=0.1369477713354017), 505052000000, 
-11.448156358650358, -2.1320663154646056, geometry_msgs.msg.Vector3(x=-2.0402536608488187, y=-0.3789357469662655, z=0.1408702507479509), 505057000000, 
-7.645126326736753, -1.4507096702446747, geometry_msgs.msg.Vector3(x=-2.040152124311484, y=-0.37798080039402976, z=0.14430785945905908), 505062000000, 
-11.46979209963845, -2.1490149156847766, geometry_msgs.msg.Vector3(x=-2.0409115767856507, y=-0.37646401904289717, z=0.14874967197594433), 505067000000, 
-7.637054232666668, -1.4316146324041323, geometry_msgs.msg.Vector3(x=-2.0405120087224935, y=-0.37553026163065645, z=0.15155614320112784), 505072000000, 
-11.511002767735897, -2.1285301256578846, geometry_msgs.msg.Vector3(x=-2.0410716294564657, y=-0.3738455581707334, z=0.15611806719427598), 505077000000, 
-1.0739357578573037, -0.735283071395464, 1.804629326968479, 505079000000, 
-7.709883245955571, -1.4132264372853702, geometry_msgs.msg.Vector3(x=-2.040658664989558, y=-0.3731058843406139, z=0.15885784630459093), 505082000000, 
-11.450155387872462, -2.1173161170061663, geometry_msgs.msg.Vector3(x=-2.041095317263625, y=-0.37146092273270404, z=0.16308072084626565), 505087000000, 
-7.639792287784144, -1.4117044108435834, geometry_msgs.msg.Vector3(x=-2.040990020953139, y=-0.3702431516574031, z=0.16603912040431562), 505092000000, 
-11.443660762678244, -2.1206247482752647, geometry_msgs.msg.Vector3(x=-2.0410050865803875, y=-0.36889719411919486, z=0.17038211959298932), 505097000000, 
-7.6371663656017, -1.4003284752314524, geometry_msgs.msg.Vector3(x=-2.0410387509994283, y=-0.3678981323503612, z=0.1731095600301714), 505102000000, 
-10.91471790813086, -2.007939917444638, geometry_msgs.msg.Vector3(x=-2.0413981175430176, y=-0.36611915181899213, z=0.17955492730702868), 505108000000, 
-1.0783223645676348, -0.7348239682987767, 1.8683596053242115, 505113000000, 
-9.548505882663028, -1.7946845714965534, geometry_msgs.msg.Vector3(x=-2.0411788313427537, y=-0.36463739074390167, z=0.1820989396957762), 505113000000, 
-7.664511651993752, -1.412884690657279, geometry_msgs.msg.Vector3(x=-2.04128462178767, y=-0.36394391124362124, z=0.1850971600317056), 505118000000, 
-10.528152705363862, -1.902617089645946, geometry_msgs.msg.Vector3(x=-2.0412663530345947, y=-0.36190095880992057, z=0.18900348309012557), 505123000000, 
-9.555119272807211, -1.7444497553874505, geometry_msgs.msg.Vector3(x=-2.040866737135895, y=-0.36120435946692503, z=0.19274814058830905), 505128000000, 
-9.558646035158967, -1.7315918877500498, geometry_msgs.msg.Vector3(x=-2.040893365425084, y=-0.35978540229057027, z=0.19644050645208128), 505133000000, 
-9.573149190306697, -1.753227738319203, geometry_msgs.msg.Vector3(x=-2.0411136231597076, y=-0.3585989117972068, z=0.199883994522941), 505138000000, 
-9.564635021360205, -1.747875765772006, geometry_msgs.msg.Vector3(x=-2.040802914278734, y=-0.35744552316085804, z=0.20400238742566265), 505143000000, 
-1.0827446565275984, -0.7346364758036871, 1.9325277265403518, 505147000000, 
-9.562541298497774, -1.738146209801008, geometry_msgs.msg.Vector3(x=-2.0407914423532323, y=-0.3559119972461145, z=0.20682755310767834), 505148000000, 
-9.540112377213518, -1.7232214441493308, geometry_msgs.msg.Vector3(x=-2.040687969292253, y=-0.3545323685448183, z=0.21138402612574267), 505153000000, 
-9.563552214991295, -1.7574638928176611, geometry_msgs.msg.Vector3(x=-2.0405026970352487, y=-0.3535098010857572, z=0.21441128882256694), 505158000000, 
-9.565973557685298, -1.7410848396206056, geometry_msgs.msg.Vector3(x=-2.0401039788013304, y=-0.3522137858486079, z=0.2180019747898906), 505163000000, 
-9.572051389556885, -1.708428463031319, geometry_msgs.msg.Vector3(x=-2.040715869791674, y=-0.34979840806946544, z=0.22272271245814082), 505168000000, 
-9.583331323312436, -1.7264481176735855, geometry_msgs.msg.Vector3(x=-2.0402302793862175, y=-0.3492275307200235, z=0.22555368713477583), 505173000000, 
-9.589999793844248, -1.7023892082904264, geometry_msgs.msg.Vector3(x=-2.040315147472716, y=-0.3479748966024445, z=0.22883619189944937), 505178000000, 
-1.0871859640902328, -0.7347219432912208, 1.9973550107262479, 505181000000, 
-9.592728773708554, -1.7116822459388137, geometry_msgs.msg.Vector3(x=-2.0406632373274856, y=-0.34661094541108134, z=0.2320745550517666), 505183000000, 
-9.585931316977993, -1.6755066398889602, geometry_msgs.msg.Vector3(x=-2.04050799052704, y=-0.34521594391861776, z=0.23614223868551437), 505188000000, 
-9.587809990481983, -1.6948857004003608, geometry_msgs.msg.Vector3(x=-2.0399839333886725, y=-0.3445815300513419, z=0.2393953628802015), 505193000000, 
-9.57874421951108, -1.6988148418692446, geometry_msgs.msg.Vector3(x=-2.040188686106896, y=-0.3427012433694707, z=0.24312415122414544), 505198000000, 
-9.592724252924498, -1.6482396892793485, geometry_msgs.msg.Vector3(x=-2.0401097874647363, y=-0.3415647286476364, z=0.24640832934467802), 505203000000, 
-9.577982537572568, -1.6890185716749706, geometry_msgs.msg.Vector3(x=-2.04015631229053, y=-0.3400628261664159, z=0.24978490035842765), 505208000000, 
-9.590713979813794, -1.6768388678294437, geometry_msgs.msg.Vector3(x=-2.0403060539534748, y=-0.3389991816876805, z=0.2540286691618703), 505213000000, 
-1.091630582314826, -0.7350822481952329, 2.063100717120273, 505215000000, 
-9.592108246865886, -1.6714795154183237, geometry_msgs.msg.Vector3(x=-2.0401683762251572, y=-0.33759648008534726, z=0.25764146312776887), 505218000000, 
-9.569532091876747, -1.6463273188527279, geometry_msgs.msg.Vector3(x=-2.040084177661456, y=-0.33564027969554117, z=0.26335153537771894), 505225000000, 
-9.584165680601359, -1.6683937822946076, geometry_msgs.msg.Vector3(x=-2.0402436932178234, y=-0.3344164085450642, z=0.2657901479780984), 505230000000, 
-9.598517659999821, -1.6461716494640235, geometry_msgs.msg.Vector3(x=-2.0408447660258506, y=-0.3334066973239552, z=0.2694722037488565), 505235000000, 
-9.574702041793632, -1.631056040326717, geometry_msgs.msg.Vector3(x=-2.0409869355265085, y=-0.33199367628122944, z=0.2733192004889278), 505240000000, 
-9.575225334111243, -1.665230139737861, geometry_msgs.msg.Vector3(x=-2.0408862113651254, y=-0.3310625061934547, z=0.2770689863918113), 505245000000, 
-1.0960628275780793, -0.7357192738607521, 2.1300881910382343, 505249000000, 
-9.576535825960047, -1.590698092963396, geometry_msgs.msg.Vector3(x=-2.041017586347681, y=-0.32919557775791386, z=0.28029018561858243), 505250000000, 
-9.61919873420012, -1.6008331571714522, geometry_msgs.msg.Vector3(x=-2.0410688143135816, y=-0.3279155894881471, z=0.28422913498832303), 505255000000, 
-9.582700100008273, -1.5895661586171985, geometry_msgs.msg.Vector3(x=-2.0406468678729706, y=-0.32619872333560324, z=0.2877931189989558), 505260000000, 
-9.58416501535273, -1.5928428778005235, geometry_msgs.msg.Vector3(x=-2.0409295561468963, y=-0.3251821091137639, z=0.29116575670461364), 505265000000, 
-9.60167882427935, -1.577161782983443, geometry_msgs.msg.Vector3(x=-2.0415823157514996, y=-0.3236481946191569, z=0.2950456654399216), 505270000000, 
-9.596084363555967, -1.5826709931551464, geometry_msgs.msg.Vector3(x=-2.0414144204644114, y=-0.32205403993037474, z=0.300054198300587), 505276000000, 
-9.598373223575235, -1.5377750592050627, geometry_msgs.msg.Vector3(x=-2.0415253338814177, y=-0.32068546753583094, z=0.3034104288853766), 505281000000, 
-1.1004660104959427, -0.7366336919404018, 2.1987186768479456, 505283000000, 
-9.596162151441508, -1.5360443535106336, geometry_msgs.msg.Vector3(x=-2.041262617428878, y=-0.3193505841713849, z=0.3078575136370488), 505286000000, 
-9.598437104247846, -1.5327233467201788, geometry_msgs.msg.Vector3(x=-2.0412796698503466, y=-0.3182813244243464, z=0.3106236565547764), 505291000000, 
-9.615350329297677, -1.545706255212023, geometry_msgs.msg.Vector3(x=-2.04166550271871, y=-0.31709650391171074, z=0.3143656460949886), 505296000000, 
-9.625401137827877, -1.5222560810557144, geometry_msgs.msg.Vector3(x=-2.0415793796417083, y=-0.31592172859203144, z=0.31798744224275854), 505301000000, 
-9.62582103521438, -1.5128139274961891, geometry_msgs.msg.Vector3(x=-2.04145486488547, y=-0.31429322485375777, z=0.3216962951441205), 505306000000, 
-9.604624831180981, -1.4989058753979592, geometry_msgs.msg.Vector3(x=-2.0414712027805275, y=-0.31276727501467566, z=0.3253410224660717), 505311000000, 
-9.612814482976878, -1.48916961790311, geometry_msgs.msg.Vector3(x=-2.0414564453627175, y=-0.31175413427605, z=0.32894686349253976), 505316000000, 
-1.1048220960613155, -0.7378249946441117, 2.269485218698705, 505317000000, 
-9.587769351208456, -1.4643375660528497, geometry_msgs.msg.Vector3(x=-2.041406387132089, y=-0.31056783153372464, z=0.33270340676913474), 505321000000, 
-9.608713042422591, -1.5202831864866533, geometry_msgs.msg.Vector3(x=-2.041239546061302, y=-0.30907878134495137, z=0.336173221224113), 505326000000, 
-9.61085419204384, -1.4943382340798337, geometry_msgs.msg.Vector3(x=-2.0413591915630853, y=-0.30739207103117633, z=0.34116435604863016), 505331000000, 
-9.605936489066105, -1.4771898300070454, geometry_msgs.msg.Vector3(x=-2.0411054868925405, y=-0.3062354231033702, z=0.3437622871710189), 505336000000, 
-9.61413431636793, -1.4192820960781287, geometry_msgs.msg.Vector3(x=-2.0413678796053585, y=-0.3050863790528049, z=0.34768015839480515), 505341000000, 
-9.6117415030245, -1.4176694663317366, geometry_msgs.msg.Vector3(x=-2.041514892476765, y=-0.3037798112083604, z=0.35097100653491325), 505346000000, 
-9.620754345272863, -1.4057584049919865, geometry_msgs.msg.Vector3(x=-2.041418341178078, y=-0.3021501353368881, z=0.3549637928865222), 505351000000, 
-1.1091125865367057, -0.7392917828972669, 2.3430058900681856, 505351000000, 
-9.633874341118199, -1.3902611642848022, geometry_msgs.msg.Vector3(x=-2.0412514530625043, y=-0.3008037218665531, z=0.35868952691869876), 505356000000, 
-9.641981151194681, -1.3557995019585047, geometry_msgs.msg.Vector3(x=-2.0415260552773624, y=-0.29959815457247035, z=0.3627666689709607), 505361000000, 
-9.621157163121854, -1.3838581938202512, geometry_msgs.msg.Vector3(x=-2.041344803080556, y=-0.2980635729763674, z=0.3661693188996935), 505366000000, 
-9.635163621962619, -1.3488149841760848, geometry_msgs.msg.Vector3(x=-2.041123519385028, y=-0.2969730213637191, z=0.36990504222872145), 505371000000, 
-9.618117275012445, -1.3553409050879144, geometry_msgs.msg.Vector3(x=-2.0416636525944467, y=-0.2950617257024077, z=0.3736507362855383), 505376000000, 
-9.62262851809136, -1.3072597344377865, geometry_msgs.msg.Vector3(x=-2.041102215148859, y=-0.2940285897065141, z=0.3778661986272997), 505381000000, 
-9.633263877641385, -1.3219858240566973, geometry_msgs.msg.Vector3(x=-2.041397270908414, y=-0.2937467922478039, z=0.3788200661909373), 505386000000, 
-1.1133194172974419, -0.7410319400194444, 2.4200886955687575, 505385000000, 
-9.633921082110067, -1.299843269325265, geometry_msgs.msg.Vector3(x=-2.041084411342735, y=-0.2910046738141048, z=0.3854964058063183), 505391000000, 
-9.67146530717068, -1.290350437456373, geometry_msgs.msg.Vector3(x=-2.041398436103482, y=-0.289608534995512, z=0.3890297952105453), 505396000000, 
-9.688538081026941, -1.256525215185239, geometry_msgs.msg.Vector3(x=-2.040972741195426, y=-0.2883978190325568, z=0.3922689539448671), 505401000000, 
-9.659534747703741, -1.2269888697102387, geometry_msgs.msg.Vector3(x=-2.0414659630912992, y=-0.28695572394109153, z=0.3957805232995717), 505406000000, 
-9.641619923570168, -1.2325228684802947, geometry_msgs.msg.Vector3(x=-2.041149369855788, y=-0.28546196953687136, z=0.4002059793027841), 505411000000, 
-9.65388076068364, -1.2202600374583399, geometry_msgs.msg.Vector3(x=-2.0418150613979105, y=-0.28433622227766686, z=0.40398335981997346), 505416000000, 
-1.1174248627851464, -0.7430423907258759, 2.501827710097412, 505419000000, 
-9.649801841064649, -1.2168732674814522, geometry_msgs.msg.Vector3(x=-2.0410926755370182, y=-0.28296447364906396, z=0.4077143296245116), 505421000000, 
-9.655745757707374, -1.1848263734824134, geometry_msgs.msg.Vector3(x=-2.0414429672475523, y=-0.2813556726751377, z=0.4116783653034673), 505426000000, 
-9.644705523045342, -1.2173246929804016, geometry_msgs.msg.Vector3(x=-2.0414312646824118, y=-0.28026147101879706, z=0.4152725970337384), 505431000000, 
-9.666708498281773, -1.1547603880041413, geometry_msgs.msg.Vector3(x=-2.0412748883117007, y=-0.27904745930848573, z=0.4191070600338066), 505436000000, 
-9.685959818206179, -1.1591992507114417, geometry_msgs.msg.Vector3(x=-2.041370880009066, y=-0.27647275877488386, z=0.42545379791173993), 505443000000, 
-9.68807926885433, -1.1419152379556814, geometry_msgs.msg.Vector3(x=-2.041129543530145, y=-0.2753840924671339, z=0.4283802184620884), 505448000000, 
-9.657205691712036, -1.098501591820358, geometry_msgs.msg.Vector3(x=-2.0408954849324035, y=-0.27423395081566365, z=0.43162919814994494), 505453000000, 
-1.1214108631121047, -0.7453186073914075, 2.58973711420728, 505453000000, 
-9.705506449446947, -1.1079675921674972, geometry_msgs.msg.Vector3(x=-2.040834579138878, y=-0.27257893773493747, z=0.43558180779674077), 505458000000, 
-9.6488713770883, -1.075011334361075, geometry_msgs.msg.Vector3(x=-2.041042268465936, y=-0.27117577772430584, z=0.4396876821703973), 505463000000, 
-9.713563101080728, -1.0592106611996064, geometry_msgs.msg.Vector3(x=-2.0407823722235015, y=-0.269825419375761, z=0.4434376274775644), 505468000000, 
-9.695106612069354, -1.0376161474945627, geometry_msgs.msg.Vector3(x=-2.0410519586262317, y=-0.2683603539746212, z=0.44731462054776294), 505473000000, 
-9.70284905202286, -0.9987746756633602, geometry_msgs.msg.Vector3(x=-2.0405668535473596, y=-0.26703391503943075, z=0.45129304687662863), 505478000000, 
-9.699473452944728, -1.0133711347488636, geometry_msgs.msg.Vector3(x=-2.0409867542112354, y=-0.2654257297199756, z=0.4555045940164892), 505483000000, 
-1.1252588319755936, -0.7478545461736238, 2.685947069933348, 505487000000, 
-9.705132424893405, -0.9942251282193625, geometry_msgs.msg.Vector3(x=-2.0404442401705585, y=-0.263989974397833, z=0.45910152017742306), 505488000000, 
-9.6922740090956, -0.9704306617237738, geometry_msgs.msg.Vector3(x=-2.040327520286838, y=-0.2629476789730485, z=0.4631639104766565), 505493000000, 
-9.67731361259687, -0.9716053224133783, geometry_msgs.msg.Vector3(x=-2.040113195338587, y=-0.2612834099414342, z=0.46648125972332477), 505498000000, 
-9.690758684175048, -0.9474940449312866, geometry_msgs.msg.Vector3(x=-2.0398873391994705, y=-0.2599208387901133, z=0.4702961231017806), 505503000000, 
-9.685994538706058, -0.8964008622967533, geometry_msgs.msg.Vector3(x=-2.0396493959157667, y=-0.2581092487695402, z=0.47426783472161077), 505508000000, 
-9.674407678940208, -0.8883730925728371, geometry_msgs.msg.Vector3(x=-2.0396743601661993, y=-0.2566763803262652, z=0.47841227624156646), 505513000000, 
-9.705114240269609, -0.8779955318603702, geometry_msgs.msg.Vector3(x=-2.0401762357212276, y=-0.2554462780551776, z=0.4818624832630311), 505518000000, 
-1.1289502660517083, -0.7506432312694276, 2.793512459836243, 505521000000, 
-9.704387051176973, -0.8732640622004604, geometry_msgs.msg.Vector3(x=-2.0396125213382854, y=-0.2545797714843481, z=0.4850059959127522), 505523000000, 
-9.695559371909095, -0.8594004357258909, geometry_msgs.msg.Vector3(x=-2.039578280403083, y=-0.25294724768922866, z=0.4896950798492553), 505528000000, 
-9.71798199246134, -0.845149641922057, geometry_msgs.msg.Vector3(x=-2.0393237508010165, y=-0.2513624980331126, z=0.4943092457402345), 505533000000, 
-9.723807199765943, -0.7926744916026414, geometry_msgs.msg.Vector3(x=-2.0395581628732646, y=-0.2501742235340391, z=0.4981303286901699), 505538000000, 
-9.694184263915037, -0.7723558741708062, geometry_msgs.msg.Vector3(x=-2.0391206730285956, y=-0.24812696537225554, z=0.5023778426101074), 505543000000, 
-9.696021756741345, -0.7475459736286767, geometry_msgs.msg.Vector3(x=-2.038946858040432, y=-0.24699297824605534, z=0.5055011593528566), 505548000000, 
-9.712336045031263, -0.7541817869260806, geometry_msgs.msg.Vector3(x=-2.039246629179394, y=-0.24610796594669557, z=0.5090309767386718), 505553000000, 
-1.132467424751845, -0.753677248079746, 2.9169099210474165, 505555000000, 
-9.691672249944046, -0.730496934066938, geometry_msgs.msg.Vector3(x=-2.0390275810245884, y=-0.2437703728461511, z=0.5138792906527873), 505558000000, 
-9.704457428388574, -0.693822595368843, geometry_msgs.msg.Vector3(x=-2.0387186902442243, y=-0.24248641763234116, z=0.5169742703909612), 505563000000, 
-9.697706651100829, -0.6660141736566859, geometry_msgs.msg.Vector3(x=-2.039120124209027, y=-0.24165536139586116, z=0.5207969580095465), 505568000000, 
-9.698141554573654, -0.6474224333753892, geometry_msgs.msg.Vector3(x=-2.039047702187761, y=-0.239614269690742, z=0.5243419093826303), 505573000000, 
-9.697267672564168, -0.6210261885605806, geometry_msgs.msg.Vector3(x=-2.0392662402526898, y=-0.2382842026356029, z=0.5288043961540061), 505578000000, 
-9.740369590325692, -0.624882387785301, geometry_msgs.msg.Vector3(x=-2.0394146304625136, y=-0.23739571230419976, z=0.5327682705551509), 505583000000, 
-9.709505474441595, -0.5691470616944931, geometry_msgs.msg.Vector3(x=-2.0388628039850034, y=-0.23611580841200988, z=0.536467999257478), 505588000000, 
-1.135793244973433, -0.7569483323564626, 3.0627760457494566, 505589000000, 
-9.744485912484194, -0.5882791755314872, geometry_msgs.msg.Vector3(x=-2.039054775843937, y=-0.23353384010338563, z=0.5429184446304184), 505595000000, 
-9.708228833715458, -0.5610677467924784, geometry_msgs.msg.Vector3(x=-2.038587105063073, y=-0.23246042250206544, z=0.5461775301172983), 505600000000, 
-9.72521059382081, -0.5209883917203425, geometry_msgs.msg.Vector3(x=-2.038361123880519, y=-0.2312129673293791, z=0.5506369627259465), 505605000000, 
-9.705538375710859, -0.48535699425574963, geometry_msgs.msg.Vector3(x=-2.0383285187946742, y=-0.2293388376014616, z=0.5541510152252918), 505610000000, 
-9.732501806637055, -0.45574069589721955, geometry_msgs.msg.Vector3(x=-2.0383499706324986, y=-0.22827982532840943, z=0.5583080906585589), 505615000000, 
-9.714005322526386, -0.4684648162781306, geometry_msgs.msg.Vector3(x=-2.038025362349941, y=-0.2270002135888899, z=0.5625347874616125), 505620000000, 
-1.1389106762312247, -0.760446230494714, -3.042436251339698, 505623000000, 
-9.725652309728252, -0.41166039450840514, geometry_msgs.msg.Vector3(x=-2.038173267276773, y=-0.22555914327889146, z=0.5666789793697719), 505625000000, 
-9.729908807265438, -0.4001406833972651, geometry_msgs.msg.Vector3(x=-2.038015211213331, y=-0.2239058754700608, z=0.5707933773667475), 505630000000, 
-9.694330367957354, -0.3535789440422811, geometry_msgs.msg.Vector3(x=-2.0377148785082606, y=-0.22265840912025656, z=0.5745718031129124), 505635000000, 
-9.689767640149084, -0.3380953717669194, geometry_msgs.msg.Vector3(x=-2.0375027992320187, y=-0.22119957303353546, z=0.5790242645896944), 505641000000, 
-9.69933944215619, -0.34842041085721537, geometry_msgs.msg.Vector3(x=-2.0372818469536584, y=-0.2194010294405543, z=0.5834106265763727), 505646000000, 
-9.707865798032001, -0.2825557506366244, geometry_msgs.msg.Vector3(x=-2.037040773848204, y=-0.21769586722820047, z=0.5879686674816644), 505651000000, 
-9.734511513837706, -0.26464483680427403, geometry_msgs.msg.Vector3(x=-2.036676326900331, y=-0.21633831678943288, z=0.5919048902587537), 505656000000, 
-1.1418023068260215, -0.7641581072729182, -2.819753580869762, 505657000000, 
-9.717840036467178, -0.23286517198987655, geometry_msgs.msg.Vector3(x=-2.036062173086592, y=-0.2149732526869637, z=0.5962377181688037), 505661000000, 
-9.742806818894607, -0.22644217703823508, geometry_msgs.msg.Vector3(x=-2.0359383472344454, y=-0.21356676817119885, z=0.5999535731109403), 505666000000, 
-9.732385917018421, -0.19573784344238357, geometry_msgs.msg.Vector3(x=-2.0354665949638413, y=-0.21196715040589914, z=0.6042213837099822), 505671000000, 
-9.729212355800056, -0.15976615016959472, geometry_msgs.msg.Vector3(x=-2.035340275476151, y=-0.21040977166755054, z=0.6082039191514099), 505676000000, 
-9.754952418926953, -0.1753813199068561, geometry_msgs.msg.Vector3(x=-2.034802299866649, y=-0.20918648290113576, z=0.612700261349027), 505681000000, 
-9.747334879899379, -0.1285025701125445, geometry_msgs.msg.Vector3(x=-2.034230462953784, y=-0.20808922343895872, z=0.6164543856900946), 505686000000, 
-9.749738188168669, -0.11674982756323606, geometry_msgs.msg.Vector3(x=-2.034209362160333, y=-0.20718151626571682, z=0.6182187993283492), 505691000000, 
-1.1444508188420093, -0.7680694000215285, -2.5410750880632453, 505691000000, 
-9.740053113160574, -0.0972935972140858, geometry_msgs.msg.Vector3(x=-2.033639268729588, y=-0.2051949519365608, z=0.6250415356627205), 505696000000, 
-9.749200055691436, -0.06264082526953198, geometry_msgs.msg.Vector3(x=-2.0334190790052125, y=-0.20356776316205658, z=0.6290340635548847), 505701000000, 
-9.742031727549653, -0.03362571231641733, geometry_msgs.msg.Vector3(x=-2.032706164369875, y=-0.2020809687855663, z=0.6330677791115988), 505706000000, 
-9.726819421518917, 0.011021319770434232, geometry_msgs.msg.Vector3(x=-2.0327869421779083, y=-0.2008206151071986, z=0.6369410168597291), 505711000000, 
-9.729200687089662, 0.00876855731760147, geometry_msgs.msg.Vector3(x=-2.032054372587507, y=-0.199306003649885, z=0.6411088706920287), 505716000000, 
-9.72268842809499, 0.030014058507483968, geometry_msgs.msg.Vector3(x=-2.0319469884648047, y=-0.19801197350613492, z=0.6449469105407966), 505721000000, 
-1.1468397997717101, -0.7721654473067867, -2.2102326293091186, 505725000000, 
-9.730421702699358, 0.08379719668643393, geometry_msgs.msg.Vector3(x=-2.031328183674076, y=-0.19660497558026796, z=0.6492218771307018), 505726000000, 
-9.717132880578415, 0.10425524655126009, geometry_msgs.msg.Vector3(x=-2.030751076712546, y=-0.19511121130493791, z=0.6533299465316179), 505731000000, 
-9.71114971167012, 0.13853652562654203, geometry_msgs.msg.Vector3(x=-2.0306221932092448, y=-0.1933063604229944, z=0.657286305419209), 505736000000, 
-9.72265516606374, 0.16481337068731652, geometry_msgs.msg.Vector3(x=-2.030307757975274, y=-0.19215882078774293, z=0.661448772141504), 505741000000, 
-9.709801194144392, 0.16457359953949643, geometry_msgs.msg.Vector3(x=-2.0302749736964225, y=-0.1905072094402617, z=0.6658843697023212), 505746000000, 
-9.726595028325702, 0.20774482951259612, geometry_msgs.msg.Vector3(x=-2.029894993288233, y=-0.18950927413720764, z=0.6695440218005143), 505751000000, 
-9.740005268259626, 0.22731920399191097, geometry_msgs.msg.Vector3(x=-2.0293207197000296, y=-0.18792224515195202, z=0.6740676721519917), 505756000000, 
-1.148954160939875, -0.776432112099604, -1.861269055324247, 505759000000, 
-9.70739074979687, 0.2365055699497667, geometry_msgs.msg.Vector3(x=-2.029366789282051, y=-0.1863923797322045, z=0.6779030566548774), 505761000000, 
-9.697418109781315, 0.29309250920928004, geometry_msgs.msg.Vector3(x=-2.02917783080167, y=-0.1848473645949703, z=0.6824400893867547), 505766000000, 
-26.575222734117748, 7.262746940982495, geometry_msgs.msg.Vector3(x=-2.0185516002226183, y=-0.1742691732458798, z=0.6737309977598218), 505771000000, 
-10.361606523448163, -2.2064956992044955, geometry_msgs.msg.Vector3(x=-2.015788235224503, y=-0.17090062511231668, z=0.66930099648995), 505776000000, 
-10.348599839668427, -2.1101326803933027, geometry_msgs.msg.Vector3(x=-2.0124449608129393, y=-0.16671208326095655, z=0.665140415863625), 505781000000, 
-10.24305404437497, -1.520525897045803, geometry_msgs.msg.Vector3(x=-2.0087824301429076, y=-0.16098768206213843, z=0.6583194392256223), 505788000000, 
-1.149230632520442, -0.775281006774676, -1.551144890253058, 505793000000, 
-9.688844726221483, -0.09794305727831018, geometry_msgs.msg.Vector3(x=-2.0094536083164436, y=-0.1591482641115423, z=0.6532803317824173), 505795000000, 
-9.713673148140952, -0.07511323330390977, geometry_msgs.msg.Vector3(x=-2.0102117045527184, y=-0.15685516219245277, z=0.6476964483169888), 505803000000, 
-9.668635148478838, -0.09815922899234752, geometry_msgs.msg.Vector3(x=-2.0105330299523168, y=-0.15609503079895512, z=0.6441442344275272), 505808000000, 
-9.711961554057845, -0.0870736388978938, geometry_msgs.msg.Vector3(x=-2.0110475996423407, y=-0.15448844084730018, z=0.6414082341635939), 505813000000, 
-9.680529764450338, -0.05645335655464606, geometry_msgs.msg.Vector3(x=-2.010755003658546, y=-0.15319210575171827, z=0.6374809105818825), 505818000000, 
-9.658282978969902, -0.012290499601983404, geometry_msgs.msg.Vector3(x=-2.0113220029854855, y=-0.15168006043542875, z=0.6337926901386447), 505823000000, 
-1.1493897729333613, -0.7701278087493912, -1.3098148836383452, 505827000000, 
-9.669801331344955, 0.011766903034365169, geometry_msgs.msg.Vector3(x=-2.011326322295368, y=-0.1503351624402786, z=0.6305120885763198), 505828000000, 
-9.685488659749513, 0.037594085088129725, geometry_msgs.msg.Vector3(x=-2.0115798749999567, y=-0.14914893895116688, z=0.6268928255213275), 505833000000, 
-9.65783520480186, 0.05073086209106512, geometry_msgs.msg.Vector3(x=-2.0116431382191755, y=-0.14759707588634136, z=0.6236997443794394), 505838000000, 
-9.678717611942655, 0.08162864090249478, geometry_msgs.msg.Vector3(x=-2.0116883619524017, y=-0.14621626905947258, z=0.6203135482557932), 505843000000, 
-9.66350249888151, 0.11664710244734738, geometry_msgs.msg.Vector3(x=-2.0120297354582277, y=-0.14521837192615764, z=0.616989529083632), 505848000000, 
-9.658999116226983, 0.12610104597400415, geometry_msgs.msg.Vector3(x=-2.012360495453696, y=-0.1439915415010719, z=0.6134368408721514), 505853000000, 
-9.687142317945124, 0.12578537402578416, geometry_msgs.msg.Vector3(x=-2.0124433090800697, y=-0.14255227742941934, z=0.6099630780167327), 505858000000, 
-1.1498926645582745, -0.7650041902931041, -1.125499872714393, 505861000000, 
-9.687135198930788, 0.17565231487941108, geometry_msgs.msg.Vector3(x=-2.0126849514781506, y=-0.14109990064225286, z=0.6067136855628932), 505863000000, 
-9.674324969785323, 0.16525040358781798, geometry_msgs.msg.Vector3(x=-2.0125104954833577, y=-0.13975306002360918, z=0.6034203574170625), 505868000000, 
-9.674116960236855, 0.19036749979987402, geometry_msgs.msg.Vector3(x=-2.012650975441392, y=-0.1384517959924173, z=0.599841432762104), 505873000000, 
-9.675719142664908, 0.1970285724270452, geometry_msgs.msg.Vector3(x=-2.012574579726928, y=-0.13697147611716662, z=0.5965649189272638), 505878000000, 
-9.674396144777514, 0.2439630466788767, geometry_msgs.msg.Vector3(x=-2.0128093936082467, y=-0.13564705129641053, z=0.5930110562439533), 505883000000, 
-9.663111027612178, 0.310159328627835, geometry_msgs.msg.Vector3(x=-2.0126840633710636, y=-0.13393641398699654, z=0.5880668902740144), 505889000000, 
-9.612716015686043, 0.29801226413469317, geometry_msgs.msg.Vector3(x=-2.0129998701931315, y=-0.13284300695337084, z=0.5852545746791342), 505894000000, 
-1.150731195286096, -0.75993546412693, -0.9819635430560818, 505895000000, 
-9.790130645609882, 0.24886769059937366, geometry_msgs.msg.Vector3(x=-2.012725825052148, y=-0.13146429728983278, z=0.5817743600913745), 505899000000, 
-7.752507043150192, 0.27621330794906773, geometry_msgs.msg.Vector3(x=-2.0130124414991717, y=-0.1307058624848343, z=0.5790148974105035), 505904000000, 
-13.224505857998375, 0.4951765964482273, geometry_msgs.msg.Vector3(x=-2.0134003287767874, y=-0.12834296730979453, z=0.5740297496717869), 505909000000, 
-9.62112919288182, 0.3497692743612872, geometry_msgs.msg.Vector3(x=-2.013526731130476, y=-0.12783438967002034, z=0.5716217088335853), 505914000000, 
-8.385256293101698, 0.29446433723496335, geometry_msgs.msg.Vector3(x=-2.013087863139498, y=-0.12637102092275748, z=0.5677929018936428), 505919000000, 
-7.776574172638152, 0.3266090695698771, geometry_msgs.msg.Vector3(x=-2.013725018396723, y=-0.12519624810123595, z=0.5648761947055491), 505924000000, 
-12.937774640189621, 0.5986666675200727, geometry_msgs.msg.Vector3(x=-2.0139122495925643, y=-0.1234682803593713, z=0.5601608668383374), 505929000000, 
-1.151893268917553, -0.7549443826432802, -0.8665368562549374, 505929000000, 
-7.711137819433166, 0.35885261250892736, geometry_msgs.msg.Vector3(x=-2.0140410858018454, y=-0.12265569193215109, z=0.5572170413890857), 505934000000, 
-10.251312123850127, 0.41510639352501005, geometry_msgs.msg.Vector3(x=-2.014051764529707, y=-0.1209171394379166, z=0.5539436409631179), 505939000000, 
-10.636681438020483, 0.5257730629305141, geometry_msgs.msg.Vector3(x=-2.014567103009485, y=-0.11942472629984013, z=0.5494188581744018), 505944000000, 
-6.697952697288033, 0.21857899718323015, geometry_msgs.msg.Vector3(x=-2.0149936161385757, y=-0.1192888570330387, z=0.5480545299478118), 505949000000, 
-9.062211922151237, 0.49803769668181613, geometry_msgs.msg.Vector3(x=-2.0151637875158483, y=-0.11751036493083226, z=0.5433940290747862), 505954000000, 
-10.496550318353986, 0.5329518892168225, geometry_msgs.msg.Vector3(x=-2.0155275283762855, y=-0.11622181090735537, z=0.539666941208145), 505959000000, 
-1.1533733493337386, -0.7500494744701127, -0.7706443335265442, 505963000000, 
-7.717362174763202, 0.4398743473051273, geometry_msgs.msg.Vector3(x=-2.0156662493567272, y=-0.11505036326262286, z=0.5368457473033569), 505964000000, 
-12.53268429206357, 0.7256424234218221, geometry_msgs.msg.Vector3(x=-2.0164140405883653, y=-0.11363222371883112, z=0.5324596409425723), 505969000000, 
-7.705779944522129, 0.455209715885844, geometry_msgs.msg.Vector3(x=-2.0165932690127195, y=-0.11253524269323681, z=0.5299395688792501), 505974000000, 
-10.606097994199928, 0.5716964147611855, geometry_msgs.msg.Vector3(x=-2.016992409022112, y=-0.11089443051627759, z=0.5260854245214369), 505979000000, 
-7.692674846356845, 0.4679206981900234, geometry_msgs.msg.Vector3(x=-2.01740247558595, y=-0.11019123755278876, z=0.5234272223828852), 505984000000, 
-12.396004595922236, 0.7926180822371444, geometry_msgs.msg.Vector3(x=-2.017675140204743, y=-0.10860959345359673, z=0.5190736115349167), 505990000000, 
-1.1551619790421837, -0.7452685092499622, -0.6886055405007304, 505997000000, 
-9.58176605032676, 0.619650142855543, geometry_msgs.msg.Vector3(x=-2.0188775523535987, y=-0.10552146810066539, z=0.5112766366197203), 506000000000, 
-9.560728197614498, 0.6695560371244282, geometry_msgs.msg.Vector3(x=-2.019194068284111, y=-0.10524190964578192, z=0.5086388146760421), 506005000000, 
-7.675369126834135, 0.5235110783511618, geometry_msgs.msg.Vector3(x=-2.019729011938623, y=-0.10407646049637848, z=0.5059835498838924), 506010000000, 
-10.815049880638611, 0.7397824134773109, geometry_msgs.msg.Vector3(x=-2.0198736169006595, y=-0.10264984266903283, z=0.5022321668677164), 506015000000, 
-7.69376066674175, 0.5389519669700789, geometry_msgs.msg.Vector3(x=-2.020660679452148, y=-0.10209186031908012, z=0.49993901243761857), 506020000000, 
-10.109594881063822, 0.7392182799057626, geometry_msgs.msg.Vector3(x=-2.0208568867706433, y=-0.09982952634231028, z=0.49577542858530155), 506025000000, 
-10.892835534565728, 0.7522553889281954, geometry_msgs.msg.Vector3(x=-2.021625539534226, y=-0.09888489062832523, z=0.49183888288704913), 506030000000, 
-1.157249452002221, -0.7406202948324592, -0.6166443972286458, 506031000000, 
-9.585616416019326, 0.740076662876052, geometry_msgs.msg.Vector3(x=-2.0216969007695536, y=-0.09805887089243744, z=0.48931910877079177), 506035000000, 
-7.702090433842132, 0.5715075941936059, geometry_msgs.msg.Vector3(x=-2.0218707435324528, y=-0.09711007696109705, z=0.48620567445766855), 506040000000, 
-12.027997952012221, 0.911603806465068, geometry_msgs.msg.Vector3(x=-2.0221674497449467, y=-0.09563943894225653, z=0.48244489160750054), 506045000000, 
-7.656935008418126, 0.5699174687865024, geometry_msgs.msg.Vector3(x=-2.022470442940016, y=-0.09455463780593579, z=0.48011951861753727), 506050000000, 
-9.562133696894183, 0.7542884697118285, geometry_msgs.msg.Vector3(x=-2.0229852751691975, y=-0.09399231020665921, z=0.47739314881123635), 506055000000, 
-9.188540281600392, 0.6709720494302537, geometry_msgs.msg.Vector3(x=-2.023415806659177, y=-0.09206791832993182, z=0.4736726673797217), 506060000000, 
-11.91504200812814, 0.9281004114609505, geometry_msgs.msg.Vector3(x=-2.023544846953137, y=-0.09096827208674277, z=0.4695850530554561), 506065000000, 
-1.159624348415858, -0.7361248690925408, -0.5522639053786802, 506065000000, 
-7.654386701288162, 0.6106142964721288, geometry_msgs.msg.Vector3(x=-2.0238357183669566, y=-0.0901760109566426, z=0.46715251905105454), 506070000000, 
-11.04354447627526, 0.8791542154694587, geometry_msgs.msg.Vector3(x=-2.0240458337867464, y=-0.08886761448354907, z=0.46350533250915055), 506075000000, 
-7.6796542333137126, 0.6615978592514875, geometry_msgs.msg.Vector3(x=-2.023941622756418, y=-0.08779355654661124, z=0.4607312775805659), 506080000000, 
-11.831676696526719, 0.9930286406466213, geometry_msgs.msg.Vector3(x=-2.0244827704080914, y=-0.08609965783097921, z=0.4569575701536902), 506085000000, 
-7.6565138580750824, 0.629826842081393, geometry_msgs.msg.Vector3(x=-2.0247297105348068, y=-0.08522327753461559, z=0.45413236478309066), 506090000000, 
-11.09289695208802, 0.9192251059670588, geometry_msgs.msg.Vector3(x=-2.024691149408966, y=-0.0838943439707859, z=0.4498821291444886), 506095000000, 
-1.16227319645265, -0.7318014484364038, -0.4938257819099779, 506099000000, 
-7.677490205344628, 0.6489614181714087, geometry_msgs.msg.Vector3(x=-2.025469582615866, y=-0.0832566098860928, z=0.44760304533987044), 506100000000, 
-11.795941111101257, 1.038767477094055, geometry_msgs.msg.Vector3(x=-2.025636120253602, y=-0.08201875389542657, z=0.4435251220792548), 506105000000, 
-7.65166646766485, 0.6258419133545486, geometry_msgs.msg.Vector3(x=-2.0256776739473086, y=-0.08083056196516508, z=0.441105879038401), 506110000000, 
-9.28640332994419, 0.8157609641565262, geometry_msgs.msg.Vector3(x=-2.0264653330632463, y=-0.0796522886782165, z=0.43726734080574825), 506115000000, 
-9.555104705038659, 0.8473768884983349, geometry_msgs.msg.Vector3(x=-2.026605139390984, y=-0.07887016451692462, z=0.434224479441601), 506120000000, 
-9.777687977423723, 0.8705149408595098, geometry_msgs.msg.Vector3(x=-2.027017271039487, y=-0.07726553082216747, z=0.43009548153522614), 506125000000, 
-9.532423241314167, 0.8212772382297814, geometry_msgs.msg.Vector3(x=-2.026988177645014, y=-0.07648760945428454, z=0.42730938231248844), 506130000000, 
-1.1651817191953213, -0.7276666263518435, -0.44022772561261436, 506133000000, 
-11.216458051926638, 0.9694056084578192, geometry_msgs.msg.Vector3(x=-2.027496844316138, y=-0.07523650505990973, z=0.42387591189681845), 506135000000, 
-7.618503870214029, 0.7111001076328863, geometry_msgs.msg.Vector3(x=-2.027880163357679, y=-0.07449578157722873, z=0.42097760564134495), 506140000000, 
-11.654423301254866, 1.0491671407727041, geometry_msgs.msg.Vector3(x=-2.028243462430546, y=-0.07326376414560351, z=0.41719928161551567), 506145000000, 
-7.632501771858778, 0.6619399184643299, geometry_msgs.msg.Vector3(x=-2.0289450256881763, y=-0.0724128793479053, z=0.41453716947270436), 506150000000, 
-11.21406019770772, 0.9883318419745533, geometry_msgs.msg.Vector3(x=-2.029519199318916, y=-0.0715095376205702, z=0.41060560610328267), 506155000000, 
-7.631298726607708, 0.6551339228033625, geometry_msgs.msg.Vector3(x=-2.0298203682659337, y=-0.07018306006550097, z=0.4078830467141415), 506160000000, 
-1.1683360850996054, -0.7237347099395727, -0.39067346731659, 506167000000, 
-9.518039754462109, 0.8661699531543774, geometry_msgs.msg.Vector3(x=-2.0307875894458123, y=-0.06857526564641644, z=0.40289914010736816), 506168000000, 
-9.492091086708108, 0.8488650679365831, geometry_msgs.msg.Vector3(x=-2.0310597481410735, y=-0.0675428907036357, z=0.40007418809928336), 506173000000, 
-9.643212361635426, 0.8871111975738338, geometry_msgs.msg.Vector3(x=-2.031363613023428, y=-0.06643847097132863, z=0.39567280593200266), 506178000000, 
-11.265594602311634, 1.0454922086401264, geometry_msgs.msg.Vector3(x=-2.032535508732989, y=-0.06524247382057738, z=0.39258470515490007), 506183000000, 
-7.62559658492678, 0.7010963255574071, geometry_msgs.msg.Vector3(x=-2.0328661499077847, y=-0.06493651307234431, z=0.3901632518206265), 506188000000, 
-11.558803764724322, 1.0726886925573684, geometry_msgs.msg.Vector3(x=-2.033335378779229, y=-0.06346961107137267, z=0.3859917477401037), 506193000000, 
-7.627408446544684, 0.7194385449129937, geometry_msgs.msg.Vector3(x=-2.0339121703543035, y=-0.06221238717722838, z=0.38359984431376654), 506198000000, 
-1.1717226851485452, -0.7200193953025689, -0.34455688921440364, 506201000000, 
-11.224425273492644, 1.0307076196911513, geometry_msgs.msg.Vector3(x=-2.0345813311698375, y=-0.061405927344001625, z=0.37946561860437933), 506203000000, 
-7.602184480021969, 0.697547819316441, geometry_msgs.msg.Vector3(x=-2.034865627956368, y=-0.06043075119073274, z=0.37705621463703587), 506208000000, 
-11.535805402586568, 1.064039372714496, geometry_msgs.msg.Vector3(x=-2.0356711962587535, y=-0.059587968016200504, z=0.37284521332875936), 506213000000, 
-7.609770195838639, 0.6689918068976267, geometry_msgs.msg.Vector3(x=-2.0362256303249935, y=-0.058592144841314926, z=0.37025161651127825), 506218000000, 
-9.496466012173382, 0.829573027354421, geometry_msgs.msg.Vector3(x=-2.036928541778852, y=-0.05705267151213407, z=0.36511751178097873), 506226000000, 
-11.244928737979452, 1.0442078081812767, geometry_msgs.msg.Vector3(x=-2.0377116534636364, y=-0.055622989488526974, z=0.3615456988484565), 506231000000, 
-7.591936737062978, 0.6890098189367634, geometry_msgs.msg.Vector3(x=-2.0382063929905274, y=-0.0548213147394956, z=0.35916006068444806), 506236000000, 
-1.1753269426934572, -0.7165346577769185, -0.3014329575175011, 506235000000, 
-11.459345031943176, 1.0529525603440109, geometry_msgs.msg.Vector3(x=-2.038899019971918, y=-0.05412031036333751, z=0.35540157129088207), 506241000000, 
-7.585917227587434, 0.6814010670559202, geometry_msgs.msg.Vector3(x=-2.038994409929869, y=-0.052968424231555705, z=0.35252472589132866), 506246000000, 
-11.272605617023821, 1.0220438161628635, geometry_msgs.msg.Vector3(x=-2.0400901224050556, y=-0.05211066810460169, z=0.349160319344683), 506251000000, 
-9.554683529205914, 0.8372066939068389, geometry_msgs.msg.Vector3(x=-2.040565057391513, y=-0.050585006720642214, z=0.34475208209111435), 506256000000, 
-9.466933934612946, 0.8699066287283258, geometry_msgs.msg.Vector3(x=-2.0410844362562055, y=-0.05022744993219238, z=0.34225186331943586), 506261000000, 
-9.400299100283823, 0.8357529693138845, geometry_msgs.msg.Vector3(x=-2.04159914892145, y=-0.048965956025496894, z=0.3381507344120997), 506266000000, 
-1.1791328302492936, -0.7132940765584853, -0.2610080520954486, 506269000000, 
-9.478623580512986, 0.8479051197489034, geometry_msgs.msg.Vector3(x=-2.0420828298162226, y=-0.04833231276425931, z=0.3359128498590186), 506271000000, 
-7.551001161587505, 0.6437665177674513, geometry_msgs.msg.Vector3(x=-2.04239886064879, y=-0.047223936224781896, z=0.33359417102692795), 506276000000, 
-9.465784570742823, 0.8331947495292026, geometry_msgs.msg.Vector3(x=-2.0428031038074947, y=-0.046896234961505766, z=0.33096705643683294), 506281000000, 
-9.519159010209744, 0.8436211768799553, geometry_msgs.msg.Vector3(x=-2.0436990196350835, y=-0.045176661980795035, z=0.32692158107135816), 506286000000, 
-10.808098123425397, 0.9045724599074165, geometry_msgs.msg.Vector3(x=-2.0448056337440024, y=-0.04405336299497086, z=0.32142309942772496), 506292000000, 
-9.441958852679035, 0.809991130572867, geometry_msgs.msg.Vector3(x=-2.0454809703041184, y=-0.04315761036775784, z=0.3187426629664646), 506297000000, 
-9.430004144223965, 0.7979230403187273, geometry_msgs.msg.Vector3(x=-2.045630094226346, y=-0.04267284820990097, z=0.31673923744916194), 506302000000, 
-1.1831236582673281, -0.7103098291644735, -0.22310160817456334, 506303000000, 
-9.382435076551559, 0.7481083690285936, geometry_msgs.msg.Vector3(x=-2.0465674047078, y=-0.041642690307600386, z=0.312363220463161), 506307000000, 
-9.507022956645812, 0.7720396556215987, geometry_msgs.msg.Vector3(x=-2.047601027037813, y=-0.04025904892152839, z=0.3089518854207293), 506312000000, 
-9.446892654646907, 0.7610819312818913, geometry_msgs.msg.Vector3(x=-2.047498129216894, y=-0.039617479145209036, z=0.30637033464101454), 506317000000, 
-7.583135213180784, 0.5901904334932927, geometry_msgs.msg.Vector3(x=-2.048197441480594, y=-0.039068571532240116, z=0.30389620214515345), 506322000000, 
-9.426773814829584, 0.7458645784205211, geometry_msgs.msg.Vector3(x=-2.0487135284444995, y=-0.03853327738013242, z=0.3009420837576465), 506327000000, 
-9.366163290346208, 0.7608355491005824, geometry_msgs.msg.Vector3(x=-2.049336592311965, y=-0.037210200277703914, z=0.29744025746726893), 506332000000, 
-11.359682177883165, 0.9200184982956057, geometry_msgs.msg.Vector3(x=-2.0504514951343666, y=-0.03633926426926619, z=0.2929012842448362), 506337000000, 
-1.1872829128888587, -0.7075926854008534, -0.18759260265210545, 506337000000, 
-7.537156960114147, 0.5802512476827525, geometry_msgs.msg.Vector3(x=-2.050639910739285, y=-0.035632743858543384, z=0.29071826053787114), 506342000000, 
-11.252520758017228, 0.8454864861688646, geometry_msgs.msg.Vector3(x=-2.0518842154504338, y=-0.034516412145378796, z=0.2870952102550585), 506347000000, 
-7.561291167524475, 0.5774676746440063, geometry_msgs.msg.Vector3(x=-2.0520983420681973, y=-0.03365870669493048, z=0.28421407243321306), 506352000000, 
-9.455178547789142, 0.6985043566150075, geometry_msgs.msg.Vector3(x=-2.053268183306268, y=-0.03262287605586302, z=0.2807283249026278), 506357000000, 
-11.260506185218947, 0.8365351285237355, geometry_msgs.msg.Vector3(x=-2.0537017302635725, y=-0.031658005324063286, z=0.2769410467044695), 506362000000, 
-7.54672342922523, 0.567196346561711, geometry_msgs.msg.Vector3(x=-2.0546823226557844, y=-0.03105528248745377, z=0.27406386084498296), 506367000000, 
-1.1915939293317546, -0.7051527080864263, -0.15439572456013737, 506371000000, 
-9.417359010871829, 0.6535300110045908, geometry_msgs.msg.Vector3(x=-2.055268134341036, y=-0.03004675270561888, z=0.271413835619843), 506372000000, 
-11.344891663360043, 0.8144926845417091, geometry_msgs.msg.Vector3(x=-2.0561568855550045, y=-0.029482999804839975, z=0.26719518021697913), 506377000000, 
-7.554225988453636, 0.5335439216877599, geometry_msgs.msg.Vector3(x=-2.0566180132111347, y=-0.028628977182726494, z=0.2649372484072848), 506382000000, 
-11.265303506644102, 0.7607122224268079, geometry_msgs.msg.Vector3(x=-2.0575449025444303, y=-0.02763595656435888, z=0.26122485210487806), 506387000000, 
-7.540429785301739, 0.4933621871222199, geometry_msgs.msg.Vector3(x=-2.057713288170646, y=-0.027139620915181455, z=0.2580832774669958), 506392000000, 
-11.339169114440892, 0.7423924902093973, geometry_msgs.msg.Vector3(x=-2.0584654675432237, y=-0.025965948387617663, z=0.25446261715930185), 506397000000, 
-7.5307087631755225, 0.4648971505537177, geometry_msgs.msg.Vector3(x=-2.0595345013535065, y=-0.025492179035770845, z=0.2522607554652365), 506402000000, 
-1.1960389764842245, -0.702999453482694, -0.12347633947817215, 506405000000, 
-11.273979950464756, 0.7371343144590391, geometry_msgs.msg.Vector3(x=-2.060494284028685, y=-0.02436797608458885, z=0.24837484229475543), 506407000000, 
-7.558198291609674, 0.47042930493158186, geometry_msgs.msg.Vector3(x=-2.0607565593946235, y=-0.023522843610366495, z=0.2457245297013963), 506412000000, 
-11.320363053126332, 0.7124596986501709, geometry_msgs.msg.Vector3(x=-2.0615896488607297, y=-0.022884799038965245, z=0.2415577030873787), 506417000000, 
-7.545271924780804, 0.40927206553139256, geometry_msgs.msg.Vector3(x=-2.062293185842589, y=-0.022097422969020664, z=0.23843626253934017), 506422000000, 
-12.528677880247297, 0.7258880252772926, geometry_msgs.msg.Vector3(x=-2.0630132098982417, y=-0.021631995272854535, z=0.23602014534172872), 506427000000, 
-9.39012650675781, 0.5442160987027056, geometry_msgs.msg.Vector3(x=-2.063880391845733, y=-0.02019868583413762, z=0.2324453505344349), 506432000000, 
-9.4249969678306, 0.49759222369150347, geometry_msgs.msg.Vector3(x=-2.0649209451783443, y=-0.019398351077183604, z=0.22833709557562382), 506437000000, 
-1.2005992830305066, -0.7011413626348834, -0.09486663994398317, 506439000000, 
-7.562234995911306, 0.4007118205434891, geometry_msgs.msg.Vector3(x=-2.0649650335367786, y=-0.019150183054896318, z=0.22560209885885185), 506442000000, 
-11.257350023558594, 0.5814118611285457, geometry_msgs.msg.Vector3(x=-2.06623146579298, y=-0.0177616357219983, z=0.22197232575224785), 506447000000, 
-7.551958210858037, 0.4154478452777195, geometry_msgs.msg.Vector3(x=-2.0667853156375884, y=-0.016785274574149515, z=0.2191043494741263), 506452000000, 
-11.319344777134877, 0.564380192072998, geometry_msgs.msg.Vector3(x=-2.067214997551834, y=-0.015758989799155253, z=0.215285027199434), 506457000000, 
-7.5569239639104095, 0.37489435292282314, geometry_msgs.msg.Vector3(x=-2.0683060401575477, y=-0.015785790164557383, z=0.21229150845667544), 506462000000, 
-11.26684299246195, 0.5291061313617865, geometry_msgs.msg.Vector3(x=-2.069405474071121, y=-0.014852123466343105, z=0.208135253174438), 506467000000, 
-7.5645356733887725, 0.3281905979719027, geometry_msgs.msg.Vector3(x=-2.0700281985977007, y=-0.014158881185860554, z=0.20573608655253067), 506472000000, 
-1.2052562711198513, -0.6995853619940695, -0.06864232904911378, 506473000000, 
-11.30138514162738, 0.4452944585216621, geometry_msgs.msg.Vector3(x=-2.070920321735269, y=-0.013131310014155568, z=0.20175716260037663), 506477000000, 
-7.5513299887431105, 0.29520480798130544, geometry_msgs.msg.Vector3(x=-2.0716171926177016, y=-0.012017074632241734, z=0.19862744258686554), 506482000000, 
-11.252845346667952, 0.47246131038678507, geometry_msgs.msg.Vector3(x=-2.072699959996918, y=-0.011700719014957691, z=0.19473887757403535), 506487000000, 
-7.517841927487813, 0.2876504377757814, geometry_msgs.msg.Vector3(x=-2.0737182451792395, y=-0.01099278936551358, z=0.1924383932109364), 506492000000, 
-11.277079088837986, 0.4001218798686257, geometry_msgs.msg.Vector3(x=-2.0748059319286782, y=-0.010329636563200783, z=0.18835394126538968), 506497000000, 
-7.516490811842937, 0.23405896767865625, geometry_msgs.msg.Vector3(x=-2.075434621230317, y=-0.009195248356540413, z=0.185814698022196), 506502000000, 
-12.533250935878433, 0.41212206707511784, geometry_msgs.msg.Vector3(x=-2.075668896250448, y=-0.008801567208453025, z=0.1829651077500892), 506507000000, 
-1.2099923830596897, -0.6983374131958009, -0.04487440471408354, 506507000000, 
-8.060747334518995, 0.21912968944698685, geometry_msgs.msg.Vector3(x=-2.0773346290293113, y=-0.007721110259151026, z=0.1796211776237839), 506512000000, 
-11.287400467764636, 0.3290453916033379, geometry_msgs.msg.Vector3(x=-2.0785279861265793, y=-0.007202827309585386, z=0.17496985340187998), 506517000000, 
-7.563839188318572, 0.1987974319314206, geometry_msgs.msg.Vector3(x=-2.07951144622968, y=-0.006838789400113327, z=0.1723816282093988), 506522000000, 
-11.22710673347399, 0.258111357645014, geometry_msgs.msg.Vector3(x=-2.0804698262290726, y=-0.005640503594526562, z=0.16856908732271253), 506527000000, 
-9.435399049684658, 0.1983694921224527, geometry_msgs.msg.Vector3(x=-2.0815003801465606, y=-0.004786354692497898, z=0.16442015672997956), 506533000000, 
-7.54111194024464, 0.14401330973852328, geometry_msgs.msg.Vector3(x=-2.0823321766664704, y=-0.003794240517658282, z=0.16221003730475114), 506538000000, 
-1.2147901114384303, -0.697403266352107, -0.023613447383033618, 506541000000, 
-11.240190847886177, 0.16969324977861477, geometry_msgs.msg.Vector3(x=-2.083482086330379, y=-0.003327636154933454, z=0.15804860302157744), 506543000000, 
-7.55982775915499, 0.12969847166223425, geometry_msgs.msg.Vector3(x=-2.0841273016874626, y=-0.0026145584120164287, z=0.1554441445781894), 506548000000, 
-11.297672150534444, 0.15959073124569237, geometry_msgs.msg.Vector3(x=-2.085355574984056, y=-0.0018909825046048315, z=0.15112422342842347), 506553000000, 
-7.520312150020263, 0.06332598602876209, geometry_msgs.msg.Vector3(x=-2.0862021962235526, y=-0.000933488338034696, z=0.14865581970010436), 506558000000, 
-9.386164749042019, 0.11239936318030003, geometry_msgs.msg.Vector3(x=-2.087312631282436, y=4.4091384456078364e-05, z=0.1451228014777872), 506564000000, 
-11.283476524851732, 0.09877280373513407, geometry_msgs.msg.Vector3(x=-2.0886842623461948, y=0.00028281679492794847, z=0.1407560465292258), 506569000000, 
-7.542803705407301, 0.04446985429571891, geometry_msgs.msg.Vector3(x=-2.0893395196595086, y=0.0011333357489708058, z=0.13798699848330648), 506574000000, 
-1.2196301573739878, -0.6967881962140458, -0.00493266868899277, 506575000000, 
-9.382967988134185, 0.0045377814416369166, geometry_msgs.msg.Vector3(x=-2.0900737902655435, y=0.001839485894088843, z=0.13434384569938806), 506579000000, 
-9.38733568191377, -0.01691075810406894, geometry_msgs.msg.Vector3(x=-2.0908558816066933, y=0.0029635506536059494, z=0.13131610736552415), 506584000000, 
-11.289646801337023, -0.03256125833125122, geometry_msgs.msg.Vector3(x=-2.092585895701852, y=0.0036905698625479947, z=0.12762100432099321), 506589000000, 
-7.539457561351689, -0.03558649571198295, geometry_msgs.msg.Vector3(x=-2.0925547846367056, y=0.004140256711723105, z=0.1248538043773241), 506594000000, 
-11.241177549204894, -0.09881838157631281, geometry_msgs.msg.Vector3(x=-2.0939727443390903, y=0.0052473519194965006, z=0.12056009594244538), 506599000000, 
-7.531652970898435, -0.07414994572059488, geometry_msgs.msg.Vector3(x=-2.0944458923089493, y=0.0060267295757728805, z=0.11784452945165591), 506604000000, 
-1.2244910738555443, -0.6964958511901367, 0.011017487341458366, 506609000000, 
-11.269802625637736, -0.11109839836530591, geometry_msgs.msg.Vector3(x=-2.095176363083486, y=0.005905324528699886, z=0.11400292665053995), 506609000000, 
-7.565288853281956, -0.09266100776438797, geometry_msgs.msg.Vector3(x=-2.095818303310132, y=0.0070507085827529814, z=0.11094387290495421), 506614000000, 
-11.263006124085678, -0.1771672364779855, geometry_msgs.msg.Vector3(x=-2.0971314008303694, y=0.007827248432088195, z=0.10676598696225552), 506619000000, 
-7.507781853870541, -0.16785767104047325, geometry_msgs.msg.Vector3(x=-2.0977126942500504, y=0.008351765956359222, z=0.1037958132833293), 506624000000, 
-11.251721477131676, -0.22245277899357963, geometry_msgs.msg.Vector3(x=-2.098858635473741, y=0.009647999440757069, z=0.09962530641955387), 506629000000, 
-7.555033630074625, -0.16062390103579813, geometry_msgs.msg.Vector3(x=-2.099460940359941, y=0.009972000277521861, z=0.09706955773108199), 506634000000, 
-11.264359629796422, -0.2992030785175315, geometry_msgs.msg.Vector3(x=-2.1002977914683174, y=0.010914283556721485, z=0.09252755316442922), 506639000000, 
-1.229351204208245, -0.6965277325276176, 0.02401762257330308, 506643000000, 
-7.510380669070438, -0.22980850938529424, geometry_msgs.msg.Vector3(x=-2.1014832169880826, y=0.011579147068739163, z=0.08981874357152403), 506644000000, 
-18.751410793475742, 0.6748990621890907, geometry_msgs.msg.Vector3(x=-2.0943065169499957, y=0.008366867583203342, z=0.09157493574101956), 506649000000, 
-6.86341460139636, -0.07724185763260219, geometry_msgs.msg.Vector3(x=-2.089064021713075, y=0.00637742167345222, z=0.09427816545548003), 506654000000, 
-9.673976076488174, -0.5477411136635887, geometry_msgs.msg.Vector3(x=-2.0867144805937268, y=0.004828282386043886, z=0.0961730852133221), 506659000000, 
-5.993160723615211, -0.3822299106481629, geometry_msgs.msg.Vector3(x=-2.079425298673321, y=0.001561169913507062, z=0.10071092920018873), 506665000000, 
-7.259075734896148, -0.4728645240565652, geometry_msgs.msg.Vector3(x=-2.075010923021156, y=-0.0001741486591978711, z=0.10350722302251977), 506670000000, 
-7.510186761518625, 0.10976833953113851, geometry_msgs.msg.Vector3(x=-2.074332182259698, y=0.0005253883629153699, z=0.10677402468697281), 506675000000, 
-1.2280256663582583, -0.6964233866736999, 0.03654049909942954, 506677000000, 
-12.624535781277396, 0.10892029309264882, geometry_msgs.msg.Vector3(x=-2.0730064051011454, y=0.0009390108495537625, z=0.11211851420233115), 506680000000, 
-7.510972197836092, 0.07903807220604481, geometry_msgs.msg.Vector3(x=-2.072594187997205, y=0.0019403512437618003, z=0.11545040867698782), 506685000000, 
-10.00985697017884, 0.14335832388127218, geometry_msgs.msg.Vector3(x=-2.071044737464482, y=0.002439942975355949, z=0.11954090451084438), 506690000000, 
-7.544160493523436, 0.010816756175359737, geometry_msgs.msg.Vector3(x=-2.0708476250741428, y=0.0031871394644579915, z=0.12261590042045031), 506695000000, 
-12.431260326763544, -0.003261784323605235, geometry_msgs.msg.Vector3(x=-2.0694962117172206, y=0.004125082788939068, z=0.12825022568923936), 506700000000, 
-7.4980503832756895, 0.012736003962143878, geometry_msgs.msg.Vector3(x=-2.068992464917401, y=0.0043701549592264945, z=0.1313350321380272), 506705000000, 
-10.206143721348353, 0.017933337190897465, geometry_msgs.msg.Vector3(x=-2.067538719271266, y=0.005457020013286206, z=0.1355234815739115), 506710000000, 
-1.2232053932778495, -0.6959790580349992, 0.0521586769180239, 506711000000, 
-7.54531228748341, -0.02157390360100914, geometry_msgs.msg.Vector3(x=-2.0676692092732587, y=0.005812980194754112, z=0.13882744383396325), 506715000000, 
-12.226476090330037, -0.10242376446059076, geometry_msgs.msg.Vector3(x=-2.065752473175984, y=0.006913690395726914, z=0.14397843272210062), 506720000000, 
-9.388120286735923, -0.03951878850240413, geometry_msgs.msg.Vector3(x=-2.064952799506876, y=0.007706297818329954, z=0.15031813812050304), 506727000000, 
-9.355853786336345, -0.07761856758731782, geometry_msgs.msg.Vector3(x=-2.064039171577859, y=0.008637651735901763, z=0.1539039227562369), 506732000000, 
-7.528555800257868, -0.10056452828771692, geometry_msgs.msg.Vector3(x=-2.063763609092559, y=0.009190647141031506, z=0.15708393122328423), 506737000000, 
-10.46723621543725, -0.10803374966273163, geometry_msgs.msg.Vector3(x=-2.0629458039102655, y=0.009784451902466728, z=0.16181979112230843), 506742000000, 
-1.218410663226345, -0.6952239237146882, 0.07110443785975798, 506745000000, 
-7.5389116171389, -0.12521259851760058, geometry_msgs.msg.Vector3(x=-2.0618428866658514, y=0.010390212872222852, z=0.1652414216985249), 506747000000, 
-12.016058020796496, -0.2412162082534078, geometry_msgs.msg.Vector3(x=-2.0606820818825327, y=0.011526622702888276, z=0.17007907725739058), 506752000000, 
-7.518444266074038, -0.15483620707149764, geometry_msgs.msg.Vector3(x=-2.0603225877938534, y=0.011728607827738014, z=0.17363639149400015), 506757000000, 
-10.545302808739683, -0.19997983541180722, geometry_msgs.msg.Vector3(x=-2.0592596094938203, y=0.012420851631172986, z=0.1779633590501814), 506762000000, 
-7.5441862163884865, -0.1682614797752024, geometry_msgs.msg.Vector3(x=-2.0585193740770835, y=0.013737689855754543, z=0.18159787054839205), 506767000000, 
-11.900684199118825, -0.33427153696001927, geometry_msgs.msg.Vector3(x=-2.0572573902056708, y=0.014567332248094946, z=0.18612757686496373), 506772000000, 
-7.524469827099031, -0.22821646287812633, geometry_msgs.msg.Vector3(x=-2.056786930588454, y=0.014875203090788094, z=0.18971195625962217), 506777000000, 
-1.2136599221867175, -0.6941619045983041, 0.09330230360395984, 506779000000, 
-10.64931721028786, -0.2587338928362397, geometry_msgs.msg.Vector3(x=-2.0554544984656173, y=0.01596515399893963, z=0.19406138941459114), 506782000000, 
-7.5518625377347774, -0.24752814585877855, geometry_msgs.msg.Vector3(x=-2.055041869119224, y=0.016681638261452154, z=0.19749964468130077), 506787000000, 
-11.802070520630817, -0.3793306553737465, geometry_msgs.msg.Vector3(x=-2.053749107041333, y=0.017413361716731295, z=0.2027959760127048), 506792000000, 
-8.087579588513586, -0.243522729290447, geometry_msgs.msg.Vector3(x=-2.0531475906999153, y=0.018008978434978663, z=0.20367887742993282), 506797000000, 
-8.34184016439114, -0.29263926836791226, geometry_msgs.msg.Vector3(x=-2.0513086705556507, y=0.019147210251864288, z=0.20998181746675537), 506802000000, 
-9.39396668029579, -0.3813938894340618, geometry_msgs.msg.Vector3(x=-2.051072428138591, y=0.01987734940627202, z=0.21318990450131622), 506807000000, 
-11.727257604107331, -0.487473648295718, geometry_msgs.msg.Vector3(x=-2.0493904033940495, y=0.020613195460613503, z=0.21827774700075808), 506812000000, 
-1.2089733417807258, -0.6927978546723706, 0.11862782068280064, 506813000000, 
-7.523407625355978, -0.2996249971711626, geometry_msgs.msg.Vector3(x=-2.048668084989444, y=0.02151405233532577, z=0.2214336484257857), 506817000000, 
-10.844324781313844, -0.4622232933034282, geometry_msgs.msg.Vector3(x=-2.0475154181078166, y=0.022039721079756283, z=0.22590437389863152), 506822000000, 
-7.530029390549638, -0.33796955391369865, geometry_msgs.msg.Vector3(x=-2.0466772752984705, y=0.02273042267960783, z=0.22881022484303004), 506827000000, 
-11.67995841601384, -0.5482389289911855, geometry_msgs.msg.Vector3(x=-2.045424055621743, y=0.02356737517163537, z=0.2334924992637679), 506832000000, 
-7.519503447767727, -0.3499214223156591, geometry_msgs.msg.Vector3(x=-2.0449106000000215, y=0.024625610121543913, z=0.23632009966641393), 506837000000, 
-10.925789184697189, -0.5136913642240717, geometry_msgs.msg.Vector3(x=-2.0430081631108377, y=0.025473730768870575, z=0.24092420563161338), 506842000000, 
-7.556662514599084, -0.35364393607322625, geometry_msgs.msg.Vector3(x=-2.042581478383652, y=0.026319048480033455, z=0.24350923488329448), 506847000000, 
-1.2043706712621993, -0.6911373036365452, 0.1469275756909433, 506847000000, 
-11.61506692548006, -0.6022105301590288, geometry_msgs.msg.Vector3(x=-2.041487854029139, y=0.027384256006945298, z=0.24827427026685361), 506852000000, 
-7.52525870560469, -0.41577117621999093, geometry_msgs.msg.Vector3(x=-2.040536929709958, y=0.027835225094030473, z=0.2517180816058593), 506857000000, 
-10.981790266233396, -0.5891384925812075, geometry_msgs.msg.Vector3(x=-2.039439400571276, y=0.028754231539428018, z=0.25602735380895775), 506862000000, 
-9.407813317541507, -0.507956794694793, geometry_msgs.msg.Vector3(x=-2.0383355237032807, y=0.029941137850695444, z=0.26202231348381827), 506869000000, 
-8.273957046567723, -0.48002082409708774, geometry_msgs.msg.Vector3(x=-2.0371092730770286, y=0.030860803464359984, z=0.2664607273479687), 506876000000, 
-9.394031799213064, -0.5573694346576064, geometry_msgs.msg.Vector3(x=-2.0368797820626443, y=0.03204982366491144, z=0.269924566388539), 506881000000, 
-1.1998692696821274, -0.6891863335222891, 0.17811509003863124, 506881000000, 
-11.052059077101255, -0.6417755587333426, geometry_msgs.msg.Vector3(x=-2.0358315954654524, y=0.03257709303060357, z=0.2740112503364727), 506886000000, 
-7.574205136169813, -0.4626347168814764, geometry_msgs.msg.Vector3(x=-2.035185097733269, y=0.033460932951269146, z=0.2773653367148452), 506891000000, 
-11.508001894916859, -0.730107192338095, geometry_msgs.msg.Vector3(x=-2.0344483252408527, y=0.03431856815361461, z=0.28144068671205863), 506896000000, 
-7.5291971367116455, -0.5059321484199855, geometry_msgs.msg.Vector3(x=-2.0337330520766335, y=0.03499057966498801, z=0.28480628734887575), 506901000000, 
-11.102825438103574, -0.7063848649235243, geometry_msgs.msg.Vector3(x=-2.032476870352999, y=0.036401955485549545, z=0.28960303487106837), 506906000000, 
-6.65163879714524, -0.43234358152639824, geometry_msgs.msg.Vector3(x=-2.032480357671449, y=0.03634522268749825, z=0.2911627985710324), 506911000000, 
-1.1954844595844671, -0.6869515097333407, 0.21221553790076614, 506915000000, 
-10.760313274952276, -0.7264379835682471, geometry_msgs.msg.Vector3(x=-2.031365992109272, y=0.03783813862373242, z=0.297279881405928), 506916000000, 
-7.547964815762426, -0.5109120672026723, geometry_msgs.msg.Vector3(x=-2.0311861410271574, y=0.038663050016612154, z=0.30027655835487604), 506921000000, 
-11.126335422518506, -0.7467472758528171, geometry_msgs.msg.Vector3(x=-2.030532251008677, y=0.039303499891299186, z=0.30485387309806045), 506926000000, 
-7.579301384483488, -0.5082463105235884, geometry_msgs.msg.Vector3(x=-2.0296532607288382, y=0.03918669294602536, z=0.3081561920955653), 506931000000, 
-11.461561492704687, -0.7884963085558858, geometry_msgs.msg.Vector3(x=-2.0286576175517435, y=0.041044502830038895, z=0.3128079032356825), 506936000000, 
-7.5655827536908316, -0.5354196351749075, geometry_msgs.msg.Vector3(x=-2.028636828705046, y=0.042050472308532275, z=0.3162755109695276), 506941000000, 
-9.307016881213393, -0.6829109022184947, geometry_msgs.msg.Vector3(x=-2.027381826068965, y=0.042723383495408974, z=0.3204662163437671), 506946000000, 
-9.4229910968601, -0.6679135785460605, geometry_msgs.msg.Vector3(x=-2.0269830705089644, y=0.04339605005586679, z=0.3238730949381958), 506951000000, 
-1.19123150398417, -0.6844404722961214, 0.24935340970522415, 506949000000, 
-11.426783145237126, -0.8364210944485759, geometry_msgs.msg.Vector3(x=-2.0261188185112444, y=0.04458979070056476, z=0.3284789700497963), 506956000000, 
-7.5560629923773615, -0.5373388219768036, geometry_msgs.msg.Vector3(x=-2.025646280035792, y=0.04542710143852543, z=0.33168788995141596), 506961000000, 
-11.191990518925177, -0.8493394414770185, geometry_msgs.msg.Vector3(x=-2.0250032099351505, y=0.04662737772481924, z=0.3363459278865611), 506966000000, 
-7.574041617123081, -0.5842740180815484, geometry_msgs.msg.Vector3(x=-2.0243155259893215, y=0.04707140843532905, z=0.3393537409295415), 506971000000, 
-11.444621326258117, -0.8829509307282355, geometry_msgs.msg.Vector3(x=-2.02353599988373, y=0.04843340165638024, z=0.3440437839347531), 506976000000, 
-7.554146326294647, -0.5994682464629367, geometry_msgs.msg.Vector3(x=-2.0226529506751367, y=0.048609336042316424, z=0.3472262312081631), 506981000000, 
-1.18712715687222, -0.6816624259780858, 0.28969199921894273, 506983000000, 
-11.207613607303388, -0.834280379259161, geometry_msgs.msg.Vector3(x=-2.0221685130411946, y=0.05014937725787685, z=0.3515912629057094), 506986000000, 
-7.579569948642719, -0.5984252041677108, geometry_msgs.msg.Vector3(x=-2.0210905900341216, y=0.0509148269640833, z=0.35525369555242936), 506991000000, 
-11.438657137022195, -0.9005180826462692, geometry_msgs.msg.Vector3(x=-2.0202824123334913, y=0.051751363545277526, z=0.35971930558103377), 506996000000, 
-7.587201743672236, -0.5831026492049362, geometry_msgs.msg.Vector3(x=-2.01941526194828, y=0.05225809695005922, z=0.36309155981267294), 507001000000, 
-11.230986915480711, -0.8454900089703262, geometry_msgs.msg.Vector3(x=-2.0184648319713046, y=0.05358059813534624, z=0.36749840902102227), 507006000000, 
-7.587484660615815, -0.5997342706681688, geometry_msgs.msg.Vector3(x=-2.018080478358612, y=0.05464116677877036, z=0.37067213954180817), 507011000000, 
-11.45833777232021, -0.8845307475901782, geometry_msgs.msg.Vector3(x=-2.016787064013225, y=0.05530882921535245, z=0.3749382863225309), 507016000000, 
-1.1831891408389532, -0.6786279734521913, 0.333412894130652, 507017000000, 
-7.5586224738315355, -0.5990223229861567, geometry_msgs.msg.Vector3(x=-2.0160818410127166, y=0.05640448435392407, z=0.37821218814771385), 507021000000, 
-10.832010368273469, -0.8640229548888232, geometry_msgs.msg.Vector3(x=-2.014922646882364, y=0.05779224180955862, z=0.3844177171978939), 507027000000, 
-9.479750259004481, -0.7683398604423106, geometry_msgs.msg.Vector3(x=-2.014289532942608, y=0.05811357620019616, z=0.3875419219749247), 507032000000, 
-7.602268494585997, -0.5840302189040975, geometry_msgs.msg.Vector3(x=-2.0137886750979974, y=0.059524042313129195, z=0.3902795152137175), 507037000000, 
-11.262913048473475, -0.8871573027341313, geometry_msgs.msg.Vector3(x=-2.013021595387869, y=0.060569850355735276, z=0.39481017577922617), 507042000000, 
-7.581071784490362, -0.5961935774796008, geometry_msgs.msg.Vector3(x=-2.012478823386593, y=0.06171294595758693, z=0.3980098560834618), 507047000000, 
-1.1794344861263633, -0.6753482118524757, 0.38075427486757196, 507051000000, 
-11.413291357056185, -0.9047641880425955, geometry_msgs.msg.Vector3(x=-2.011185109063582, y=0.06240966031969638, z=0.40227816700512414), 507052000000, 
-7.6110606331057475, -0.6219043723799507, geometry_msgs.msg.Vector3(x=-2.0105531346753125, y=0.0634578716341206, z=0.4056146060913001), 507057000000, 
-11.331271623659164, -0.8680077964842839, geometry_msgs.msg.Vector3(x=-2.009931628448585, y=0.06460365086421195, z=0.4100684495937549), 507062000000, 
-7.596255298512553, -0.6100301514000581, geometry_msgs.msg.Vector3(x=-2.008982783034169, y=0.06499455776346176, z=0.4129989025994717), 507067000000, 
-11.442176298533777, -0.9183553668202411, geometry_msgs.msg.Vector3(x=-2.0085934247653148, y=0.06658408197049331, z=0.4176226755461898), 507072000000, 
-7.59706382663386, -0.6079188254413999, geometry_msgs.msg.Vector3(x=-2.008419835314546, y=0.06722668017383795, z=0.4203101862121187), 507077000000, 
-11.370514195842956, -0.8699316058832177, geometry_msgs.msg.Vector3(x=-2.0073125693644034, y=0.0682005519445378, z=0.4249909516165389), 507082000000, 
-1.1758785332941677, -0.6718341628069305, 0.4320905001024787, 507085000000, 
-7.612217309802552, -0.6171514540270622, geometry_msgs.msg.Vector3(x=-2.006668841104051, y=0.06897177360892308, z=0.42851750067702465), 507087000000, 
-11.417726481393174, -0.9181149291075554, geometry_msgs.msg.Vector3(x=-2.0061209867366365, y=0.0699340323598305, z=0.43255985165273547), 507092000000, 
-7.627868133802716, -0.5862877555313791, geometry_msgs.msg.Vector3(x=-2.0056945351848365, y=0.07108153666416869, z=0.43573072087267095), 507097000000, 
-11.344969095619252, -0.8982102653398883, geometry_msgs.msg.Vector3(x=-2.004532644872566, y=0.07224060424694626, z=0.4401741756630968), 507102000000, 
-7.599287233109326, -0.5919875407198676, geometry_msgs.msg.Vector3(x=-2.0040564218509003, y=0.07335374338185306, z=0.4434353132282422), 507107000000, 
-9.496676275608564, -0.7176209903632064, geometry_msgs.msg.Vector3(x=-2.0035580723374675, y=0.07470644487597972, z=0.4496986406809353), 507114000000, 
-9.525787039124312, -0.7338798747950684, geometry_msgs.msg.Vector3(x=-2.003100385375977, y=0.0755687340360599, z=0.45258493190862065), 507119000000, 
-1.172535471299289, -0.6680972162295848, 0.4879954477485878, 507119000000, 
-11.42179760642912, -0.8706018875378182, geometry_msgs.msg.Vector3(x=-2.0025434974085465, y=0.07698839523362906, z=0.4572946409860065), 507124000000, 
-7.604377888112911, -0.5877174824151054, geometry_msgs.msg.Vector3(x=-2.0018970100816467, y=0.07777094738123541, z=0.46016517973952836), 507129000000, 
-11.354846968731392, -0.8496928400242367, geometry_msgs.msg.Vector3(x=-2.0013102414798603, y=0.07890301586288319, z=0.46469076494509476), 507134000000, 
-7.62374079518341, -0.5609278045866729, geometry_msgs.msg.Vector3(x=-2.0008291926282293, y=0.07990726979178314, z=0.46821638890113465), 507139000000, 
-11.444934226673501, -0.8592791668845999, geometry_msgs.msg.Vector3(x=-1.9998785008589726, y=0.08103242941602379, z=0.4727004064974137), 507144000000, 
-7.65022381017672, -0.5639300369809795, geometry_msgs.msg.Vector3(x=-1.9995924605339224, y=0.08158776452347671, z=0.4757709899812628), 507149000000, 
-1.1694193867103024, -0.664150112022144, 0.5492782819366688, 507153000000, 
-11.403562955646393, -0.8243327073954603, geometry_msgs.msg.Vector3(x=-1.9989308134252224, y=0.08326020744909923, z=0.48053028762759475), 507154000000, 
-7.6535896821864995, -0.5368429405716272, geometry_msgs.msg.Vector3(x=-1.9987055875841058, y=0.0841846212096568, z=0.4837665000031973), 507159000000, 
-11.456829021770846, -0.796688547041335, geometry_msgs.msg.Vector3(x=-1.9977496451694239, y=0.08531765222766932, z=0.488419826334031), 507164000000, 
-7.612475413355495, -0.54253004792328, geometry_msgs.msg.Vector3(x=-1.9972936467675126, y=0.08578966772851501, z=0.4915507081455735), 507169000000, 
-11.404927085436986, -0.8033264728584294, geometry_msgs.msg.Vector3(x=-1.996966659417756, y=0.08729033141295496, z=0.4959195077325347), 507174000000, 
-7.65774963175387, -0.52793105865335, geometry_msgs.msg.Vector3(x=-1.9964822940902496, y=0.08845831565222798, z=0.499232379600374), 507179000000, 
-11.490380986937748, -0.8032841070113589, geometry_msgs.msg.Vector3(x=-1.9956729470109837, y=0.08980438942612325, z=0.5040361304947503), 507184000000, 
-1.1665446048111474, -0.6600072585662705, 0.6170203296979039, 507187000000, 
-7.652449506083525, -0.5465623386840268, geometry_msgs.msg.Vector3(x=-1.9947361958804133, y=0.09069703858708192, z=0.5068678290055649), 507189000000, 
-11.429633650170837, -0.7795449340781871, geometry_msgs.msg.Vector3(x=-1.9944517125077326, y=0.09155090182289907, z=0.5116871766808297), 507194000000, 
-8.208886632000128, -0.505945667550774, geometry_msgs.msg.Vector3(x=-1.9933879123303564, y=0.09317668335669498, z=0.5164733573567409), 507201000000, 
-11.471114271131363, -0.7545474745608426, geometry_msgs.msg.Vector3(x=-1.993191548248013, y=0.0946340151706146, z=0.5210611588247139), 507206000000, 
-7.65251839581623, -0.5080299937198842, geometry_msgs.msg.Vector3(x=-1.9926769123983383, y=0.09541261577793535, z=0.5240888052214753), 507211000000, 
-11.468073295033061, -0.7237316812233889, geometry_msgs.msg.Vector3(x=-1.991999216100455, y=0.09690497124089209, z=0.5289629232253407), 507216000000, 
-7.7013601036565005, -0.4660380574139443, geometry_msgs.msg.Vector3(x=-1.9912062490830718, y=0.09773975069937618, z=0.532334511308227), 507221000000, 
-1.1639251496182135, -0.6556840694602163, 0.6926668162363209, 507221000000, 
-11.463703606867737, -0.6963889575527006, geometry_msgs.msg.Vector3(x=-1.990519152313578, y=0.09910004934671583, z=0.5368999239551869), 507226000000, 
-7.677690577889537, -0.42750323179448574, geometry_msgs.msg.Vector3(x=-1.9900321190231038, y=0.09993685277752853, z=0.5394260813761709), 507231000000, 
-11.517878433848448, -0.646984791127328, geometry_msgs.msg.Vector3(x=-1.9893662262031084, y=0.1018471814259169, z=0.5443580606235291), 507236000000, 
-7.660121501484019, -0.43786997110798964, geometry_msgs.msg.Vector3(x=-1.9889127548613414, y=0.10252520428832088, z=0.547823444080021), 507241000000, 
-11.443247817636333, -0.624836218072901, geometry_msgs.msg.Vector3(x=-1.9883945360594544, y=0.10381059892305108, z=0.5525667320986879), 507246000000, 
-7.677035992070615, -0.3998609759370499, geometry_msgs.msg.Vector3(x=-1.9879088573774706, y=0.10494194818129665, z=0.5556657793841369), 507251000000, 
-1.1615741780125963, -0.651196275056811, 0.7781964997224642, 507255000000, 
-11.523763671809409, -0.6137903328334371, geometry_msgs.msg.Vector3(x=-1.987320770058043, y=0.10624627056507317, z=0.5603384386990549), 507256000000, 
-7.690806474012008, -0.381825047228874, geometry_msgs.msg.Vector3(x=-1.9871935549846949, y=0.10726396281057846, z=0.5634111746407993), 507261000000, 
-11.495294437926969, -0.5551232239340181, geometry_msgs.msg.Vector3(x=-1.986128138826722, y=0.10849633253500188, z=0.568020498074424), 507266000000, 
-7.670555309385925, -0.35985731036024754, geometry_msgs.msg.Vector3(x=-1.9860190624333585, y=0.10939175435085634, z=0.5718312174547945), 507271000000, 
-11.528600869227017, -0.5246337979154644, geometry_msgs.msg.Vector3(x=-1.985197897443392, y=0.11087390601857279, z=0.5762103476148352), 507276000000, 
-9.568227151012362, -0.4085595983815254, geometry_msgs.msg.Vector3(x=-1.9850275166656821, y=0.1121735567487816, z=0.5807632453954499), 507281000000, 
-9.600714723930668, -0.39302870091128145, geometry_msgs.msg.Vector3(x=-1.9844782136941317, y=0.11407185843057104, z=0.5857627429922047), 507288000000, 
-1.1595039556967202, -0.646560175990752, 0.8763514753723854, 507289000000, 
-7.681021734169501, -0.2781189531742305, geometry_msgs.msg.Vector3(x=-1.9835423939386527, y=0.11489415223193558, z=0.5888738241064242), 507293000000, 
-11.47439185314698, -0.4352933139521019, geometry_msgs.msg.Vector3(x=-1.98319604826221, y=0.11591467886915476, z=0.5939059418475098), 507298000000, 
-7.686806341376123, -0.29188800138358395, geometry_msgs.msg.Vector3(x=-1.9822606343391866, y=0.11680887342110423, z=0.5973507213743252), 507303000000, 
-11.519579589718663, -0.4043461571118857, geometry_msgs.msg.Vector3(x=-1.9819144626511105, y=0.1184726019854999, z=0.6013975471373575), 507308000000, 
-7.697548166678474, -0.2580806680852111, geometry_msgs.msg.Vector3(x=-1.981272543444746, y=0.1195699878733408, z=0.6049435328495637), 507313000000, 
-11.521519015010641, -0.35251909276712284, geometry_msgs.msg.Vector3(x=-1.9808315546713589, y=0.12097801392449872, z=0.609641219024021), 507318000000, 
-7.706208485011709, -0.22575985185804323, geometry_msgs.msg.Vector3(x=-1.9802505106883597, y=0.12190593480478217, z=0.612965695603365), 507323000000, 
-1.1577261210010061, -0.6417934805680251, 0.9908797222794659, 507323000000, 
-11.54689040293318, -0.3204517976933115, geometry_msgs.msg.Vector3(x=-1.9799677983500268, y=0.12348497752858865, z=0.6176879618308482), 507328000000, 
-7.679910548894121, -0.20668295853274662, geometry_msgs.msg.Vector3(x=-1.9794460126000804, y=0.12436493349426841, z=0.6213818012664487), 507333000000, 
-11.527128048033322, -0.26071309181466784, geometry_msgs.msg.Vector3(x=-1.9789785384536953, y=0.125801361935748, z=0.6261990718775933), 507338000000, 
-8.667384720035987, -0.1641782587740304, geometry_msgs.msg.Vector3(x=-1.9781663465083785, y=0.12711766439872327, z=0.6296861508086278), 507343000000, 
-9.626750186278029, -0.20954782610847497, geometry_msgs.msg.Vector3(x=-1.9774990387967604, y=0.12816011236051175, z=0.6332373604655529), 507348000000, 
-9.62294900004029, -0.1528088130699257, geometry_msgs.msg.Vector3(x=-1.9767793250393855, y=0.12967066188789186, z=0.6378811915849673), 507356000000, 
-1.1562545894161222, -0.6369155939257144, 1.1267031429191485, 507357000000, 
-9.643240618076524, -0.1360895537729351, geometry_msgs.msg.Vector3(x=-1.9758296246500402, y=0.13154884803370168, z=0.6444001992768426), 507361000000, 
-9.664313750791353, -0.12767212134760972, geometry_msgs.msg.Vector3(x=-1.9753891566489854, y=0.13293678950321186, z=0.6482182355732538), 507366000000, 
-9.636422920996953, -0.12026253401935026, geometry_msgs.msg.Vector3(x=-1.9749641160519191, y=0.13400926825090329, z=0.6522269803941074), 507371000000, 
-9.652222010635029, -0.0985328162541266, geometry_msgs.msg.Vector3(x=-1.9740568793888384, y=0.13564001947707813, z=0.6560393897686367), 507376000000, 
-9.660955819074067, -0.07289404251416454, geometry_msgs.msg.Vector3(x=-1.9737513892494705, y=0.1365975223709806, z=0.6603694426182878), 507381000000, 
-9.631308877939396, -0.017679808150702865, geometry_msgs.msg.Vector3(x=-1.9733052533491322, y=0.13792057078683612, z=0.6642586162127017), 507386000000, 
-1.1550994065373075, -0.6319467066466045, 1.289734150119888, 507391000000, 
-9.636679759585254, -0.005290816686025974, geometry_msgs.msg.Vector3(x=-1.972409856364704, y=0.13927145096253601, z=0.6683645779013078), 507391000000, 
-9.618859244507405, -0.016200937927620975, geometry_msgs.msg.Vector3(x=-1.971923623627831, y=0.14039514827895033, z=0.6723612420370186), 507396000000, 
-9.635440269268344, 0.0468180527177871, geometry_msgs.msg.Vector3(x=-1.9715162714825027, y=0.14159947729459654, z=0.6765403503351495), 507401000000, 
-9.673412884303245, 0.07076309471995201, geometry_msgs.msg.Vector3(x=-1.9716345185896373, y=0.14320281921378283, z=0.6809020844664659), 507406000000, 
-9.641328337975988, 0.09479148434020732, geometry_msgs.msg.Vector3(x=-1.9705841389198486, y=0.14432988291954885, z=0.6848744665812468), 507411000000, 
-9.639973513470004, 0.10396867519678943, geometry_msgs.msg.Vector3(x=-1.970246554920331, y=0.1454968825312296, z=0.6885299327566539), 507416000000, 
-9.633931173064285, 0.10363477799052684, geometry_msgs.msg.Vector3(x=-1.9696531409461628, y=0.14705609058288396, z=0.6929580304114346), 507421000000, 
-1.154267359063875, -0.6269065193071218, 1.4857201303637757, 507425000000, 
-9.628800673760077, 0.1536301808951615, geometry_msgs.msg.Vector3(x=-1.969047803904096, y=0.14819622253763412, z=0.6971319949135842), 507426000000, 
-9.623117570555916, 0.18275250613643867, geometry_msgs.msg.Vector3(x=-1.9691624987600895, y=0.14989066570649356, z=0.7026097488056458), 507432000000, 
-9.660200739017606, 0.19924204129735915, geometry_msgs.msg.Vector3(x=-1.968270904345844, y=0.15164018375724028, z=0.7070550316411996), 507437000000, 
-9.627486396974096, 0.2094144756685313, geometry_msgs.msg.Vector3(x=-1.9679632040064983, y=0.15228290806891626, z=0.7101616167651038), 507442000000, 
-9.654379836371321, 0.22486496648561158, geometry_msgs.msg.Vector3(x=-1.9673629209092711, y=0.15350832680958915, z=0.714314940181876), 507447000000, 
-9.619903594850651, 0.28728809105390574, geometry_msgs.msg.Vector3(x=-1.9669082088246255, y=0.15505964654040574, z=0.718613410837054), 507452000000, 
-26.13075271211676, -3.6364874833534415, geometry_msgs.msg.Vector3(x=-1.960318804614839, y=0.16388872574711302, z=0.7100483547466283), 507457000000, 
-1.1536086885275945, -0.6223319354365872, 1.716331530614895, 507459000000, 
-10.679861056806315, 1.0047860982924757, geometry_msgs.msg.Vector3(x=-1.9569725458939933, y=0.16766882612771625, z=0.707310868594539), 507462000000, 
-10.653334758673992, 1.1339879903491465, geometry_msgs.msg.Vector3(x=-1.9532986950647253, y=0.17160170508218947, z=0.7032071080580213), 507467000000, 
-10.660903067629917, 1.2559304412305607, geometry_msgs.msg.Vector3(x=-1.9498015529597956, y=0.17560825013296927, z=0.6992892827031212), 507472000000, 
-10.355022018253324, 0.8660123071338325, geometry_msgs.msg.Vector3(x=-1.9476269620015574, y=0.17879565855998245, z=0.6959805225106098), 507477000000, 
-9.687668858372886, -0.115302070153583, geometry_msgs.msg.Vector3(x=-1.9479421230919882, y=0.17976353391180397, z=0.6927481222807408), 507482000000, 
-9.698510297057611, -0.10534880131905763, geometry_msgs.msg.Vector3(x=-1.9479400776856262, y=0.18096187494648558, z=0.6886097786343772), 507487000000, 
-9.734970990789325, -0.0799902202652715, geometry_msgs.msg.Vector3(x=-1.9487858478496305, y=0.183062322457377, z=0.6853258743421129), 507492000000, 
-1.1520152200930147, -0.6254616302225221, 1.9629415425747432, 507493000000, 
-9.72237098774561, -0.010767190480455886, geometry_msgs.msg.Vector3(x=-1.948692296666583, y=0.18361641887335006, z=0.6820527260341135), 507500000000, 
-9.71329132736249, 0.01868060592915116, geometry_msgs.msg.Vector3(x=-1.948816025531003, y=0.18661306688223994, z=0.6761345882353208), 507505000000, 
-9.736117792124842, 0.02837128093624824, geometry_msgs.msg.Vector3(x=-1.9491558733137189, y=0.18778981057863878, z=0.6729115315436959), 507510000000, 
-9.730288147359992, 0.07024807852536663, geometry_msgs.msg.Vector3(x=-1.9490139175451329, y=0.18870385831051292, z=0.6694426226546064), 507515000000, 
-9.712828463676718, 0.07776350126060881, geometry_msgs.msg.Vector3(x=-1.9496925556703188, y=0.1903682017230088, z=0.6657152381800757), 507520000000, 
-9.696719207179013, 0.09448163782750196, geometry_msgs.msg.Vector3(x=-1.9497204409545421, y=0.19136171328032336, z=0.6616613159000932), 507525000000, 
-1.1501458477230628, -0.6296756663667654, 2.208013495037875, 507527000000, 
-9.710776759441545, 0.0985283246144853, geometry_msgs.msg.Vector3(x=-1.9494290531464418, y=0.19269213794728607, z=0.6587928389124077), 507530000000, 
-9.720260340732121, 0.14765701439529316, geometry_msgs.msg.Vector3(x=-1.9495578884618003, y=0.1941900916546456, z=0.6555498089914792), 507535000000, 
-9.689388523812438, 0.14707473919330658, geometry_msgs.msg.Vector3(x=-1.949720592925371, y=0.19532797292506993, z=0.6519297296432228), 507540000000, 
-9.699505283691606, 0.21368975521757624, geometry_msgs.msg.Vector3(x=-1.9493955751255494, y=0.19693092861314243, z=0.6484213997662961), 507545000000, 
-9.710927409215055, 0.23872993924346242, geometry_msgs.msg.Vector3(x=-1.949315139131909, y=0.19804239807412238, z=0.6451345054007434), 507550000000, 
-9.719702211219696, 0.23139920445270343, geometry_msgs.msg.Vector3(x=-1.9500334886411967, y=0.1995270996114491, z=0.6414930089391782), 507555000000, 
-9.706266879989169, 0.27201081322403803, geometry_msgs.msg.Vector3(x=-1.950134730552092, y=0.2004465904672161, z=0.638259376994905), 507560000000, 
-1.1480125712222224, -0.6337371862921733, 2.437324509240532, 507561000000, 
-9.703987162025438, 0.3065390199495864, geometry_msgs.msg.Vector3(x=-1.9497298312499693, y=0.20204642405006648, z=0.6342617447272292), 507565000000, 
-9.734352796504242, 0.3180187513369827, geometry_msgs.msg.Vector3(x=-1.949554376534315, y=0.2040840578039257, z=0.6306969356458297), 507570000000, 
-9.72659233435776, 0.3179686407463867, geometry_msgs.msg.Vector3(x=-1.9501153946420775, y=0.2055727355910393, z=0.6260452472305164), 507576000000, 
-9.705570219624976, 0.3497611413417264, geometry_msgs.msg.Vector3(x=-1.9502429184687229, y=0.20663168051762476, z=0.623081948693421), 507581000000, 
-9.686927565889356, 0.3724082192531402, geometry_msgs.msg.Vector3(x=-1.9501934811549249, y=0.2077134712509084, z=0.6194221075724448), 507586000000, 
-9.687623821129698, 0.4146753289453807, geometry_msgs.msg.Vector3(x=-1.9500883492375127, y=0.20950046420886118, z=0.6162308956108872), 507591000000, 
-1.1456298539344076, -0.637631184612972, 2.6424637663599304, 507595000000, 
-9.712916027897396, 0.4092783629549762, geometry_msgs.msg.Vector3(x=-1.950119960460786, y=0.21053868692550826, z=0.6129447319696981), 507596000000, 
-9.748219148820436, 0.44713823378061474, geometry_msgs.msg.Vector3(x=-1.9507779761747528, y=0.2119701161722023, z=0.6091031255322573), 507601000000, 
-9.6713677599548, 0.45228955817427796, geometry_msgs.msg.Vector3(x=-1.950536777733909, y=0.21321596644868698, z=0.6054718395824898), 507606000000, 
-9.715938848991513, 0.4804948366125336, geometry_msgs.msg.Vector3(x=-1.950599872598595, y=0.2146760309614016, z=0.6022490270334253), 507611000000, 
-9.701336862284002, 0.4919412775783135, geometry_msgs.msg.Vector3(x=-1.9511322378581266, y=0.2160988478732758, z=0.598428908321217), 507616000000, 
-9.694373629583044, 0.5362514002627534, geometry_msgs.msg.Vector3(x=-1.9512166094074945, y=0.21768672100293932, z=0.594839064583129), 507621000000, 
-9.675620175165689, 0.514378053431177, geometry_msgs.msg.Vector3(x=-1.9513961076560322, y=0.21854395658257283, z=0.591177591396585), 507626000000, 
-1.1430118672268357, -0.6413459392190889, 2.821656921714495, 507629000000, 
-9.70971954239932, 0.5868707640691148, geometry_msgs.msg.Vector3(x=-1.951420493430231, y=0.22004671843936907, z=0.5882806113734954), 507631000000, 
-9.711935238898572, 0.5885887725463168, geometry_msgs.msg.Vector3(x=-1.9517521079199631, y=0.2209604883011566, z=0.5844299540047585), 507636000000, 
-9.70875964246374, 0.6189711070658788, geometry_msgs.msg.Vector3(x=-1.9522099590421735, y=0.22255134633245952, z=0.5810754246069646), 507641000000, 
-9.69265527799667, 0.6240706002969911, geometry_msgs.msg.Vector3(x=-1.9522694369886153, y=0.22389238445681348, z=0.577481050633413), 507646000000, 
-9.69086265234343, 0.657666120824575, geometry_msgs.msg.Vector3(x=-1.9525996351277821, y=0.22511839831199124, z=0.5740058801385877), 507651000000, 
-9.683235019838595, 0.6714044122122729, geometry_msgs.msg.Vector3(x=-1.952897525783807, y=0.22733563573096874, z=0.5694458735297732), 507657000000, 
-9.697920777114954, 0.6734400912340766, geometry_msgs.msg.Vector3(x=-1.9528682394475159, y=0.22814246554421042, z=0.5671976589990798), 507662000000, 
-1.140172000024945, -0.6448708381496627, 2.977334372432338, 507663000000, 
-9.674481787198399, 0.7003590785356306, geometry_msgs.msg.Vector3(x=-1.9533741994306948, y=0.22977161491498668, z=0.56342614248719), 507667000000, 
-9.671223522089422, 0.7119431359911697, geometry_msgs.msg.Vector3(x=-1.9531738822264233, y=0.23096623835428529, z=0.5604738661742568), 507672000000, 
-9.69356928732241, 0.7674318952415498, geometry_msgs.msg.Vector3(x=-1.953632879759111, y=0.23216033119105128, z=0.5570124129774272), 507677000000, 
-9.692167655810879, 0.77513003532088, geometry_msgs.msg.Vector3(x=-1.9539667479611404, y=0.2337189498239256, z=0.5535004758257454), 507682000000, 
-9.67073778691147, 0.7936199474408865, geometry_msgs.msg.Vector3(x=-1.953737884940423, y=0.23517045671983278, z=0.5503079324987101), 507687000000, 
-9.701384931426542, 0.8087744407215509, geometry_msgs.msg.Vector3(x=-1.9541049768195948, y=0.23617026069249103, z=0.5473322126830628), 507692000000, 
-9.651170782657312, 0.8121744371141675, geometry_msgs.msg.Vector3(x=-1.954844114682198, y=0.23778388425350583, z=0.5437892009222107), 507697000000, 
-1.1371241347805066, -0.648194108298692, 3.113451445841541, 507697000000, 
-9.663174358917908, 0.858682011376756, geometry_msgs.msg.Vector3(x=-1.954066686270081, y=0.238924848489017, z=0.5405787723783942), 507702000000, 
-9.681362460004578, 0.8794870830587509, geometry_msgs.msg.Vector3(x=-1.9540038934865602, y=0.24020028224177065, z=0.5374259494567707), 507707000000, 
-9.69188658053135, 0.8738754546868626, geometry_msgs.msg.Vector3(x=-1.9543639828890822, y=0.2418494447481395, z=0.534269355953912), 507712000000, 
-9.658353620585418, 0.9216098162731076, geometry_msgs.msg.Vector3(x=-1.954361970798259, y=0.2427322778461344, z=0.5308100225938682), 507717000000, 
-9.677597267582316, 0.9358058550803883, geometry_msgs.msg.Vector3(x=-1.9543143400260603, y=0.24416479713741535, z=0.5277266660044825), 507722000000, 
-9.655399169717018, 0.9469630543194152, geometry_msgs.msg.Vector3(x=-1.9542722863538586, y=0.24527503971593861, z=0.525113906943077), 507727000000, 
-1.1338841479886153, -0.6513030909674692, -3.049274355754207, 507731000000, 
-9.662184807073166, 0.9855751616760487, geometry_msgs.msg.Vector3(x=-1.9540967703878114, y=0.24660224500416067, z=0.5214751271087876), 507732000000, 
-9.673880038960139, 1.0155339703358168, geometry_msgs.msg.Vector3(x=-1.954158675946402, y=0.24825067846892135, z=0.5181307074536752), 507737000000, 
-9.677431499412812, 1.0077241795593082, geometry_msgs.msg.Vector3(x=-1.9541026150839529, y=0.24961715953889835, z=0.514239385031708), 507742000000, 
-9.674670468660496, 1.0264184293180634, geometry_msgs.msg.Vector3(x=-1.9538968861451105, y=0.2509778589847324, z=0.5117244546590415), 507747000000, 
-9.671853607150133, 1.0365331376816014, geometry_msgs.msg.Vector3(x=-1.953395471155365, y=0.2526602369859054, z=0.5083815727361866), 507752000000, 
-9.686340449728224, 1.0810977715575296, geometry_msgs.msg.Vector3(x=-1.9536558429241442, y=0.25383722107432616, z=0.5048621645657789), 507757000000, 
-9.673346576244406, 1.0852890932250177, geometry_msgs.msg.Vector3(x=-1.9536794775148036, y=0.25506787261473396, z=0.5019089426709152), 507762000000, 
-1.1304696326296353, -0.6541867512678224, -2.9412042289634894, 507765000000, 
-9.665277096283837, 1.0865323880144127, geometry_msgs.msg.Vector3(x=-1.9532183398394127, y=0.25639560912064746, z=0.498733393506268), 507767000000, 
-9.63930912973459, 1.1046829675104932, geometry_msgs.msg.Vector3(x=-1.9531830430566122, y=0.25789188811666686, z=0.495548057619715), 507772000000, 
-9.651400755551377, 1.1061337245483327, geometry_msgs.msg.Vector3(x=-1.9531037909363465, y=0.2589551528994582, z=0.49209010234525297), 507777000000, 
-9.647234291457432, 1.1553358870608377, geometry_msgs.msg.Vector3(x=-1.9527372278815185, y=0.2604546054204663, z=0.4889601902785441), 507782000000, 
-9.628470198373419, 1.1608375037602268, geometry_msgs.msg.Vector3(x=-1.9527048439080184, y=0.2615287460591163, z=0.4854649632590049), 507787000000, 
-9.657962262898796, 1.1668006891198206, geometry_msgs.msg.Vector3(x=-1.953182312575673, y=0.2627852219731946, z=0.4820182624998173), 507792000000, 
-9.65812693898027, 1.1944552690522672, geometry_msgs.msg.Vector3(x=-1.9528108440844019, y=0.26453388085637325, z=0.478848586204078), 507797000000, 
-1.1268978688061941, -0.6568374687282896, -2.84293469804842, 507799000000, 
-9.625112947709702, 1.2173847268857532, geometry_msgs.msg.Vector3(x=-1.9528873403296871, y=0.26554168762913494, z=0.47605714908696833), 507802000000, 
-9.626900654485594, 1.209808993666737, geometry_msgs.msg.Vector3(x=-1.9534228961354725, y=0.26676696117779575, z=0.4722681420517138), 507807000000, 
-9.627805326298025, 1.2357120174124967, geometry_msgs.msg.Vector3(x=-1.9528762929949859, y=0.2677861050480434, z=0.46901433380511237), 507812000000, 
-9.65717110353155, 1.2529879114964317, geometry_msgs.msg.Vector3(x=-1.9527790085573293, y=0.26941534520101523, z=0.46590545005154754), 507817000000, 
-9.623892651408037, 1.2885116612684815, geometry_msgs.msg.Vector3(x=-1.9533442444951028, y=0.2719241551248408, z=0.4607003315097363), 507825000000, 
-9.630806306276401, 1.3037559785258148, geometry_msgs.msg.Vector3(x=-1.953395709554699, y=0.2728175140352508, z=0.45760570236551373), 507830000000, 
-1.1231843783863293, -0.6592501663723824, -2.752427662871252, 507833000000, 
-9.658212253440059, 1.2979720553725107, geometry_msgs.msg.Vector3(x=-1.9538460950143193, y=0.274224093629805, z=0.45384082469409603), 507835000000, 
-9.600770977807999, 1.3601656240087718, geometry_msgs.msg.Vector3(x=-1.9535852244797483, y=0.27536120448986023, z=0.4508147875094418), 507840000000, 
-9.59680381605318, 1.3179962211413647, geometry_msgs.msg.Vector3(x=-1.953740597672804, y=0.27650626829675573, z=0.44770731264124175), 507845000000, 
-9.654652988491199, 1.3472373477697965, geometry_msgs.msg.Vector3(x=-1.9540357333865945, y=0.2779771504862762, z=0.4446722143714178), 507850000000, 
-9.631792102263757, 1.3755005077594449, geometry_msgs.msg.Vector3(x=-1.9542498561832085, y=0.27968926509123104, z=0.4414279319594833), 507855000000, 
-9.640906847641507, 1.384568834733161, geometry_msgs.msg.Vector3(x=-1.9542114931363812, y=0.28056812735980435, z=0.4376484010282537), 507860000000, 
-9.572779418930569, 1.375746459233357, geometry_msgs.msg.Vector3(x=-1.954410709184743, y=0.28169518270822996, z=0.43514458233374065), 507865000000, 
-1.1193437246613578, -0.6614199511771569, -2.6680696342003425, 507867000000, 
-9.610880811907212, 1.422672219646535, geometry_msgs.msg.Vector3(x=-1.9546940584021286, y=0.28308424089852113, z=0.43168961244970216), 507870000000, 
-9.613681939816432, 1.4170677980970503, geometry_msgs.msg.Vector3(x=-1.954296390462403, y=0.2847162365600218, z=0.42890227170172185), 507875000000, 
-9.583238412518428, 1.4452142350497728, geometry_msgs.msg.Vector3(x=-1.9546217673242137, y=0.28549004633321357, z=0.42550091303704984), 507880000000, 
-9.576344672599362, 1.4624855747253918, geometry_msgs.msg.Vector3(x=-1.9546443284825175, y=0.2868903326155226, z=0.4226405060207519), 507885000000, 
-9.620912453157176, 1.4407091262636242, geometry_msgs.msg.Vector3(x=-1.9548643776521664, y=0.2883036227820894, z=0.41991113263765656), 507890000000, 
-9.637049216176413, 1.4741320150440638, geometry_msgs.msg.Vector3(x=-1.9545492593562561, y=0.2894497209454449, z=0.41645659467662466), 507895000000, 
-1.1153915681014377, -0.6633410147140008, -2.588595443986693, 507901000000, 
-9.590583995450443, 1.4926472578610634, geometry_msgs.msg.Vector3(x=-1.9549737749085239, y=0.2914054895550309, z=0.41169757179553346), 507903000000, 
-9.560184915596473, 1.479197876397265, geometry_msgs.msg.Vector3(x=-1.9552127300207058, y=0.2924174467188286, z=0.4084267732184522), 507908000000, 
-9.609204101311997, 1.4843753373905857, geometry_msgs.msg.Vector3(x=-1.9554002647431696, y=0.2939984841637089, z=0.4052381886418381), 507913000000, 
-9.562346378065305, 1.5117822957492046, geometry_msgs.msg.Vector3(x=-1.9548398978692039, y=0.2954214943216541, z=0.4022874982681121), 507918000000, 
-9.593252120693727, 1.5406358177667145, geometry_msgs.msg.Vector3(x=-1.9548422662654497, y=0.2965986821294556, z=0.3994955164397088), 507923000000, 
-9.589441123316867, 1.5158542220826012, geometry_msgs.msg.Vector3(x=-1.9544857110328178, y=0.29826275875891434, z=0.3963853002078164), 507928000000, 
-9.585436786152098, 1.5386998685163236, geometry_msgs.msg.Vector3(x=-1.954822651910687, y=0.2990721434290275, z=0.3930588098420108), 507933000000, 
-1.1113454902927926, -0.6650078073969155, -2.5130375439463726, 507935000000, 
-9.574933653508381, 1.5513177056270409, geometry_msgs.msg.Vector3(x=-1.955008927123254, y=0.3005933943229454, z=0.3902729165887572), 507938000000, 
-9.631649197046817, 1.5791699276138524, geometry_msgs.msg.Vector3(x=-1.954729086022854, y=0.30198377008971605, z=0.3877875136111623), 507943000000, 
-9.574385008667488, 1.578534494022103, geometry_msgs.msg.Vector3(x=-1.9542750341712891, y=0.30270297068528007, z=0.3841703245826201), 507948000000, 
-9.532446480985733, 1.6098307133994323, geometry_msgs.msg.Vector3(x=-1.9542915348546157, y=0.3041716269064616, z=0.3812761432566138), 507953000000, 
-9.603046096111928, 1.6092893663562484, geometry_msgs.msg.Vector3(x=-1.9541140784460145, y=0.30550174361699034, z=0.37819912421570057), 507958000000, 
-9.585384608255815, 1.6099642285573097, geometry_msgs.msg.Vector3(x=-1.95382498485538, y=0.30703549002467767, z=0.3749168616121662), 507963000000, 
-9.56369183459798, 1.6079667338747297, geometry_msgs.msg.Vector3(x=-1.9540122172514949, y=0.30849023978048057, z=0.3718192807317429), 507968000000, 
-1.1072236135805895, -0.6664167837869828, -2.4406659962240655, 507969000000, 
-9.579190114867806, 1.6412696515282144, geometry_msgs.msg.Vector3(x=-1.954179318267656, y=0.30958234025737813, z=0.36896679586130526), 507973000000, 
-9.592478364413608, 1.623634681711514, geometry_msgs.msg.Vector3(x=-1.9541494022625683, y=0.310918324612889, z=0.3645340679975298), 507980000000, 
-9.566168507279603, 1.6812187950658264, geometry_msgs.msg.Vector3(x=-1.953896526032245, y=0.31219872820086936, z=0.3613648216810151), 507985000000, 
-9.576050143571983, 1.6610783679430918, geometry_msgs.msg.Vector3(x=-1.9539275538640246, y=0.3136812944586344, z=0.3582104525678925), 507990000000, 
-9.569304919050518, 1.6624670059339606, geometry_msgs.msg.Vector3(x=-1.9540504516121484, y=0.31479074290271186, z=0.3553705402316493), 507995000000, 
-9.556141251554324, 1.687092610646286, geometry_msgs.msg.Vector3(x=-1.9537957701374729, y=0.31608935152193185, z=0.35181644242571275), 508000000000, 
-1.1030427117144257, -0.6675666621550641, -2.3709155877362336, 508003000000, 
-9.564810802149056, 1.7147736456286755, geometry_msgs.msg.Vector3(x=-1.9539919502583185, y=0.31723351401576655, z=0.3492242296037144), 508005000000, 
-9.551298380894941, 1.6971459321775377, geometry_msgs.msg.Vector3(x=-1.9536966621250775, y=0.31857897289810755, z=0.34597737953118746), 508010000000, 
-9.553248436378981, 1.6885431578572085, geometry_msgs.msg.Vector3(x=-1.9541477600328023, y=0.31987851098827425, z=0.34297315943634354), 508015000000, 
-9.5602825153048, 1.6787035240181807, geometry_msgs.msg.Vector3(x=-1.9537880482233079, y=0.32106301763729805, z=0.33943115881486774), 508020000000, 
-9.574826472020293, 1.7099184321478251, geometry_msgs.msg.Vector3(x=-1.9540202630728372, y=0.32253466171663425, z=0.3365523696692662), 508025000000, 
-9.55616832031184, 1.7334254311917068, geometry_msgs.msg.Vector3(x=-1.9540493653966313, y=0.323615457295551, z=0.33386112656945643), 508030000000, 
-9.575368376229994, 1.7529146622702703, geometry_msgs.msg.Vector3(x=-1.953978532866468, y=0.32479306335293656, z=0.33077450643624273), 508035000000, 
-1.0988179544340189, -0.6684571816571799, -2.303322185366999, 508037000000, 
-9.543092921614956, 1.7594053603983102, geometry_msgs.msg.Vector3(x=-1.954179892268795, y=0.32603673839953196, z=0.3272808153827195), 508040000000, 
-9.554106202898694, 1.7390101989354283, geometry_msgs.msg.Vector3(x=-1.9542571501625974, y=0.3271739077511305, z=0.3248450630440468), 508045000000, 
-9.576187382391739, 1.7268886318438974, geometry_msgs.msg.Vector3(x=-1.9543064589405965, y=0.32855154109155077, z=0.32088221521224647), 508050000000, 
-9.56676247411994, 1.7497947492648536, geometry_msgs.msg.Vector3(x=-1.954852166705508, y=0.32960530315688524, z=0.31914128885714527), 508055000000, 
-9.560809087829336, 1.7619264667929515, geometry_msgs.msg.Vector3(x=-1.9544834433118747, y=0.3311251317492696, z=0.3149689681531322), 508060000000, 
-9.568176941094524, 1.7385373973344402, geometry_msgs.msg.Vector3(x=-1.9545532838833786, y=0.33214842295027913, z=0.31245484383089445), 508065000000, 
-9.556987370879224, 1.7747694500060385, geometry_msgs.msg.Vector3(x=-1.9545468539825757, y=0.33358377352863905, z=0.3096447366315781), 508070000000, 
-1.0945643070699775, -0.6690881163070318, -2.2374914954901404, 508071000000, 
-9.541639719936857, 1.8011944515089229, geometry_msgs.msg.Vector3(x=-1.954869265395229, y=0.33449123663947045, z=0.3065005179830195), 508075000000, 
-9.556625755177585, 1.7822147852680015, geometry_msgs.msg.Vector3(x=-1.9547681958373773, y=0.33602532638138377, z=0.3036342121533362), 508080000000, 
-9.567065900829931, 1.7804271052408647, geometry_msgs.msg.Vector3(x=-1.9548552562037576, y=0.33708939940159505, z=0.30057252963201286), 508085000000, 
-9.535553871265025, 1.7992936380177906, geometry_msgs.msg.Vector3(x=-1.9545976468317736, y=0.33814631367266085, z=0.29753064698029597), 508090000000, 
-9.545962120058988, 1.7969543008222537, geometry_msgs.msg.Vector3(x=-1.9545662538021609, y=0.33928914961755946, z=0.2944924155645831), 508095000000, 
-9.54665162588422, 1.7864967579136086, geometry_msgs.msg.Vector3(x=-1.954690550215817, y=0.3403517562757917, z=0.2916300615987892), 508100000000, 
-9.52774548951286, 1.8217113563154614, geometry_msgs.msg.Vector3(x=-1.9550175188935919, y=0.3414629410874493, z=0.2886791003034536), 508105000000, 
-1.0902976299457858, -0.6694595691746186, -2.1730943276973993, 508105000000, 
-9.540698755352077, 1.8186356418503737, geometry_msgs.msg.Vector3(x=-1.9548785194464884, y=0.342939134895085, z=0.28568022977670304), 508110000000, 
-9.515258293466463, 1.8074308205774992, geometry_msgs.msg.Vector3(x=-1.954497290685692, y=0.344051443917356, z=0.28273473827931256), 508115000000, 
-9.535624656327917, 1.8224976658716756, geometry_msgs.msg.Vector3(x=-1.9549107375274368, y=0.3454775775685963, z=0.27987773192067256), 508120000000, 
-9.505594544319893, 1.8272311418383502, geometry_msgs.msg.Vector3(x=-1.9550351511252282, y=0.3467861158138904, z=0.2766968043759944), 508125000000, 
-9.532227388621623, 1.8600346843763573, geometry_msgs.msg.Vector3(x=-1.95465372579494, y=0.34781203054527843, z=0.27365693024808574), 508130000000, 
-9.508385166114657, 1.850144695059365, geometry_msgs.msg.Vector3(x=-1.9548630686746502, y=0.34878875455947367, z=0.27082114327624807), 508135000000, 
-1.0860342852500775, -0.6695730367491662, -2.1098649041262325, 508139000000, 
-9.521837367593566, 1.8717474864627266, geometry_msgs.msg.Vector3(x=-1.9550465036498592, y=0.35042718232732917, z=0.2677017931172247), 508140000000, 
-9.606585781303638, 1.8262883891723851, geometry_msgs.msg.Vector3(x=-1.9548702598440277, y=0.3510737593767438, z=0.2650589752338189), 508145000000, 
-7.646228986705241, 1.4980620009027208, geometry_msgs.msg.Vector3(x=-1.9551158867050995, y=0.35226157054153556, z=0.26260835132943033), 508150000000, 
-13.084253807179298, 2.6151518659953408, geometry_msgs.msg.Vector3(x=-1.9548766578865895, y=0.3536524795781979, z=0.25844110419474753), 508155000000, 
-7.62922582369903, 1.4814132689274169, geometry_msgs.msg.Vector3(x=-1.9551786161840319, y=0.3548298903523841, z=0.25631267989745427), 508160000000, 
-9.864162489208486, 1.8828117725847557, geometry_msgs.msg.Vector3(x=-1.9553032451425563, y=0.35612970198088095, z=0.2525671047697339), 508165000000, 
-7.653308879449513, 1.5025522414166106, geometry_msgs.msg.Vector3(x=-1.955324875960594, y=0.3569811335141078, z=0.2500273824085099), 508170000000, 
-1.0817910973786165, -0.6694346589053076, -2.0475840216218333, 508173000000, 
-12.809196890106612, 2.561228113568184, geometry_msgs.msg.Vector3(x=-1.9554997470718092, y=0.3585110864181636, z=0.24653046008981036), 508175000000, 
-7.628061370919373, 1.4976279375177564, geometry_msgs.msg.Vector3(x=-1.9553835431900086, y=0.35933226185442935, z=0.24390699626712448), 508180000000, 
-10.102926595829102, 1.9520107907530544, geometry_msgs.msg.Vector3(x=-1.9555267776893739, y=0.3606989583342182, z=0.24063409844591588), 508185000000, 
-7.620279738696664, 1.5027207662608117, geometry_msgs.msg.Vector3(x=-1.955359551494028, y=0.3614645013688102, z=0.23828266189331113), 508190000000, 
-12.628035237454489, 2.5239930925144303, geometry_msgs.msg.Vector3(x=-1.955581895551526, y=0.36333355514276433, z=0.23447342520530415), 508195000000, 
-9.513095209252796, 1.9142141898391445, geometry_msgs.msg.Vector3(x=-1.9554928519820984, y=0.36498429035732527, z=0.22968057982890921), 508202000000, 
-9.488362111992632, 1.8622802669411787, geometry_msgs.msg.Vector3(x=-1.9553930045292802, y=0.36602436121816, z=0.22727596648353315), 508207000000, 
-1.0775809017514562, -0.6690437417532875, -1.9860564167710388, 508207000000, 
-7.6046450289617855, 1.5113213618077053, geometry_msgs.msg.Vector3(x=-1.955560073925086, y=0.367109509099302, z=0.22513207575037258), 508212000000, 
-10.369254457173598, 2.017821618038056, geometry_msgs.msg.Vector3(x=-1.9558921704088064, y=0.3684022193694523, z=0.22182133638095602), 508217000000, 
-7.650795396491561, 1.4929951535639283, geometry_msgs.msg.Vector3(x=-1.9558561499334908, y=0.3694025490103374, z=0.21929513429646008), 508222000000, 
-12.321495760093285, 2.465681729417001, geometry_msgs.msg.Vector3(x=-1.9559857886915915, y=0.3709213239107498, z=0.2155569280973478), 508227000000, 
-7.615778475260361, 1.5261856337889053, geometry_msgs.msg.Vector3(x=-1.9556529287565763, y=0.371472517705521, z=0.21330075854259392), 508232000000, 
-10.563478698886476, 2.0859807689731076, geometry_msgs.msg.Vector3(x=-1.9562440741678424, y=0.3729909130712393, z=0.20957235523589682), 508237000000, 
-1.0734181287958937, -0.6684038390392245, -1.9251002894964302, 508241000000, 
-7.627503514802205, 1.4897187237185834, geometry_msgs.msg.Vector3(x=-1.9561645284931988, y=0.3738737025452711, z=0.20741072202023186), 508242000000, 
-12.17442870983787, 2.4353947806492093, geometry_msgs.msg.Vector3(x=-1.956297953645342, y=0.3750865384789286, z=0.2038898269943988), 508247000000, 
-7.6185263753944215, 1.4737037823146832, geometry_msgs.msg.Vector3(x=-1.9556616593245708, y=0.3763909809292158, z=0.20168262057830486), 508252000000, 
-10.669631107540216, 2.0773128457734718, geometry_msgs.msg.Vector3(x=-1.9562472961001258, y=0.37772345525436657, z=0.19790227563742183), 508257000000, 
-7.665179601278484, 1.5305871491201952, geometry_msgs.msg.Vector3(x=-1.9563013380104417, y=0.3784832350431586, z=0.1957820682931474), 508265000000, 
-9.562850289539142, 1.8877625278272265, geometry_msgs.msg.Vector3(x=-1.956450124319886, y=0.38072121312235185, z=0.19119352520230384), 508270000000, 
-12.054976715685635, 2.3432742041038606, geometry_msgs.msg.Vector3(x=-1.9562987869487447, y=0.38165479504830807, z=0.18701735489424817), 508275000000, 
-1.0693176469110965, -0.6675194105110591, -1.864552179992318, 508275000000, 
-7.589132893303073, 1.499663887538172, geometry_msgs.msg.Vector3(x=-1.9562422354158753, y=0.3824731799507031, z=0.1851393760976166), 508280000000, 
-10.826009161996778, 2.0972836836730764, geometry_msgs.msg.Vector3(x=-1.9565245541057443, y=0.3842273072105898, z=0.18160352599999025), 508285000000, 
-7.625841366615311, 1.509539125850114, geometry_msgs.msg.Vector3(x=-1.9563078482466087, y=0.3851373231885376, z=0.17927939673942045), 508290000000, 
-11.939064403210654, 2.3460106963524288, geometry_msgs.msg.Vector3(x=-1.9562417044258893, y=0.3865740839460785, z=0.17555961536155043), 508295000000, 
-7.620204426053928, 1.500052169071248, geometry_msgs.msg.Vector3(x=-1.956516506813582, y=0.38735813593444646, z=0.17266717369183351), 508300000000, 
-10.911983124064895, 2.1247542158229815, geometry_msgs.msg.Vector3(x=-1.9565645396213118, y=0.3883537610186051, z=0.16930857037250407), 508305000000, 
-1.0652939264655092, -0.6663961612423492, -1.8042723324655638, 508309000000, 
-7.656712944481931, 1.515681034315545, geometry_msgs.msg.Vector3(x=-1.9566651907833028, y=0.3895408757023534, z=0.16669754894371136), 508310000000, 
-11.85168986885356, 2.3352836127915877, geometry_msgs.msg.Vector3(x=-1.9564524507247527, y=0.39098259535925217, z=0.16330831887245198), 508315000000, 
-7.61441738950577, 1.4828748108047203, geometry_msgs.msg.Vector3(x=-1.9563539870003193, y=0.3917079391776632, z=0.16106927484788774), 508320000000, 
-10.989576056331408, 2.1449536270450134, geometry_msgs.msg.Vector3(x=-1.9567661312351687, y=0.3932258702334516, z=0.15695088624513595), 508325000000, 
-7.64152916497111, 1.5146549824275626, geometry_msgs.msg.Vector3(x=-1.9565228134269474, y=0.394296852465593, z=0.1548154556642701), 508330000000, 
-10.878849204153349, 2.072552629019271, geometry_msgs.msg.Vector3(x=-1.9566855543253265, y=0.3958954071890924, z=0.14999285426607692), 508336000000, 
-9.52020559794123, 1.8590410980749044, geometry_msgs.msg.Vector3(x=-1.9566650787120978, y=0.3971600990285731, z=0.14761162401582734), 508341000000, 
-1.0613598833437394, -0.6650404155229271, -1.7441312892025467, 508343000000, 
-7.648138525955515, 1.4516905609509572, geometry_msgs.msg.Vector3(x=-1.9572335421687883, y=0.3979160189733331, z=0.1451660240147746), 508346000000, 
-11.755661407306713, 2.2770955090319207, geometry_msgs.msg.Vector3(x=-1.957093866009424, y=0.3991030953948698, z=0.14147745050022764), 508351000000, 
-7.616113405276635, 1.480039636156117, geometry_msgs.msg.Vector3(x=-1.9576560742294158, y=0.4001756631463739, z=0.13888398793590842), 508356000000, 
-11.113714372374865, 2.1147844397271833, geometry_msgs.msg.Vector3(x=-1.9576091950829997, y=0.4013518928092618, z=0.13545277150840931), 508361000000, 
-7.637369643544548, 1.4423671687175181, geometry_msgs.msg.Vector3(x=-1.9581333572468733, y=0.4020609830800876, z=0.13316584172947935), 508366000000, 
-11.72195093008244, 2.2409345871656274, geometry_msgs.msg.Vector3(x=-1.958300868685641, y=0.40394765071529026, z=0.12961958758148484), 508371000000, 
-7.629685154552258, 1.4351441245049599, geometry_msgs.msg.Vector3(x=-1.958168749712585, y=0.4046996057926916, z=0.12734307763301916), 508376000000, 
-1.0575271238080224, -0.6634582364823364, -1.6839847094287217, 508377000000, 
-11.1857713404882, 2.0996728199970525, geometry_msgs.msg.Vector3(x=-1.9588749150425333, y=0.40585825774380885, z=0.12357333479587601), 508381000000, 
-7.637302486321022, 1.448942186350114, geometry_msgs.msg.Vector3(x=-1.9586185422526474, y=0.4068908485409093, z=0.12167383656826235), 508386000000, 
-11.656240004050876, 2.179535113857593, geometry_msgs.msg.Vector3(x=-1.9588954884838727, y=0.4084635237853395, z=0.11728702879210588), 508391000000, 
-7.652581472235724, 1.425498482322957, geometry_msgs.msg.Vector3(x=-1.9593702621580251, y=0.4089062867596062, z=0.1155401772101054), 508396000000, 
-11.193865317528996, 2.099405978322568, geometry_msgs.msg.Vector3(x=-1.9591754847059293, y=0.4100762136388045, z=0.11175779274391673), 508401000000, 
-7.612692205316564, 1.4299757459425826, geometry_msgs.msg.Vector3(x=-1.9593707593970133, y=0.41104587396267833, z=0.10918276455217864), 508406000000, 
-9.722228942146895, 1.8127790980652811, geometry_msgs.msg.Vector3(x=-1.9598167078112159, y=0.4127320064074721, z=0.1059861543214688), 508411000000, 
-1.0538075359273524, -0.6616556497016726, -1.6236613132261029, 508411000000, 
-9.52950019516178, 1.776892713459928, geometry_msgs.msg.Vector3(x=-1.959782930782239, y=0.41348446852581516, z=0.10348847573044642), 508416000000, 
-11.239748958477723, 2.068487740686958, geometry_msgs.msg.Vector3(x=-1.9600970271683928, y=0.4151306832573695, z=0.09991162937723697), 508421000000, 
-7.654633917852097, 1.4286204004722685, geometry_msgs.msg.Vector3(x=-1.9603269818686775, y=0.41595674112594483, z=0.09742196967846853), 508426000000, 
-11.61997007685936, 2.153916487077331, geometry_msgs.msg.Vector3(x=-1.9602772526785106, y=0.4173711712364048, z=0.09423331762583323), 508431000000, 
-7.666964952882408, 1.4063862607991102, geometry_msgs.msg.Vector3(x=-1.9600926920366022, y=0.4176515326289235, z=0.09212738531611268), 508436000000, 
-11.290006701477278, 2.0386734420863806, geometry_msgs.msg.Vector3(x=-1.9603976436133148, y=0.4196542010019434, z=0.08867931952079419), 508441000000, 
-1.0502142575267117, -0.6596399838403921, -1.5629771536327846, 508445000000, 
-7.641604369122765, 1.3735576064327957, geometry_msgs.msg.Vector3(x=-1.9603871398400505, y=0.41985488970442636, z=0.08618750591280787), 508446000000, 
-11.576654599960381, 2.0793970225308254, geometry_msgs.msg.Vector3(x=-1.9602165739620636, y=0.421609786770659, z=0.08230143726946536), 508451000000, 
-7.68243118582895, 1.4006233257791223, geometry_msgs.msg.Vector3(x=-1.9608189584334308, y=0.42261243974763507, z=0.0795126900952508), 508456000000, 
-11.30296131846751, 2.0213470303051473, geometry_msgs.msg.Vector3(x=-1.9605922806410268, y=0.4235787970534945, z=0.07638267022461173), 508461000000, 
-7.662059202248508, 1.3764653011672925, geometry_msgs.msg.Vector3(x=-1.9606340616300868, y=0.4247975281344811, z=0.07390094201058327), 508466000000, 
-11.5885996855124, 2.062647509593756, geometry_msgs.msg.Vector3(x=-1.960708291777616, y=0.42624225208137695, z=0.07013969750965723), 508471000000, 
-7.694309223583526, 1.3610771330300815, geometry_msgs.msg.Vector3(x=-1.9604696854897732, y=0.4268170284241982, z=0.06807310908094627), 508476000000, 
-1.0467605912141773, -0.6574206327130263, -1.5017570657437551, 508479000000, 
-9.268015980138943, 1.6262700707859115, geometry_msgs.msg.Vector3(x=-1.9606376973201394, y=0.42763542003651145, z=0.0668267655583842), 508481000000, 
-10.426245629485122, 1.8159809950629286, geometry_msgs.msg.Vector3(x=-1.9605719458582107, y=0.43049678605362957, z=0.059485292440672626), 508488000000, 
-9.577964887683128, 1.6854909105308091, geometry_msgs.msg.Vector3(x=-1.960286129853967, y=0.43138568018999246, z=0.05661959420770758), 508493000000, 
-7.680006873287884, 1.342413854833059, geometry_msgs.msg.Vector3(x=-1.9603338650158972, y=0.4319521383915391, z=0.05413367788831738), 508498000000, 
-11.590082684230785, 2.018201377914746, geometry_msgs.msg.Vector3(x=-1.9604165716750834, y=0.4333487914335801, z=0.05028092001599676), 508503000000, 
-7.681473258378958, 1.3086595333042388, geometry_msgs.msg.Vector3(x=-1.9603531812207402, y=0.43406163086342525, z=0.0480545471794284), 508508000000, 
-11.398129287173957, 1.9681306650951103, geometry_msgs.msg.Vector3(x=-1.9605101336741757, y=0.4355301569034852, z=0.044393452915275765), 508513000000, 
-1.0434579729919828, -0.6550079472575507, -1.4398295575806976, 508513000000, 
-7.6750621103231, 1.3034756037471869, geometry_msgs.msg.Vector3(x=-1.9609411181051253, y=0.43601097748841866, z=0.04210691892316173), 508518000000, 
-11.564449409404386, 1.9576987301329474, geometry_msgs.msg.Vector3(x=-1.9610284286231248, y=0.4379732460382907, z=0.03790967182160112), 508523000000, 
-7.687558941552045, 1.2996257876206172, geometry_msgs.msg.Vector3(x=-1.9613618988660142, y=0.43883448426014104, z=0.03545324484473087), 508528000000, 
-11.398455353258694, 1.9210617036096904, geometry_msgs.msg.Vector3(x=-1.9609255048651382, y=0.43997727524881297, z=0.03173831933888766), 508533000000, 
-7.700075330782805, 1.2801774484558355, geometry_msgs.msg.Vector3(x=-1.961171338899168, y=0.4409925637473626, z=0.028996445253457025), 508538000000, 
-11.551277347471396, 1.911411494824204, geometry_msgs.msg.Vector3(x=-1.9615083741801553, y=0.4419642628677576, z=0.025556999918423213), 508543000000, 
-1.040315424559772, -0.6524112969969043, -1.37698501995693, 508547000000, 
-7.685706141330606, 1.2710309841266256, geometry_msgs.msg.Vector3(x=-1.9614009477003562, y=0.4431040103624562, z=0.023309524185840844), 508548000000, 
-11.433310287910725, 1.8573473045278734, geometry_msgs.msg.Vector3(x=-1.9622945447911668, y=0.4449946348844266, z=0.019205082087779077), 508553000000, 
-7.693640412236751, 1.2557385860043933, geometry_msgs.msg.Vector3(x=-1.9626151469142639, y=0.4450280177707154, z=0.016404065570403577), 508558000000, 
-11.5732994339048, 1.902292134556764, geometry_msgs.msg.Vector3(x=-1.9623650663533292, y=0.4467686805626578, z=0.013032807316115233), 508563000000, 
-9.512063216624963, 1.5140287546809914, geometry_msgs.msg.Vector3(x=-1.962860671978084, y=0.4484563843534822, z=0.00946336203712619), 508568000000, 
-9.618045097245833, 1.5605321704463124, geometry_msgs.msg.Vector3(x=-1.963089248105086, y=0.4493263183526958, z=0.006772277941837854), 508573000000, 
-7.682981456761054, 1.2132703303050767, geometry_msgs.msg.Vector3(x=-1.963394301016673, y=0.4498023606043025, z=0.004116346450679846), 508578000000, 
-1.0373412089155787, -0.6496386914384791, -1.312927944121763, 508581000000, 
-11.610721930838519, 1.8056820712970447, geometry_msgs.msg.Vector3(x=-1.9634165582933185, y=0.4512681209613525, z=0.0007266812187130688), 508583000000, 
-7.71688508569882, 1.2294860555427907, geometry_msgs.msg.Vector3(x=-1.964250390073402, y=0.4520180786209953, z=-0.0019008564617031065), 508588000000, 
-11.45477435806873, 1.8066427178661812, geometry_msgs.msg.Vector3(x=-1.9642191210092854, y=0.4533621112576412, z=-0.005292939912530045), 508593000000, 
-7.696395259731264, 1.178014266392974, geometry_msgs.msg.Vector3(x=-1.9644354291307133, y=0.4544940916595273, z=-0.007704002441237677), 508598000000, 
-11.529613621154919, 1.7673364414550852, geometry_msgs.msg.Vector3(x=-1.965161234511865, y=0.4557852643478762, z=-0.011830613544027131), 508603000000, 
-7.692278092870429, 1.1530461749042051, geometry_msgs.msg.Vector3(x=-1.9650181922163474, y=0.4565805711881308, z=-0.013910329268507106), 508608000000, 
-11.527635538292454, 1.753320788244391, geometry_msgs.msg.Vector3(x=-1.9649325808991958, y=0.4577503819589468, z=-0.018026888060233365), 508613000000, 
-1.034544749402513, -0.6466986637969389, -1.2472600880754636, 508615000000, 
-7.751459184107639, 1.1276669067119518, geometry_msgs.msg.Vector3(x=-1.9655720584211147, y=0.45869909299911543, z=-0.020113089754087536), 508618000000, 
-11.60050048619651, 1.741529537336231, geometry_msgs.msg.Vector3(x=-1.9656758220465937, y=0.4600253392405766, z=-0.023912734490825094), 508623000000, 
-7.703275309402388, 1.1552638659485912, geometry_msgs.msg.Vector3(x=-1.9657605483171245, y=0.461410240728289, z=-0.026100999241254818), 508628000000, 
-11.503538401151486, 1.6432797406835475, geometry_msgs.msg.Vector3(x=-1.965777938328132, y=0.4626224302508547, z=-0.029601936525925514), 508633000000, 
-7.706338393339727, 1.1075118205992163, geometry_msgs.msg.Vector3(x=-1.9659221238689868, y=0.46361925642320045, z=-0.0319679311229668), 508638000000, 
-11.541448549736504, 1.6510905887844407, geometry_msgs.msg.Vector3(x=-1.9658327547709586, y=0.46456251974399415, z=-0.0361683957347077), 508643000000, 
-7.7322480773856, 1.1124576257901984, geometry_msgs.msg.Vector3(x=-1.9659479040530226, y=0.46546173399214347, z=-0.038222620754539756), 508648000000, 
-1.0319365398578344, -0.6436023295295227, -1.179494750894068, 508649000000, 
-11.517842126913045, 1.636767804698826, geometry_msgs.msg.Vector3(x=-1.9660441427464346, y=0.46671270324230957, z=-0.04209939440527561), 508653000000, 
-7.740085623958074, 1.0765952346396912, geometry_msgs.msg.Vector3(x=-1.9660859038428702, y=0.4680467464300736, z=-0.04499774163709179), 508658000000, 
-11.61136011347347, 1.6355713743579723, geometry_msgs.msg.Vector3(x=-1.9662108913775878, y=0.4691791556999769, z=-0.04847659461658343), 508663000000, 
-7.766216089177597, 1.0558178818833122, geometry_msgs.msg.Vector3(x=-1.9660921042768802, y=0.4702747636406528, z=-0.050685479100862206), 508668000000, 
-11.527350848375026, 1.5733375803075653, geometry_msgs.msg.Vector3(x=-1.9660059996391324, y=0.47199284580131673, z=-0.054711658636846364), 508673000000, 
-7.754442305678748, 1.0434063234168987, geometry_msgs.msg.Vector3(x=-1.9661910487330785, y=0.472894225768351, z=-0.05696849603703189), 508678000000, 
-11.566422308365933, 1.5557143494463597, geometry_msgs.msg.Vector3(x=-1.9660634369826984, y=0.474346578699404, z=-0.06062630767562242), 508683000000, 
-1.0295261837166167, -0.6403630918702548, -1.109057437051521, 508683000000, 
-7.728174562375098, 1.0057162802531214, geometry_msgs.msg.Vector3(x=-1.9659697970088026, y=0.47528132183219435, z=-0.06373642769824828), 508688000000, 
-11.54514249295636, 1.5218123776654684, geometry_msgs.msg.Vector3(x=-1.9661026869955198, y=0.4762830526967069, z=-0.06771395073607431), 508693000000, 
-7.747471494034232, 1.0235995817226156, geometry_msgs.msg.Vector3(x=-1.965866707667959, y=0.47722332337119416, z=-0.07000402600591822), 508698000000, 
-9.700455473820233, 1.2616901188836092, geometry_msgs.msg.Vector3(x=-1.9659869106643182, y=0.4787128615397321, z=-0.07372242349998276), 508703000000, 
-11.59531945117953, 1.4956010532701614, geometry_msgs.msg.Vector3(x=-1.9661938173323952, y=0.48021074873949227, z=-0.07801603919510605), 508708000000, 
-9.691912999678408, 1.2261261889543624, geometry_msgs.msg.Vector3(x=-1.9661551409602764, y=0.48103523996267966, z=-0.08058307978319817), 508713000000, 
-1.0273209221100232, -0.6369941444272347, -1.0352217534998243, 508717000000, 
-7.7168170033340875, 0.9649581622704891, geometry_msgs.msg.Vector3(x=-1.9657763900048744, y=0.48210933674022444, z=-0.08327128689219952), 508718000000, 
-11.610778627823448, 1.448984986899365, geometry_msgs.msg.Vector3(x=-1.9660189934170513, y=0.48371143299952296, z=-0.08675776879231513), 508723000000, 
-7.7446610755176355, 0.9506615546303806, geometry_msgs.msg.Vector3(x=-1.9660679220236827, y=0.48452187076006126, z=-0.08961262846352565), 508728000000, 
-11.578610110487652, 1.4394846656953597, geometry_msgs.msg.Vector3(x=-1.966601926640991, y=0.48565481754408857, z=-0.09374988552397805), 508733000000, 
-7.751461302266736, 0.9486187686576991, geometry_msgs.msg.Vector3(x=-1.966587469754794, y=0.48663588834339444, z=-0.09604174442233743), 508738000000, 
-11.606630745214318, 1.4020400657685697, geometry_msgs.msg.Vector3(x=-1.9668589617410959, y=0.48827227694695924, z=-0.10044754763962874), 508743000000, 
-7.785747798139658, 0.9201303169001069, geometry_msgs.msg.Vector3(x=-1.9669341261909776, y=0.48885744287346233, z=-0.10256619284728764), 508748000000, 
-1.0253262924151092, -0.6335066067527098, -0.9569740091745782, 508751000000, 
-11.584266709308707, 1.3261608354669987, geometry_msgs.msg.Vector3(x=-1.9668236334242006, y=0.4906401832159042, z=-0.10665617096834276), 508753000000, 
-7.769189184634904, 0.857009976979087, geometry_msgs.msg.Vector3(x=-1.9674205120155668, y=0.49145803970680996, z=-0.10950449416091769), 508758000000, 
-11.613935954620366, 1.3077402401436946, geometry_msgs.msg.Vector3(x=-1.967978950632747, y=0.49261731310124074, z=-0.11333820586616557), 508763000000, 
-9.712776324434529, 1.0813767669156165, geometry_msgs.msg.Vector3(x=-1.9676707923100514, y=0.4938452734491477, z=-0.11640084292886546), 508768000000, 
-9.722926878362303, 1.0560119859492336, geometry_msgs.msg.Vector3(x=-1.968300034457702, y=0.4953382636868812, z=-0.12005851628874999), 508773000000, 
-9.709412520004063, 1.0538747029652036, geometry_msgs.msg.Vector3(x=-1.9685909369450232, y=0.496423813684117, z=-0.12446590974784809), 508778000000, 
-9.718598861412241, 1.0520944814214614, geometry_msgs.msg.Vector3(x=-1.9684049265290529, y=0.497858310143772, z=-0.12641762444950957), 508783000000, 
-1.0235479062105317, -0.6299104495647045, -0.8728407719976523, 508785000000, 
-7.765608722791387, 0.8413834041350603, geometry_msgs.msg.Vector3(x=-1.9684119037456902, y=0.4983477085966695, z=-0.1287635897230353), 508788000000, 
-11.63707749807135, 1.2252072009761985, geometry_msgs.msg.Vector3(x=-1.9692574644548198, y=0.4998175091212954, z=-0.13307830399186815), 508793000000, 
-7.791494087292593, 0.7997221886200241, geometry_msgs.msg.Vector3(x=-1.969080775121908, y=0.5007761687320726, z=-0.13523944302229293), 508798000000, 
-11.64323644570616, 1.1723140277780029, geometry_msgs.msg.Vector3(x=-1.969031579365787, y=0.5022997537410666, z=-0.13944801224651956), 508803000000, 
-7.766747715626205, 0.794135383108546, geometry_msgs.msg.Vector3(x=-1.9692573422486266, y=0.5032449634537365, z=-0.14174651016647033), 508808000000, 
-11.637665494309404, 1.1812363024257393, geometry_msgs.msg.Vector3(x=-1.969720698225563, y=0.5048552359711718, z=-0.14588171694451033), 508813000000, 
-7.793996227368199, 0.7632337900228681, geometry_msgs.msg.Vector3(x=-1.9700078516090975, y=0.5056501385705907, z=-0.14816563660168797), 508818000000, 
-1.0219921526011222, -0.62621706060117, -0.7806905487957492, 508819000000, 
-11.673193080856608, 1.1118256867686223, geometry_msgs.msg.Vector3(x=-1.970037697968606, y=0.5072968402778322, z=-0.15227767535042358), 508823000000, 
-8.327312850136167, 0.7828020691934726, geometry_msgs.msg.Vector3(x=-1.9698838050958167, y=0.508944789062246, z=-0.15625275695708316), 508829000000, 
-9.742174719933901, 0.920397995347149, geometry_msgs.msg.Vector3(x=-1.9701304860231037, y=0.5095848625301982, z=-0.1586938990596247), 508834000000, 
-11.66595265083147, 1.0901099414415194, geometry_msgs.msg.Vector3(x=-1.9704345895484792, y=0.5111711880897211, z=-0.16269414467172508), 508840000000, 
-8.369002479663187, 0.719264839380359, geometry_msgs.msg.Vector3(x=-1.9700115433633563, y=0.5124428192601137, z=-0.16673847581060747), 508845000000, 
-9.727726293033587, 0.8539492718100793, geometry_msgs.msg.Vector3(x=-1.970358053956746, y=0.5132777242635906, z=-0.16903478685828993), 508850000000, 
-11.699777361200537, 1.0481630299899272, geometry_msgs.msg.Vector3(x=-1.9700597057204783, y=0.5153302637844764, z=-0.17306604534992537), 508855000000, 
-1.0206651476740036, -0.622440441082688, -0.6774447103134547, 508853000000, 
-7.8201068170838175, 0.6669932517678399, geometry_msgs.msg.Vector3(x=-1.9700506967711189, y=0.5160981377194431, z=-0.1759053868215682), 508860000000, 
-11.686587117615106, 0.9897358362608809, geometry_msgs.msg.Vector3(x=-1.9704013110318541, y=0.5175463163305489, z=-0.179657885490601), 508865000000, 
-9.748607390524796, 0.8142253557701332, geometry_msgs.msg.Vector3(x=-1.9701527188274068, y=0.5186596406866011, z=-0.18241491202332397), 508870000000, 
-9.77891232928238, 0.7941829231420712, geometry_msgs.msg.Vector3(x=-1.9701416634205402, y=0.5199633385054574, z=-0.18632430651268678), 508875000000, 
-7.845359345164731, 0.6223803736918615, geometry_msgs.msg.Vector3(x=-1.9698749159960023, y=0.5208895195813344, z=-0.1895094994253018), 508880000000, 
-9.743970457533301, 0.7736528667630647, geometry_msgs.msg.Vector3(x=-1.9700496397830696, y=0.5226545319377511, z=-0.19332631445774154), 508886000000, 
-1.0195714007028371, -0.6185957565716693, -0.558559602000713, 508887000000, 
-11.703992324959813, 0.8864517200311538, geometry_msgs.msg.Vector3(x=-1.9700218359193862, y=0.5241701752832543, z=-0.19722072587726705), 508891000000, 
-7.794197300437604, 0.6126597554445643, geometry_msgs.msg.Vector3(x=-1.969773636854125, y=0.5251610613721188, z=-0.19992006625137823), 508896000000, 
-11.662118644403508, 0.8783614448495046, geometry_msgs.msg.Vector3(x=-1.9698918221564756, y=0.5264391858722609, z=-0.20410287138860783), 508901000000, 
-9.784243514843318, 0.72403825069785, geometry_msgs.msg.Vector3(x=-1.96972465238973, y=0.5282511281351053, z=-0.20791070493053052), 508906000000, 
-9.762965346941703, 0.7294620248398691, geometry_msgs.msg.Vector3(x=-1.969357032287883, y=0.5293602740676613, z=-0.21055640448238971), 508911000000, 
-7.851583678388692, 0.5464919072151917, geometry_msgs.msg.Vector3(x=-1.969802332015046, y=0.5302842715741053, z=-0.21341521834837351), 508916000000, 
-11.708281484489536, 0.814639539619671, geometry_msgs.msg.Vector3(x=-1.9695428467956804, y=0.5317585312585476, z=-0.21723248351488644), 508921000000, 
-1.0187137976850313, -0.6146971024239081, -0.41714111837155593, 508921000000, 
-8.681897059572954, 0.5826195581351662, geometry_msgs.msg.Vector3(x=-1.9698981206837498, y=0.5341570560111661, z=-0.223015702992878), 508929000000, 
-11.729541956734545, 0.7976107529656711, geometry_msgs.msg.Vector3(x=-1.969401564624043, y=0.5353344512650566, z=-0.2273289695248914), 508934000000, 
-9.780945171544086, 0.6353797909720985, geometry_msgs.msg.Vector3(x=-1.9694850127303507, y=0.5363917570840848, z=-0.23009223714432925), 508939000000, 
-7.8249963241549665, 0.486289449188288, geometry_msgs.msg.Vector3(x=-1.969645786528864, y=0.5374011005247972, z=-0.23258877894700608), 508944000000, 
-11.720674825528087, 0.7346164095246829, geometry_msgs.msg.Vector3(x=-1.9695996923224188, y=0.5395266690690964, z=-0.23684272726959404), 508949000000, 
-7.845967300999653, 0.4679103390384719, geometry_msgs.msg.Vector3(x=-1.9697571023377263, y=0.5400261141545587, z=-0.2394358853522623), 508954000000, 
-1.0180946340200197, -0.6107570658535267, -0.24274270997648972, 508955000000, 
-11.703085636215382, 0.7233033089631076, geometry_msgs.msg.Vector3(x=-1.9694880208740664, y=0.5418660323214883, z=-0.24392578400602438), 508959000000, 
-7.859277356565814, 0.5035838349547186, geometry_msgs.msg.Vector3(x=-1.9695246723504325, y=0.5428118324060732, z=-0.24636818598325852), 508964000000, 
-11.730303959505507, 0.6547703030590223, geometry_msgs.msg.Vector3(x=-1.9699274813833667, y=0.5440850920897855, z=-0.2504397064111966), 508969000000, 
-7.834222018216325, 0.4351921346024773, geometry_msgs.msg.Vector3(x=-1.9697147003361408, y=0.5455173122674554, z=-0.2531346174856331), 508974000000, 
-11.74183063563106, 0.6446213297874139, geometry_msgs.msg.Vector3(x=-1.9699396800064857, y=0.547109027474718, z=-0.2574091055466327), 508979000000, 
-7.83851367205685, 0.401285047699585, geometry_msgs.msg.Vector3(x=-1.9698039497357078, y=0.5477136053653416, z=-0.2601926423885687), 508984000000, 
-11.7326581053091, 0.6116307040870025, geometry_msgs.msg.Vector3(x=-1.9696073357219381, y=0.5498582043233975, z=-0.2639765107244854), 508989000000, 
-1.0177162017368437, -0.6067882498738856, -0.02074328781987263, 508989000000, 
-8.40057766522212, 0.4074542844521286, geometry_msgs.msg.Vector3(x=-1.9698027695587694, y=0.5513971541006794, z=-0.26854057609321785), 508996000000, 
-22.996258269188967, -13.010152206037626, geometry_msgs.msg.Vector3(x=-1.9622132961044831, y=0.5419112651110519, z=-0.28025367362638576), 509001000000, 
-10.254406388557612, -8.99877047227965, geometry_msgs.msg.Vector3(x=-1.956632398905203, y=0.5358599881399002, z=-0.2866232142674545), 509006000000, 
-10.285486733491648, -9.020126853356526, geometry_msgs.msg.Vector3(x=-1.9511522085738207, y=0.5290491543593343, z=-0.29307512962217064), 509011000000, 
-10.24149254795484, -9.006150623446658, geometry_msgs.msg.Vector3(x=-1.945371970022526, y=0.5229875830252565, z=-0.2993402386599336), 509016000000, 
-10.23561450572971, -9.047557446035272, geometry_msgs.msg.Vector3(x=-1.9397312501362303, y=0.5164808638017658, z=-0.30532972417639337), 509021000000, 
-1.0216690059722522, -0.6033280485696453, 0.2548035945539323, 509023000000, 
-9.84640802658517, -2.2748095709766405, geometry_msgs.msg.Vector3(x=-1.938581471089961, y=0.5102798147167694, z=-0.30955562169258), 509026000000, 
-9.721899729289875, 0.3803420388901806, geometry_msgs.msg.Vector3(x=-1.9387156740819318, y=0.5041870687458521, z=-0.3127443629260225), 509031000000, 
-9.699270571739893, 0.3772251711936926, geometry_msgs.msg.Vector3(x=-1.9390498031684404, y=0.49784921100387436, z=-0.3162019469027862), 509036000000, 
-9.68225100638441, 0.3747293691334907, geometry_msgs.msg.Vector3(x=-1.9396537364758943, y=0.4916325301192573, z=-0.3197200760091438), 509041000000, 
-9.720746731955266, 0.3390564727866881, geometry_msgs.msg.Vector3(x=-1.939785326821651, y=0.4854252994569187, z=-0.3232543745214588), 509046000000, 
-9.716741646846634, 0.30802742965440755, geometry_msgs.msg.Vector3(x=-1.9405786203163964, y=0.47919635118308984, z=-0.32683268602408155), 509051000000, 
-9.683050931705237, 0.32804117135495026, geometry_msgs.msg.Vector3(x=-1.9407844381436314, y=0.4727220440251396, z=-0.3304359649217971), 509056000000, 
-1.0310137649262412, -0.6005973730724405, 0.5714377104072592, 509057000000, 
-9.694044578016042, 0.28730982026963997, geometry_msgs.msg.Vector3(x=-1.941018791146166, y=0.46683414968652964, z=-0.33365643180734045), 509062000000, 
-9.698817908625546, 0.2809804292835182, geometry_msgs.msg.Vector3(x=-1.9410984681566175, y=0.4593837542198282, z=-0.3377676823301454), 509067000000, 
-9.71221718677822, 0.2688238630342929, geometry_msgs.msg.Vector3(x=-1.941254360761227, y=0.4533797625677706, z=-0.3412747900895723), 509072000000, 
-9.699452150501047, 0.24155359140613464, geometry_msgs.msg.Vector3(x=-1.9416575481839657, y=0.4458542858750682, z=-0.34564430671238683), 509077000000, 
-9.721601318414931, 0.23926821680522584, geometry_msgs.msg.Vector3(x=-1.9416217174495634, y=0.44101168890698467, z=-0.34840781740588456), 509082000000, 
-9.707134749176873, 0.2245508275562779, geometry_msgs.msg.Vector3(x=-1.942018991589901, y=0.43481356905915736, z=-0.35180107269816), 509087000000, 
-1.0404865856807024, -0.5984385530657506, 0.9117010227155433, 509091000000, 
-9.709631340427531, 0.20026656865377798, geometry_msgs.msg.Vector3(x=-1.9424263730837386, y=0.4284905588718998, z=-0.35516477865083895), 509092000000, 
-9.719371358499338, 0.2124940401683918, geometry_msgs.msg.Vector3(x=-1.942564639512003, y=0.4221288957868851, z=-0.35866756751898154), 509097000000, 
-9.672173020064708, 0.1932682577953217, geometry_msgs.msg.Vector3(x=-1.9426097607413055, y=0.41601606584273765, z=-0.36238805248017614), 509102000000, 
-9.680463834358575, 0.17602258365214496, geometry_msgs.msg.Vector3(x=-1.9427956181819401, y=0.4101352480314931, z=-0.3659325685037955), 509107000000, 
-9.678574602108565, 0.18096515537128952, geometry_msgs.msg.Vector3(x=-1.9429996452846081, y=0.403833934949302, z=-0.36940606796628905), 509112000000, 
-9.69359673118825, 0.1619576899923375, geometry_msgs.msg.Vector3(x=-1.943157110207184, y=0.39720278464645625, z=-0.3727591678075779), 509117000000, 
-9.697423121901728, 0.09958432597231566, geometry_msgs.msg.Vector3(x=-1.9436867294273352, y=0.39141148547475885, z=-0.37650519980280084), 509122000000, 
-1.0500550733856906, -0.5968535447865343, 1.2446200242584118, 509125000000, 
-9.70362400498711, 0.12171617233321957, geometry_msgs.msg.Vector3(x=-1.9435956367625202, y=0.3849067338363222, z=-0.37999748710815967), 509128000000, 
-9.747381374322064, 0.09199956675668582, geometry_msgs.msg.Vector3(x=-1.9440584303518873, y=0.3780917795716389, z=-0.3842600289473733), 509133000000, 
-9.723252967853677, 0.06956586930003437, geometry_msgs.msg.Vector3(x=-1.9441199713249462, y=0.37167003840767876, z=-0.3875566106276657), 509138000000, 
-9.699897564968333, 0.05577130393959315, geometry_msgs.msg.Vector3(x=-1.9440874668392734, y=0.36552783849252585, z=-0.39082252941394724), 509143000000, 
-9.718129262085334, 0.050472609759408094, geometry_msgs.msg.Vector3(x=-1.9442082700978625, y=0.35907745667809166, z=-0.3946785046754568), 509148000000, 
-9.701000757566403, 0.05934890495333058, geometry_msgs.msg.Vector3(x=-1.944061783532761, y=0.35332438768587593, z=-0.398035142645014), 509153000000, 
-9.710257198987243, 0.01980435541822081, geometry_msgs.msg.Vector3(x=-1.9446007234393237, y=0.34732710990704385, z=-0.4016594102875568), 509158000000, 
-1.0596867494667284, -0.5958431022711849, 1.544975310912946, 509159000000, 
-9.679770229184863, 0.0008544663068225222, geometry_msgs.msg.Vector3(x=-1.9443266697167434, y=0.34085969244653835, z=-0.40526654319105526), 509163000000, 
-9.649484828054739, -0.02417409391379664, geometry_msgs.msg.Vector3(x=-1.9443265036310666, y=0.33490464455703145, z=-0.4087573909185722), 509168000000, 
-9.665291649077353, 0.005790606331410347, geometry_msgs.msg.Vector3(x=-1.944231468734288, y=0.329057044775341, z=-0.41238758430444267), 509173000000, 
-9.690954740046552, -0.06275802059139901, geometry_msgs.msg.Vector3(x=-1.9439936932821384, y=0.3226307001190275, z=-0.41579632468218), 509178000000, 
-9.673677229302761, -0.07830574894219508, geometry_msgs.msg.Vector3(x=-1.943807730514629, y=0.31634285173917076, z=-0.419673645632395), 509183000000, 
-9.701315982022066, -0.05492274656816008, geometry_msgs.msg.Vector3(x=-1.943751497800302, y=0.3105897341858309, z=-0.42332160053126955), 509188000000, 
-1.0693477956947888, -0.5954067779581182, 1.8048016092238455, 509193000000, 
-9.706112997123737, -0.0690394755012417, geometry_msgs.msg.Vector3(x=-1.9432057823925917, y=0.3017356717924259, z=-0.42770481854697023), 509194000000, 
-9.7001870270389, -0.09576722224010584, geometry_msgs.msg.Vector3(x=-1.9439386568186656, y=0.29693277111870653, z=-0.43099379750595734), 509199000000, 
-9.698966634806686, -0.07228321176002454, geometry_msgs.msg.Vector3(x=-1.9432954037502754, y=0.2905733216868159, z=-0.434203432283807), 509204000000, 
-9.702136434454262, -0.10626028161049683, geometry_msgs.msg.Vector3(x=-1.943129190146287, y=0.2847723759782675, z=-0.4378160348387634), 509209000000, 
-9.716555940750734, -0.1114090349331256, geometry_msgs.msg.Vector3(x=-1.9430996905009337, y=0.2783910286763497, z=-0.441427564056827), 509214000000, 
-9.692003721209591, -0.1504013363333788, geometry_msgs.msg.Vector3(x=-1.9430270259023106, y=0.2727370302932834, z=-0.4448242745300124), 509219000000, 
-9.670291920013094, -0.18193072215164652, geometry_msgs.msg.Vector3(x=-1.9421918683057382, y=0.2663153179005755, z=-0.44885158110732265), 509224000000, 
-1.0790041395795609, -0.5955423034928292, 2.0285021874623212, 509227000000, 
-9.671117982540324, -0.187462950587022, geometry_msgs.msg.Vector3(x=-1.9424457930201033, y=0.2603879875303291, z=-0.45272576417224003), 509229000000, 
-9.678567436133221, -0.1727042968005716, geometry_msgs.msg.Vector3(x=-1.9418931594135358, y=0.2545676694500306, z=-0.4558570541074954), 509234000000, 
-21.00968321181646, 4.271520678860859, geometry_msgs.msg.Vector3(x=-1.9387743269517068, y=0.23688939087626193, z=-0.4526451973512887), 509239000000, 
-8.415285381016774, 2.655123078959408, geometry_msgs.msg.Vector3(x=-1.936430106907921, y=0.22881051470202976, z=-0.4485379360340247), 509244000000, 
-10.68886287128353, 2.3350800685460276, geometry_msgs.msg.Vector3(x=-1.9338520576640374, y=0.2190952577254666, z=-0.44305621016266833), 509249000000, 
-10.23338958997117, -4.741098080991251, geometry_msgs.msg.Vector3(x=-1.9247104367715597, y=0.20533481989032937, z=-0.43827821518947746), 509256000000, 
-9.879149001470276, -1.7771452916773387, geometry_msgs.msg.Vector3(x=-1.9230500837798405, y=0.20002448522513794, z=-0.43505058023835486), 509261000000, 
-1.0857870934375489, -0.5996951672680703, 2.218064538795462, 509261000000, 
-9.348035593505529, 0.15279619199552968, geometry_msgs.msg.Vector3(x=-1.9240641214422975, y=0.19149896270449318, z=-0.42946508907686254), 509267000000, 
-10.13179006188791, 0.20150104314264097, geometry_msgs.msg.Vector3(x=-1.9240094161463694, y=0.1855830590732207, z=-0.4258153693874463), 509272000000, 
-9.636531092621652, 0.1380932413865778, geometry_msgs.msg.Vector3(x=-1.9245793040877741, y=0.18053936612495633, z=-0.4223836749835486), 509277000000, 
-7.730749332435371, 0.11682345568151248, geometry_msgs.msg.Vector3(x=-1.9247181994947442, y=0.17601013329432802, z=-0.4186960148635756), 509282000000, 
-12.773438869078412, 0.13977164092829988, geometry_msgs.msg.Vector3(x=-1.9250720646693118, y=0.167979388740468, z=-0.4137197667756281), 509287000000, 
-7.704069276346808, 0.07451896054843786, geometry_msgs.msg.Vector3(x=-1.9255035944949197, y=0.16258485423221167, z=-0.4101126074672062), 509292000000, 
-1.0900931458404175, -0.6086396740837805, 2.371980587015085, 509295000000, 
-10.333398837019873, 0.13264312805100098, geometry_msgs.msg.Vector3(x=-1.9263242746038913, y=0.15620842237994673, z=-0.4059983869634417), 509297000000, 
-7.710059971046234, 0.056378833800723734, geometry_msgs.msg.Vector3(x=-1.926973661953892, y=0.1515180240100652, z=-0.4025853538549545), 509302000000, 
-12.602978411034425, 0.07920962148451685, geometry_msgs.msg.Vector3(x=-1.9271949653103342, y=0.14390517826739355, z=-0.39714915052011496), 509307000000, 
-7.680133770117508, 0.05073647019331446, geometry_msgs.msg.Vector3(x=-1.927575692574766, y=0.13924789006955288, z=-0.3940454658481039), 509312000000, 
-10.528921798085468, 0.08690069534795138, geometry_msgs.msg.Vector3(x=-1.9278994669208118, y=0.13253608714005538, z=-0.3894066242949642), 509317000000, 
-7.739846300793467, 0.03148218387301928, geometry_msgs.msg.Vector3(x=-1.9282267759813871, y=0.12747770347099455, z=-0.38639281206562626), 509322000000, 
-12.43138152365083, 0.022523502650265117, geometry_msgs.msg.Vector3(x=-1.9285337494486716, y=0.11984968901635576, z=-0.3807299337516238), 509327000000, 
-1.0938669553800648, -0.6178290748562746, 2.5002076031460523, 509329000000, 
-7.6942481684071105, -0.01354494636684861, geometry_msgs.msg.Vector3(x=-1.9287699129750466, y=0.1155105603626602, z=-0.3775293545792156), 509332000000, 
-8.87690255698277, 0.017700284160610404, geometry_msgs.msg.Vector3(x=-1.9290653299914047, y=0.10843722302794784, z=-0.3728611443137717), 509338000000, 
-12.332208090228752, -0.01052769230257352, geometry_msgs.msg.Vector3(x=-1.9296000425796902, y=0.10074866729402336, z=-0.36828314799136913), 509343000000, 
-7.697655628683269, -0.011541353290694716, geometry_msgs.msg.Vector3(x=-1.9298770806609473, y=0.09588868360687779, z=-0.3641402796940896), 509348000000, 
-10.745256838578346, -0.001385386318962433, geometry_msgs.msg.Vector3(x=-1.9305285560215348, y=0.08955756866413164, z=-0.35980699720872283), 509353000000, 
-7.708388526421009, -0.007917241214618325, geometry_msgs.msg.Vector3(x=-1.9303742333489364, y=0.08453654723520845, z=-0.3565829818596187), 509358000000, 
-12.193997542655955, -0.08308778904994601, geometry_msgs.msg.Vector3(x=-1.9306932083945532, y=0.07714344095804362, z=-0.351066914382821), 509363000000, 
-1.0970999046627772, -0.6272311871192211, 2.610248021410775, 509363000000, 
-7.686917564476411, -0.061981924168544075, geometry_msgs.msg.Vector3(x=-1.9308283088525864, y=0.07191963143834493, z=-0.3477221417792002), 509368000000, 
-10.888381026373448, -0.05791288306674582, geometry_msgs.msg.Vector3(x=-1.9314799777586618, y=0.06570097740289382, z=-0.3434199720772314), 509373000000, 
-7.729906944223492, -0.07269695087059236, geometry_msgs.msg.Vector3(x=-1.9313036249850029, y=0.0613134986909874, z=-0.3398578694676476), 509378000000, 
-12.100800795738229, -0.10729999101009303, geometry_msgs.msg.Vector3(x=-1.9317874327783877, y=0.05387625794435971, z=-0.3349057900585969), 509383000000, 
-7.681678922730203, -0.06468766775699923, geometry_msgs.msg.Vector3(x=-1.9316998984666327, y=0.04851440973410639, z=-0.3312361362638604), 509388000000, 
-10.971375827050947, -0.0705335893219323, geometry_msgs.msg.Vector3(x=-1.931530679074945, y=0.0417804452828287, z=-0.32683589678716685), 509393000000, 
-1.0997835297728815, -0.6368108706536149, 2.707323494639768, 509397000000, 
-7.675462734946405, -0.08226302252106346, geometry_msgs.msg.Vector3(x=-1.931908566349002, y=0.037018743307908185, z=-0.3233100061120176), 509398000000, 
-9.576581933106699, -0.1163977839463268, geometry_msgs.msg.Vector3(x=-1.9320907401287268, y=0.02764924237050075, z=-0.31683187763913395), 509405000000, 
-9.602070640407172, -0.10227138789727294, geometry_msgs.msg.Vector3(x=-1.9319755376037218, y=0.022915412811435967, z=-0.31350587280712194), 509410000000, 
-10.57688967102323, -0.12066461081165776, geometry_msgs.msg.Vector3(x=-1.9322397843072376, y=0.015310037813922813, z=-0.3083684594290451), 509415000000, 
-7.227423311048313, -0.12071001560220503, geometry_msgs.msg.Vector3(x=-1.9325611611870501, y=0.011563663459850368, z=-0.30578910630481554), 509420000000, 
-11.51167827563332, -0.12089140244096014, geometry_msgs.msg.Vector3(x=-1.9323370404339926, y=0.004067151080615696, z=-0.30095799430576486), 509425000000, 
-9.615867315720617, -0.12388445374844811, geometry_msgs.msg.Vector3(x=-1.9325006930633115, y=-0.0013863439929192865, z=-0.2973899966398133), 509430000000, 
-1.101908961261896, -0.6465340896277616, 2.7951158102484417, 509431000000, 
-9.601055080100933, -0.1444891875274184, geometry_msgs.msg.Vector3(x=-1.9327362302009239, y=-0.007433323584131292, z=-0.29300081772179726), 509435000000, 
-9.58378054772016, -0.100819566548075, geometry_msgs.msg.Vector3(x=-1.9333438692078864, y=-0.013026734782321926, z=-0.2895907511684573), 509440000000, 
-9.555170486790878, -0.14443114615692315, geometry_msgs.msg.Vector3(x=-1.9332900185231836, y=-0.019017034439964112, z=-0.2853101773232974), 509445000000, 
-9.578064415744722, -0.1458834884000891, geometry_msgs.msg.Vector3(x=-1.9335972876610554, y=-0.025017927637380658, z=-0.28129362442507183), 509450000000, 
-9.584539581620168, -0.12491352271067917, geometry_msgs.msg.Vector3(x=-1.9337392742315114, y=-0.030737069341983596, z=-0.2777946866360151), 509455000000, 
-9.586919789658914, -0.15937340053472607, geometry_msgs.msg.Vector3(x=-1.934238615597393, y=-0.03691605097223399, z=-0.27353556234289994), 509460000000, 
-9.59677227888326, -0.1618528832488293, geometry_msgs.msg.Vector3(x=-1.933937339084216, y=-0.04267184025801623, z=-0.2691181084799796), 509465000000, 
-1.1034674400289761, -0.6563706069147484, 2.876241479433197, 509465000000, 
-9.586023425237896, -0.14878722265611782, geometry_msgs.msg.Vector3(x=-1.9341788294429907, y=-0.04862851289326636, z=-0.26575882244710397), 509470000000, 
-9.618727839783727, -0.18296220752269143, geometry_msgs.msg.Vector3(x=-1.934479463253864, y=-0.05460521588625679, z=-0.26174620257808984), 509475000000, 
-9.590660762869415, -0.16607916997067257, geometry_msgs.msg.Vector3(x=-1.935277129018637, y=-0.061809922342464185, z=-0.25667719088550484), 509481000000, 
-9.598119533775469, -0.18963948916865736, geometry_msgs.msg.Vector3(x=-1.9352395044125414, y=-0.06739409212333554, z=-0.25295164688653865), 509486000000, 
-9.607283004374949, -0.18633610664432004, geometry_msgs.msg.Vector3(x=-1.935766117327238, y=-0.07313516026046331, z=-0.24849606369830593), 509491000000, 
-9.608236589840061, -0.17945234961130796, geometry_msgs.msg.Vector3(x=-1.9359501960059362, y=-0.07926001376500205, z=-0.24495207866412183), 509496000000, 
-1.1044612977729622, -0.6662927788030927, 2.952531628318184, 509499000000, 
-9.604214516879113, -0.1771157282861513, geometry_msgs.msg.Vector3(x=-1.9367359258731682, y=-0.08501775282077766, z=-0.24071319812998274), 509501000000, 
-9.57606097493609, -0.17269574383450328, geometry_msgs.msg.Vector3(x=-1.9370464409492303, y=-0.09089260073717516, z=-0.23698410120715324), 509506000000, 
-9.573432157178555, -0.16971798067236252, geometry_msgs.msg.Vector3(x=-1.937439721753828, y=-0.09703008729167054, z=-0.23278261389342905), 509511000000, 
-9.585787529126193, -0.19223538649045588, geometry_msgs.msg.Vector3(x=-1.9376342279536538, y=-0.10265258323646469, z=-0.22908475360255284), 509516000000, 
-9.619710700418487, -0.16682243761802684, geometry_msgs.msg.Vector3(x=-1.9378369328585985, y=-0.10913179810074042, z=-0.22511868574081856), 509521000000, 
-9.54734619243179, -0.19968012447304256, geometry_msgs.msg.Vector3(x=-1.9381820908141787, y=-0.11477249614818581, z=-0.2208702948373341), 509526000000, 
-9.597124259586398, -0.16827705294819797, geometry_msgs.msg.Vector3(x=-1.9383046879587245, y=-0.12046448331165802, z=-0.21670263430334288), 509531000000, 
-1.1048865190207278, -0.6762721302103185, 3.0252560492272496, 509533000000, 
-9.585882476005251, -0.205576629339793, geometry_msgs.msg.Vector3(x=-1.9390579896184355, y=-0.12609439626032473, z=-0.21256351828053166), 509536000000, 
-9.56809156292868, -0.1503506311521393, geometry_msgs.msg.Vector3(x=-1.9389187338052987, y=-0.1324071415796675, z=-0.20884069689829232), 509541000000, 
-9.606103474300728, -0.1794636898573592, geometry_msgs.msg.Vector3(x=-1.9392413243751894, y=-0.1378364462163234, z=-0.20431246383117607), 509546000000, 
-9.570649829905111, -0.18067061754042313, geometry_msgs.msg.Vector3(x=-1.9395761529286681, y=-0.1475114802379651, z=-0.1981423695891854), 509553000000, 
-9.575596825500885, -0.17439916960305504, geometry_msgs.msg.Vector3(x=-1.9397928158960878, y=-0.15229446607447406, z=-0.19471139907353446), 509558000000, 
-9.582721371510324, -0.18047633643096667, geometry_msgs.msg.Vector3(x=-1.9401107753843398, y=-0.1579975607070321, z=-0.19064586283560273), 509563000000, 
-1.1047392243377543, -0.6862751741649913, 3.095374908325147, 509567000000, 
-9.62107460893533, -0.18316472583852866, geometry_msgs.msg.Vector3(x=-1.9399943164332598, y=-0.16380532752821672, z=-0.18653680138770912), 509568000000, 
-9.59826750865683, -0.16126181384377314, geometry_msgs.msg.Vector3(x=-1.9401270643586892, y=-0.1695726996662066, z=-0.18251692737804306), 509573000000, 
-9.599237910547055, -0.19168460874992801, geometry_msgs.msg.Vector3(x=-1.940243169874325, y=-0.17573693657445116, z=-0.17800278184194473), 509578000000, 
-9.58627535604708, -0.17462864855385113, geometry_msgs.msg.Vector3(x=-1.9399587413525732, y=-0.1817680415117855, z=-0.17399712684938717), 509583000000, 
-9.56682538727992, -0.1787264510477889, geometry_msgs.msg.Vector3(x=-1.9396855653543885, y=-0.18739097546832048, z=-0.1702292341466415), 509588000000, 
-9.605253314883958, -0.1730102141738014, geometry_msgs.msg.Vector3(x=-1.9403585524426412, y=-0.1931017613325979, z=-0.1657603124731622), 509593000000, 
-9.597623875828342, -0.1537806068344601, geometry_msgs.msg.Vector3(x=-1.9403709889204315, y=-0.19928676215418603, z=-0.16210833617126408), 509598000000, 
-1.1040167068774496, -0.6962647333107513, -3.119399401320005, 509601000000, 
-9.577868387631014, -0.16615732950792375, geometry_msgs.msg.Vector3(x=-1.9400654797799923, y=-0.20517825250189115, z=-0.15774775567308486), 509603000000, 
-9.559057339794002, -0.14654401167494743, geometry_msgs.msg.Vector3(x=-1.940110334750483, y=-0.21078594961205704, z=-0.15379647356695836), 509608000000, 
-9.598564780090259, -0.1595073281328823, geometry_msgs.msg.Vector3(x=-1.9404574401372807, y=-0.2168253662935006, z=-0.14972305981782116), 509613000000, 
-9.582748640943818, -0.1503077375076112, geometry_msgs.msg.Vector3(x=-1.940222872293059, y=-0.22272009230049694, z=-0.1454486090096463), 509619000000, 
-9.572497765731791, -0.1580152793617687, geometry_msgs.msg.Vector3(x=-1.9405754183144415, y=-0.22973570162613624, z=-0.14097468215522785), 509624000000, 
-9.589261123546923, -0.18029948360890796, geometry_msgs.msg.Vector3(x=-1.940501747107147, y=-0.23556212114635602, z=-0.13681112429249806), 509629000000, 
-9.579464929057664, -0.1503103486466231, geometry_msgs.msg.Vector3(x=-1.9405470045471753, y=-0.2415247960802143, z=-0.13291860550352189), 509634000000, 
-1.1027176139479737, -0.7062046457698433, -3.051696209537909, 509635000000, 
-9.579446802205876, -0.17859666539231459, geometry_msgs.msg.Vector3(x=-1.9404974691739758, y=-0.2476126542037095, z=-0.12891580522407797), 509639000000, 
-9.591682789077549, -0.1535234161270997, geometry_msgs.msg.Vector3(x=-1.9401605981464756, y=-0.2529558814556707, z=-0.12496697926509694), 509644000000, 
-9.616261207417477, -0.13795114759000024, geometry_msgs.msg.Vector3(x=-1.9406366383842089, y=-0.2589051516444811, z=-0.12084746488839973), 509649000000, 
-9.58806648884243, -0.15971833862911108, geometry_msgs.msg.Vector3(x=-1.9411733569561658, y=-0.26484652558013333, z=-0.11658597200536441), 509654000000, 
-9.58082177432004, -0.1642743385415112, geometry_msgs.msg.Vector3(x=-1.9408467910553626, y=-0.270805237720773, z=-0.11279832468219281), 509659000000, 
-9.603099986765091, -0.1528987415367325, geometry_msgs.msg.Vector3(x=-1.9409147485499534, y=-0.2768544687327976, z=-0.10902892156715961), 509664000000, 
-9.600877402470038, -0.16488586241568864, geometry_msgs.msg.Vector3(x=-1.9408274563370198, y=-0.28280826529912845, z=-0.10481895664633034), 509669000000, 
-1.100841056900778, -0.7160627394672934, -2.983530992013714, 509669000000, 
-9.618233314247258, -0.14660760012326549, geometry_msgs.msg.Vector3(x=-1.941426104221678, y=-0.2885513379971006, z=-0.1012907454462177), 509674000000, 
-9.596520566121567, -0.12839926976612262, geometry_msgs.msg.Vector3(x=-1.9414958371647353, y=-0.29502261325225326, z=-0.09714410578898398), 509679000000, 
-9.611498592100219, -0.12967451874517935, geometry_msgs.msg.Vector3(x=-1.9421934921080233, y=-0.3006586241341046, z=-0.09333062912323732), 509684000000, 
-9.644048453891358, -0.11218096798456965, geometry_msgs.msg.Vector3(x=-1.941901897058543, y=-0.3074471242576715, z=-0.08820698193649627), 509689000000, 
-9.597838286119874, -0.0914740878236102, geometry_msgs.msg.Vector3(x=-1.9423882227473683, y=-0.3135834127176637, z=-0.08400511427392802), 509694000000, 
-9.573524546939185, -0.11312205365673132, geometry_msgs.msg.Vector3(x=-1.9424209938726642, y=-0.318685544408512, z=-0.08146255731448077), 509699000000, 
-1.0983860592693433, -0.7258089612337079, -2.9134754173383453, 509703000000, 
-9.613820775061374, -0.07983273633990409, geometry_msgs.msg.Vector3(x=-1.9425755278077002, y=-0.32420315712162345, z=-0.07726641249966687), 509704000000, 
-9.600748282707784, -0.1309301903813651, geometry_msgs.msg.Vector3(x=-1.9428611316685085, y=-0.3303888776646226, z=-0.07312739714445382), 509709000000, 
-9.592894398212463, -0.10360483952676582, geometry_msgs.msg.Vector3(x=-1.9426084121547813, y=-0.33623031748766274, z=-0.06930946711453499), 509714000000, 
-9.613190578845316, -0.10624802990260165, geometry_msgs.msg.Vector3(x=-1.9431992535014095, y=-0.3417626796614877, z=-0.064804605520212), 509719000000, 
-9.606568893048951, -0.10897894776436606, geometry_msgs.msg.Vector3(x=-1.9432098575426888, y=-0.34817081190983, z=-0.060288628019266564), 509724000000, 
-9.586357557509608, -0.09811089639040638, geometry_msgs.msg.Vector3(x=-1.943457296008408, y=-0.3540172997558276, z=-0.056921361798128185), 509729000000, 
-9.606223425406673, -0.08918947105195602, geometry_msgs.msg.Vector3(x=-1.9438098967771258, y=-0.360182316831993, z=-0.05273789808274305), 509734000000, 
-1.0953524321358588, -0.7354108401702061, -2.839502622019476, 509737000000, 
-9.596632883938138, -0.0833492270494196, geometry_msgs.msg.Vector3(x=-1.9436970458809648, y=-0.36609719919980993, z=-0.04868663219221825), 509739000000, 
-9.614723328872367, -0.07287571290510766, geometry_msgs.msg.Vector3(x=-1.9442264448789321, y=-0.3720967737849186, z=-0.04463945750898845), 509744000000, 
-9.59539993654404, -0.08002824469684608, geometry_msgs.msg.Vector3(x=-1.9444093204899284, y=-0.3811649522106782, z=-0.038428410863412206), 509751000000, 
-9.59505604737434, -0.08196092771861271, geometry_msgs.msg.Vector3(x=-1.9441055927856594, y=-0.3851493975969912, z=-0.03565481028530834), 509756000000, 
-9.641709054596712, -0.09793569922636022, geometry_msgs.msg.Vector3(x=-1.9442226820320379, y=-0.392225063550409, z=-0.030456729789119914), 509761000000, 
-9.583828446810262, -0.06267834710240683, geometry_msgs.msg.Vector3(x=-1.944521408736463, y=-0.3982091035528153, z=-0.026499058458856993), 509766000000, 
-9.617054829506472, -0.07655860720309714, geometry_msgs.msg.Vector3(x=-1.944462754738276, y=-0.40398217965240835, z=-0.022357970827423832), 509771000000, 
-1.0917422621710586, -0.7448310283756694, -2.758005855819799, 509771000000, 
-9.594132353909519, -0.04044665302523055, geometry_msgs.msg.Vector3(x=-1.944371376499608, y=-0.4100203551918907, z=-0.018132855527905), 509776000000, 
-9.625330605436853, -0.06723597168505886, geometry_msgs.msg.Vector3(x=-1.9441841355629048, y=-0.41626574195623733, z=-0.013893832168073415), 509781000000, 
-9.638499700549666, -0.05634210157091529, geometry_msgs.msg.Vector3(x=-1.9444076507076538, y=-0.4221331122642046, z=-0.010075077022078027), 509786000000, 
-9.600074546211074, -0.03153561856722013, geometry_msgs.msg.Vector3(x=-1.9445719063371225, y=-0.42802210970725957, z=-0.0055814381412185275), 509791000000, 
-9.61581471855662, -0.03231109148694106, geometry_msgs.msg.Vector3(x=-1.9444582861907358, y=-0.43411595173696127, z=-0.0020381367254969046), 509796000000, 
-9.616682258338248, -0.03353574965109819, geometry_msgs.msg.Vector3(x=-1.9442044149467637, y=-0.4401425536182315, z=0.0023362240164343886), 509801000000, 
-1.0875602720072923, -0.754029042182678, -2.661128895861929, 509805000000, 
-9.615317436850642, -0.019092033441831822, geometry_msgs.msg.Vector3(x=-1.943853411392432, y=-0.44954478129059766, z=0.008630400722692343), 509808000000, 
-9.606572985473587, -0.01265427047467654, geometry_msgs.msg.Vector3(x=-1.944100461054663, y=-0.4543175191010858, z=0.012053691612600115), 509813000000, 
-9.634441214415967, -0.01050945997000196, geometry_msgs.msg.Vector3(x=-1.9438824563536237, y=-0.4608488133992747, z=0.015852118298933272), 509818000000, 
-9.60496054051853, -0.019036596059219216, geometry_msgs.msg.Vector3(x=-1.9437913696763367, y=-0.46641941093089795, z=0.020794196611663113), 509823000000, 
-9.597330782374874, 0.0017933492170410716, geometry_msgs.msg.Vector3(x=-1.943456455918788, y=-0.4725081410082479, z=0.024395157530370738), 509828000000, 
-9.611167952508481, 0.013928064287764127, geometry_msgs.msg.Vector3(x=-1.9436043253578859, y=-0.47873341658346413, z=0.028624179951615675), 509833000000, 
-9.605746250673501, 0.01552576802808267, geometry_msgs.msg.Vector3(x=-1.943486079946893, y=-0.48453170738593193, z=0.032491352437997084), 509838000000, 
-1.082812662167695, -0.762964812996217, -2.527908478133657, 509839000000, 
-9.589964296452836, 0.02077292797380474, geometry_msgs.msg.Vector3(x=-1.9437737543606415, y=-0.490416151232612, z=0.036296665102068575), 509843000000, 
-9.586097616613602, 0.02572825961935899, geometry_msgs.msg.Vector3(x=-1.943757953180541, y=-0.4963919395669559, z=0.04022247260212764), 509848000000, 
-9.626917575937183, 0.015844215073347004, geometry_msgs.msg.Vector3(x=-1.9434857864586372, y=-0.502909870879366, z=0.04481778970313272), 509853000000, 
-9.628452474328693, 0.07175820621910156, geometry_msgs.msg.Vector3(x=-1.943293006055035, y=-0.5099877468774543, z=0.04953533307335571), 509858000000, 
-9.644110039544811, 0.027852673467112114, geometry_msgs.msg.Vector3(x=-1.943105934628029, y=-0.5158732958863843, z=0.05373285517461062), 509863000000, 
-9.596235168950404, 0.028108691063781104, geometry_msgs.msg.Vector3(x=-1.943073062874333, y=-0.5219849429399036, z=0.05778066714382366), 509868000000, 
-1.0775060003648724, -0.7716001425728971, -2.281214260948602, 509873000000, 
-9.628335025304597, 0.03705035258729512, geometry_msgs.msg.Vector3(x=-1.9434081021697227, y=-0.5269332234477734, z=0.06088700148280442), 509873000000, 
-9.607462346707358, 0.04067224681130063, geometry_msgs.msg.Vector3(x=-1.943037554174116, y=-0.5331386864972949, z=0.06474797374430939), 509878000000, 
-9.616511950938373, 0.04098926098168787, geometry_msgs.msg.Vector3(x=-1.943165012286737, y=-0.5389548184871179, z=0.06894063838028877), 509883000000, 
-9.615059446204448, 0.05688792745654742, geometry_msgs.msg.Vector3(x=-1.9429543986642301, y=-0.5452064263992654, z=0.07341180694319333), 509888000000, 
-9.616353380536436, 0.09322652624176224, geometry_msgs.msg.Vector3(x=-1.9428741514567833, y=-0.5515118211443298, z=0.07711275306832598), 509893000000, 
-9.639026145894736, 0.07317423302586021, geometry_msgs.msg.Vector3(x=-1.942831846512329, y=-0.5576412605574935, z=0.081528674585377), 509898000000, 
-9.61359536740893, 0.07499548444631171, geometry_msgs.msg.Vector3(x=-1.9430126058739485, y=-0.5633465923939451, z=0.08508089920662584), 509903000000, 
-1.0716477571029275, -0.779897063739445, -1.4761293272886478, 509907000000, 
-9.594581663156628, 0.08661442812953944, geometry_msgs.msg.Vector3(x=-1.942805558606772, y=-0.5697777930620584, z=0.08966469616984654), 509908000000, 
-22.67499355070569, 19.971465050831195, geometry_msgs.msg.Vector3(x=-1.9427934565126002, y=-0.5679330889269029, z=0.10680947279556256), 509913000000, 
-9.823144774178084, 9.329116860941035, geometry_msgs.msg.Vector3(x=-1.9409469973648519, y=-0.5671810520276227, z=0.11268419746870588), 509918000000, 
-9.838821542353253, 9.324546768275567, geometry_msgs.msg.Vector3(x=-1.9383962412926807, y=-0.566851652899846, z=0.1190296373319455), 509923000000, 
-9.85530569876297, 9.308483963710096, geometry_msgs.msg.Vector3(x=-1.9362084737565128, y=-0.565950855115626, z=0.12552397391657752), 509928000000, 
-9.827719249371597, 4.46005775275025, geometry_msgs.msg.Vector3(x=-1.9349992015508435, y=-0.5648267534427777, z=0.13080747326528364), 509933000000, 
-9.786554686261425, 0.10889762312755837, geometry_msgs.msg.Vector3(x=-1.9352482826358217, y=-0.5634926040849582, z=0.135178904795276), 509938000000, 
-1.0675967423063562, -0.7816916552493084, -0.166925963179129, 509941000000, 
-9.787815225295567, 0.13289586693145333, geometry_msgs.msg.Vector3(x=-1.934897163935307, y=-0.5623452469264482, z=0.13938546035199412), 509943000000, 
-9.815014811853821, 0.11190911003664399, geometry_msgs.msg.Vector3(x=-1.935151543934942, y=-0.560830237689637, z=0.1440447825477131), 509948000000, 
-9.77774115168253, 0.10432973449358651, geometry_msgs.msg.Vector3(x=-1.9350627025002303, y=-0.5594489742012341, z=0.14797976262933776), 509953000000, 
-9.800455807731177, 0.1399235534158689, geometry_msgs.msg.Vector3(x=-1.9345205658675126, y=-0.558239500779632, z=0.15173756781975095), 509958000000, 
-9.820198962735736, 0.1526157773751139, geometry_msgs.msg.Vector3(x=-1.9349686451175463, y=-0.5567258644129316, z=0.15604566578767765), 509963000000, 
-9.78344094626204, 0.13628385068547236, geometry_msgs.msg.Vector3(x=-1.9345648316737822, y=-0.5551127782868177, z=0.16034258823134837), 509968000000, 
-9.76955979457805, 0.148629310141774, geometry_msgs.msg.Vector3(x=-1.934469556918092, y=-0.5536044563181088, z=0.16463205577739998), 509973000000, 
-1.0638730126129046, -0.7805274537766279, 0.23706822067421512, 509975000000, 
-9.813003664943729, 0.14534052439595857, geometry_msgs.msg.Vector3(x=-1.9341029702810677, y=-0.5526230508144474, z=0.16855277879348093), 509978000000, 
-9.801131758193788, 0.16546796404124464, geometry_msgs.msg.Vector3(x=-1.9344781282933707, y=-0.5513626975039246, z=0.17284428650348985), 509983000000, 
-9.783570464459967, 0.1540292426176137, geometry_msgs.msg.Vector3(x=-1.9340697304166168, y=-0.5494694885058312, z=0.177106883754124), 509988000000, 
-9.775683704857048, 0.1414045095874293, geometry_msgs.msg.Vector3(x=-1.9341073863725184, y=-0.5485030533705607, z=0.1808701305126326), 509993000000, 
-9.819801325339096, 0.17176403298047818, geometry_msgs.msg.Vector3(x=-1.9336547704528178, y=-0.54688696545799, z=0.18544267255843236), 509998000000, 
-9.79253537178078, 0.18194017251462147, geometry_msgs.msg.Vector3(x=-1.9331949358678104, y=-0.5457574349030025, z=0.1893194167503072), 510003000000, 
-9.79888127106254, 0.16227023591119938, geometry_msgs.msg.Vector3(x=-1.9330997126064777, y=-0.544492438686668, z=0.1939461838169061), 510008000000, 
-1.060204040079628, -0.779146401450145, 0.4146205362451788, 510009000000, 
-9.818066815075202, 0.168962159442932, geometry_msgs.msg.Vector3(x=-1.933215927325433, y=-0.5431426614917954, z=0.19784381257614442), 510013000000, 
-9.774732028163005, 0.1857255321579114, geometry_msgs.msg.Vector3(x=-1.932717765920833, y=-0.5419381210724981, z=0.20206258166460808), 510018000000, 
-9.7890540520162, 0.14634374630298594, geometry_msgs.msg.Vector3(x=-1.932775365039982, y=-0.5404722593401527, z=0.20625568045649717), 510023000000, 
-9.774035426572503, 0.1861371835705753, geometry_msgs.msg.Vector3(x=-1.9325653121347477, y=-0.538996982890559, z=0.2112692997370295), 510028000000, 
-9.793014034635362, 0.21396909033035222, geometry_msgs.msg.Vector3(x=-1.9320813536004076, y=-0.5378295296776069, z=0.21444139207631296), 510033000000, 
-14.544416618583343, -5.099205544921542, geometry_msgs.msg.Vector3(x=-1.9263519709602877, y=-0.5311036840124354, z=0.2077897378135054), 510038000000, 
-8.463301075423331, -2.8260138158784853, geometry_msgs.msg.Vector3(x=-1.9229493829546287, y=-0.527553927544805, z=0.20356258399237695), 510043000000, 
-1.0572481619907217, -0.7782094221870977, 0.5306214114250539, 510043000000, 
-11.943012287792616, 0.6513343980493141, geometry_msgs.msg.Vector3(x=-1.9183552951064051, y=-0.5228853216054271, z=0.19936314463200674), 510048000000, 
-8.247712881907956, 3.826584863373076, geometry_msgs.msg.Vector3(x=-1.9155188528597118, y=-0.5199042355902955, z=0.19731284951355715), 510053000000, 
-12.535092044844628, 3.5374517409472372, geometry_msgs.msg.Vector3(x=-1.9129789540584101, y=-0.5167448823972935, z=0.1937101629709513), 510058000000, 
-7.695540714612236, -0.1963171657636121, geometry_msgs.msg.Vector3(x=-1.9132050033993413, y=-0.5151192545970011, z=0.19104583081505455), 510063000000, 
-11.115529531114134, -0.31121314580365916, geometry_msgs.msg.Vector3(x=-1.9133058929630544, y=-0.5140348140843911, z=0.18720965238858364), 510068000000, 
-7.738190120249095, -0.2044349442973837, geometry_msgs.msg.Vector3(x=-1.9137174352621902, y=-0.513020511342635, z=0.18434210795941225), 510073000000, 
-1.0608036918492583, -0.7811383903130765, 0.6080730281228774, 510077000000, 
-11.924029167769781, -0.32144491682717585, geometry_msgs.msg.Vector3(x=-1.9144331616005974, y=-0.5117592535635039, z=0.17963289862659687), 510078000000, 
-7.700693025548542, -0.2309074823330749, geometry_msgs.msg.Vector3(x=-1.9143778572336771, y=-0.5101951351007737, z=0.17663662330302946), 510083000000, 
-9.329198039334749, -0.24889881272580347, geometry_msgs.msg.Vector3(x=-1.9152304380170788, y=-0.5094092462595182, z=0.17282616264511527), 510088000000, 
-9.660652468556925, -0.24792417989042373, geometry_msgs.msg.Vector3(x=-1.9158492546393793, y=-0.5078516667035563, z=0.16982747407133109), 510093000000, 
-11.857018258215389, -0.2823230468516185, geometry_msgs.msg.Vector3(x=-1.9158375371978489, y=-0.5066764047348916, z=0.165391350235139), 510098000000, 
-7.704311844941293, -0.1872302276368542, geometry_msgs.msg.Vector3(x=-1.9160550328321346, y=-0.5059218992099062, z=0.16235588382574118), 510103000000, 
-11.206142726462543, -0.2872623676527158, geometry_msgs.msg.Vector3(x=-1.9165496667790893, y=-0.5044171741685343, z=0.15851379423734557), 510108000000, 
-1.0649415091657652, -0.7843312404186552, 0.6633138266673194, 510111000000, 
-7.707679612551433, -0.20912998449179268, geometry_msgs.msg.Vector3(x=-1.916707393767622, y=-0.5032744803307126, z=0.15554209700006863), 510113000000, 
-11.786901188984688, -0.3378597237977407, geometry_msgs.msg.Vector3(x=-1.9172266893632481, y=-0.5018201548450502, z=0.15155408725006486), 510118000000, 
-7.713022855318401, -0.21383906377705242, geometry_msgs.msg.Vector3(x=-1.9171704975518196, y=-0.5006605890454644, z=0.14829914657718615), 510123000000, 
-11.251322411858057, -0.3047291163501215, geometry_msgs.msg.Vector3(x=-1.9175171667088555, y=-0.4994432084624441, z=0.14414994626300612), 510128000000, 
-10.860129764366947, 0.31749637183537205, geometry_msgs.msg.Vector3(x=-1.9161817390062241, y=-0.4999875154672376, z=0.14278965661405993), 510133000000, 
-7.842019757251896, 1.1090893825427675, geometry_msgs.msg.Vector3(x=-1.9063177137807676, y=-0.5041668417362632, z=0.149055028721661), 510140000000, 
-7.993038265735198, 0.9798342187453839, geometry_msgs.msg.Vector3(x=-1.9021943772020042, y=-0.5059417257141657, z=0.15136620811714352), 510145000000, 
-1.0678924885491938, -0.7867386689621919, 0.7067853561089857, 510145000000, 
-8.171114665029666, -1.0937255575296638, geometry_msgs.msg.Vector3(x=-1.8972889592538007, y=-0.5085703081309655, z=0.15489508818279343), 510150000000, 
-9.381518008129097, -2.483120102942746, geometry_msgs.msg.Vector3(x=-1.8955847536187613, y=-0.5084689715616519, z=0.1579596146443953), 510155000000, 
-9.701551455587722, 0.16612455870173434, geometry_msgs.msg.Vector3(x=-1.8949459348826476, y=-0.5075826822033237, z=0.16226548034696278), 510160000000, 
-9.720249853972087, 0.14732799361161045, geometry_msgs.msg.Vector3(x=-1.8945281388515003, y=-0.505799253680653, z=0.1666523024557968), 510165000000, 
-9.705152921111056, 0.16035883861064396, geometry_msgs.msg.Vector3(x=-1.8937917520730596, y=-0.5048106805746051, z=0.17056352755942616), 510170000000, 
-9.677699563335473, 0.17108079730143097, geometry_msgs.msg.Vector3(x=-1.8930926259320178, y=-0.5043549116378233, z=0.17448469968445296), 510175000000, 
-1.0651100409337413, -0.7843071891165316, 0.7515959744000298, 510179000000, 
-9.683380952502679, 0.13776995722364935, geometry_msgs.msg.Vector3(x=-1.8929440916013403, y=-0.5024100556492324, z=0.17832000293835207), 510180000000, 
-9.661651233030364, 0.133116938978353, geometry_msgs.msg.Vector3(x=-1.892234944442292, y=-0.5017641917509874, z=0.18271508132079844), 510185000000, 
-9.696224100590525, 0.09217569696012237, geometry_msgs.msg.Vector3(x=-1.8915032108155427, y=-0.5004941007777893, z=0.18691075217137854), 510190000000, 
-9.676503199368748, 0.11422941663247171, geometry_msgs.msg.Vector3(x=-1.8913092184803881, y=-0.49981208245614356, z=0.19087782970830694), 510195000000, 
-9.686315229702688, 0.12250896104134133, geometry_msgs.msg.Vector3(x=-1.8902279436929712, y=-0.49780813676150604, z=0.1966248218700332), 510201000000, 
-9.674628556183794, 0.14067966880353353, geometry_msgs.msg.Vector3(x=-1.8900792340956423, y=-0.49711212139667194, z=0.19969730387041448), 510206000000, 
-9.653981448881986, 0.10790344444672312, geometry_msgs.msg.Vector3(x=-1.8892872979942759, y=-0.49613914069689335, z=0.20433282267393965), 510211000000, 
-1.062256819085526, -0.7816593265079497, 0.7997224507673796, 510213000000, 
-9.704035514044735, 0.1117047991828781, geometry_msgs.msg.Vector3(x=-1.8888944576315372, y=-0.4948635229454586, z=0.20792085644737837), 510216000000, 
-9.648700997624356, 0.12161276749402196, geometry_msgs.msg.Vector3(x=-1.8883097857408568, y=-0.4941428329469547, z=0.21222206817765066), 510221000000, 
-9.67199304333968, 0.13256828758215097, geometry_msgs.msg.Vector3(x=-1.8882406388555906, y=-0.49298545842639147, z=0.2164741549207196), 510226000000, 
-9.669175517597088, 0.10780178556297576, geometry_msgs.msg.Vector3(x=-1.8871868417430122, y=-0.4918708101555605, z=0.22023700094609683), 510231000000, 
-9.645161691369697, 0.08275872371020257, geometry_msgs.msg.Vector3(x=-1.8871157962094072, y=-0.49089697432033896, z=0.2248621635255538), 510236000000, 
-9.642604803178537, 0.09334227832348588, geometry_msgs.msg.Vector3(x=-1.8862359940181963, y=-0.4899397084862682, z=0.22869061490884185), 510241000000, 
-9.635941741541727, 0.08481561119191831, geometry_msgs.msg.Vector3(x=-1.8856833468632046, y=-0.48887046012469804, z=0.23257354585570253), 510246000000, 
-1.0595472626729796, -0.7788488675929478, 0.8503061296637507, 510247000000, 
-9.641562371184905, 0.05711415106159127, geometry_msgs.msg.Vector3(x=-1.8851588537347217, y=-0.4880027881585261, z=0.23693141731555573), 510251000000, 
-9.637239293985088, 0.10340346845375359, geometry_msgs.msg.Vector3(x=-1.884707469924388, y=-0.4869041632434757, z=0.24133453273642508), 510256000000, 
-9.648354969124128, 0.08212602844079266, geometry_msgs.msg.Vector3(x=-1.8840648338063952, y=-0.4860423840798345, z=0.2454398328929524), 510261000000, 
-9.60209354501617, 0.0702471569381987, geometry_msgs.msg.Vector3(x=-1.8833173046583214, y=-0.48471032445726037, z=0.2502871822175593), 510266000000, 
-9.634736215316009, 0.07494716315856322, geometry_msgs.msg.Vector3(x=-1.8829489194643556, y=-0.4840100756692915, z=0.25337798216520724), 510271000000, 
-9.601737120989158, 0.07770938420329146, geometry_msgs.msg.Vector3(x=-1.8824734756605306, y=-0.4831955626332798, z=0.25752610632424483), 510276000000, 
-9.639782267074754, 0.03896118703644947, geometry_msgs.msg.Vector3(x=-1.881895203488115, y=-0.4818894337286582, z=0.2617419724987734), 510281000000, 
-1.0569899295095269, -0.7758829292326805, 0.9028266911564028, 510281000000, 
-9.618444690271463, 0.06058086287666304, geometry_msgs.msg.Vector3(x=-1.880800120505418, y=-0.48086085526593075, z=0.2657950123116681), 510286000000, 
-9.585932395973206, 0.012173300094371318, geometry_msgs.msg.Vector3(x=-1.880332813649834, y=-0.4805154508362641, z=0.26930856515168167), 510291000000, 
-9.58735650998287, 0.03330842030654546, geometry_msgs.msg.Vector3(x=-1.8793360553780658, y=-0.4790514627560836, z=0.2750016620760516), 510296000000, 
-9.606463705274132, 0.051879169042778756, geometry_msgs.msg.Vector3(x=-1.8788274698833298, y=-0.4781966931310628, z=0.2783462095562266), 510301000000, 
-9.588147000766616, 0.03548292224164436, geometry_msgs.msg.Vector3(x=-1.8777326446406062, y=-0.47716634845765366, z=0.283443326368916), 510307000000, 
-9.606775673530148, 0.015809011064738275, geometry_msgs.msg.Vector3(x=-1.8774042689713326, y=-0.4760611342635731, z=0.28747319819143036), 510312000000, 
-1.0545939722399917, -0.7727702121590568, 0.9569341276365997, 510315000000, 
-9.562382501608885, 0.017876584227437816, geometry_msgs.msg.Vector3(x=-1.8761556426724646, y=-0.47504193179187837, z=0.2916169198383472), 510317000000, 
-9.579773136480867, 0.01799178896553023, geometry_msgs.msg.Vector3(x=-1.875626203407905, y=-0.47437140532855404, z=0.2954978410887357), 510322000000, 
-9.566531511671492, 0.020408626485665302, geometry_msgs.msg.Vector3(x=-1.8745180386302145, y=-0.4732097457256749, z=0.29944634001121034), 510327000000, 
-9.589542710441677, 0.0208059054228819, geometry_msgs.msg.Vector3(x=-1.8734674279334917, y=-0.47168273805112726, z=0.3069833548477963), 510335000000, 
-9.57630168377377, -0.004497257435060158, geometry_msgs.msg.Vector3(x=-1.871624189314536, y=-0.4708547457528893, z=0.3113837535070598), 510340000000, 
-9.550323456700603, 0.0005252939278362198, geometry_msgs.msg.Vector3(x=-1.8717232510013069, y=-0.47001321341425367, z=0.3143069241846223), 510345000000, 
-1.0523689044441564, -0.7695206651151761, 1.0123309086788759, 510349000000, 
-9.568425941248973, -0.0022002772336001137, geometry_msgs.msg.Vector3(x=-1.8704861953153589, y=-0.46906329256827733, z=0.31801237293026935), 510350000000, 
-9.543652105200739, 0.002554467879860356, geometry_msgs.msg.Vector3(x=-1.869444711386642, y=-0.4681839324918883, z=0.32226707160445267), 510355000000, 
-9.539848814232771, -0.034460328894971574, geometry_msgs.msg.Vector3(x=-1.8683613970515822, y=-0.4669812657505092, z=0.32634395895490936), 510360000000, 
-9.53164889925329, -0.061361500328022185, geometry_msgs.msg.Vector3(x=-1.8680767487086591, y=-0.46648187642005007, z=0.3303518874982514), 510365000000, 
-9.510836795633956, -0.020920180442351055, geometry_msgs.msg.Vector3(x=-1.866534582822262, y=-0.46541891298474525, z=0.3338791950326284), 510370000000, 
-9.536833455704132, -0.052930686314104844, geometry_msgs.msg.Vector3(x=-1.8657760577229592, y=-0.464455818809738, z=0.33839142183871557), 510375000000, 
-9.541099114975077, -0.045651176283176345, geometry_msgs.msg.Vector3(x=-1.8644568097870189, y=-0.46369887168639473, z=0.342145819790352), 510380000000, 
-1.0503235598193674, -0.7661442154623003, 1.068763727648221, 510383000000, 
-9.540316499942572, -0.024975022833297802, geometry_msgs.msg.Vector3(x=-1.8641599878503936, y=-0.4624847769943104, z=0.34593434547107105), 510385000000, 
-9.509880128946683, -0.047163554872477295, geometry_msgs.msg.Vector3(x=-1.8629227588280504, y=-0.4616926257047654, z=0.34967869097224047), 510390000000, 
-9.530686707767776, -0.030681096072122424, geometry_msgs.msg.Vector3(x=-1.8619497953268, y=-0.4609253565009689, z=0.35364476572175435), 510395000000, 
-9.511430359086317, -0.07233703035588387, geometry_msgs.msg.Vector3(x=-1.8605736935842567, y=-0.45987507237957775, z=0.35838856022294663), 510400000000, 
-9.510388699590216, -0.057120224077315464, geometry_msgs.msg.Vector3(x=-1.860351143481844, y=-0.4596522208431167, z=0.36189627145617365), 510405000000, 
-9.512035773466204, -0.06890682329323809, geometry_msgs.msg.Vector3(x=-1.8592956919117347, y=-0.4583943214291758, z=0.3672844366270669), 510411000000, 
-9.485795831527275, -0.07001886590109163, geometry_msgs.msg.Vector3(x=-1.8585238816082612, y=-0.45725363654887, z=0.37048977305564823), 510416000000, 
-1.0484652921685644, -0.7626497776631868, 1.1260690863322491, 510417000000, 
-9.462139049765058, -0.08655640723323704, geometry_msgs.msg.Vector3(x=-1.857240166473166, y=-0.4569403881286804, z=0.37414398943522836), 510421000000, 
-9.464751471631482, -0.0834016558667164, geometry_msgs.msg.Vector3(x=-1.8566428219358038, y=-0.45563410841049257, z=0.37824397651328695), 510426000000, 
-9.472508538347938, -0.0870852832458505, geometry_msgs.msg.Vector3(x=-1.8559742747087522, y=-0.455070372370084, z=0.3824050299524531), 510431000000, 
-9.437085204772622, -0.09781964106841934, geometry_msgs.msg.Vector3(x=-1.8550940068700015, y=-0.45434591225340776, z=0.3861002747970664), 510436000000, 
-9.46610874183886, -0.09141902898364362, geometry_msgs.msg.Vector3(x=-1.854263900496264, y=-0.4532721850049958, z=0.39015450700522175), 510441000000, 
-9.48136908539344, -0.11674244352956505, geometry_msgs.msg.Vector3(x=-1.8529675459444244, y=-0.45228143304741203, z=0.3955308079075507), 510447000000, 
-1.0468001830700473, -0.7590456719927315, 1.1841902349897415, 510451000000, 
-9.436161899736051, -0.12655327822433507, geometry_msgs.msg.Vector3(x=-1.852228543849445, y=-0.4514374196635353, z=0.3997467131969388), 510452000000, 
-9.440453917698735, -0.09789836622035009, geometry_msgs.msg.Vector3(x=-1.8518462829464875, y=-0.4508204635454363, z=0.4028569039184299), 510457000000, 
-9.42995263533926, -0.1341999097812906, geometry_msgs.msg.Vector3(x=-1.8506073179199518, y=-0.4503643630853354, z=0.40698786185847874), 510462000000, 
-9.424153715241463, -0.12993655024069833, geometry_msgs.msg.Vector3(x=-1.8500544537610295, y=-0.4493349262119537, z=0.4111748602566674), 510467000000, 
-9.423610325507706, -0.11157895873316967, geometry_msgs.msg.Vector3(x=-1.8491557736548245, y=-0.44854913470034863, z=0.4150512951068889), 510472000000, 
-9.416202267402852, -0.11859549922422795, geometry_msgs.msg.Vector3(x=-1.8480768279985824, y=-0.4480038177180437, z=0.41939339538670095), 510477000000, 
-9.401670131956754, -0.1282309426941965, geometry_msgs.msg.Vector3(x=-1.8471886824055772, y=-0.4470084657457247, z=0.42409778318568375), 510482000000, 
-1.045333948808987, -0.7553411936449307, 1.2431288282188875, 510485000000, 
-9.389639050941993, -0.12634378415288994, geometry_msgs.msg.Vector3(x=-1.84651318417371, y=-0.4462928173137527, z=0.42728027413450587), 510487000000, 
-9.398786903961607, -0.16400198968879165, geometry_msgs.msg.Vector3(x=-1.8454028988979723, y=-0.44569722922976934, z=0.4310958956397667), 510492000000, 
-9.408009167944163, -0.17592176698827078, geometry_msgs.msg.Vector3(x=-1.843892116687312, y=-0.4448568875104595, z=0.43605645919092967), 510497000000, 
-9.401057769070063, -0.15945523983770052, geometry_msgs.msg.Vector3(x=-1.8434947185910895, y=-0.44394123401436464, z=0.43934582809420974), 510502000000, 
-9.391753049470065, -0.17372543334914597, geometry_msgs.msg.Vector3(x=-1.8422113161494083, y=-0.44376540323300123, z=0.44268857349140905), 510507000000, 
-9.388418025451978, -0.1695729331324129, geometry_msgs.msg.Vector3(x=-1.8412564113984813, y=-0.4427032990014837, z=0.44729518675328156), 510512000000, 
-9.38278707720423, -0.147711974131948, geometry_msgs.msg.Vector3(x=-1.8403453485130863, y=-0.4419445435384372, z=0.4512468372683459), 510517000000, 
-1.0440725822821162, -0.7515477786492474, 1.302868856511553, 510519000000, 
-9.35795749504996, -0.19400880253192326, geometry_msgs.msg.Vector3(x=-1.8391097337123312, y=-0.44091733058005866, z=0.45524524057179383), 510522000000, 
-9.36674390186357, -0.18332489446572106, geometry_msgs.msg.Vector3(x=-1.8382145315693788, y=-0.44051621424050424, z=0.4591144153286116), 510527000000, 
-9.373155617960263, -0.18449975154953926, geometry_msgs.msg.Vector3(x=-1.8369678560834404, y=-0.4395676607432236, z=0.46330827694106763), 510532000000, 
-9.368155697346324, -0.19237086836603606, geometry_msgs.msg.Vector3(x=-1.835461432450887, y=-0.4389233208345864, z=0.46669686507690816), 510537000000, 
-9.359166050317128, -0.209562146496003, geometry_msgs.msg.Vector3(x=-1.8348685990301898, y=-0.43793673402667294, z=0.470791422141467), 510542000000, 
-9.361505652626885, -0.1785189061002885, geometry_msgs.msg.Vector3(x=-1.8331372183346852, y=-0.4371660457512551, z=0.47477701224524355), 510547000000, 
-9.363620882960536, -0.16791910488946235, geometry_msgs.msg.Vector3(x=-1.8321152915402577, y=-0.4366975207961323, z=0.4788641949852546), 510552000000, 
-1.0430221540735862, -0.7476784811572404, 1.3633409162577088, 510553000000, 
-9.364602007267337, -0.2175710421377163, geometry_msgs.msg.Vector3(x=-1.831091091001688, y=-0.4358750856066166, z=0.48283220889324335), 510557000000, 
-9.34387778597763, -0.18356071952534012, geometry_msgs.msg.Vector3(x=-1.829493853984658, y=-0.435390383310072, z=0.4864778590514611), 510562000000, 
-9.311686503069504, -0.19427786770999816, geometry_msgs.msg.Vector3(x=-1.8280468747709067, y=-0.43404907151927064, z=0.4918997275776365), 510568000000, 
-9.316395278936948, -0.18985477749702634, geometry_msgs.msg.Vector3(x=-1.827078605432763, y=-0.43360891462699475, z=0.4952230862691065), 510573000000, 
-9.308259079380882, -0.21572107413976058, geometry_msgs.msg.Vector3(x=-1.825417245525282, y=-0.4327395470740454, z=0.49883126696657704), 510578000000, 
-9.282870132232205, -0.21991349740124083, geometry_msgs.msg.Vector3(x=-1.824517895837746, y=-0.432199712474871, z=0.5025493113910013), 510583000000, 
-1.0421881022196795, -0.7437461703611974, 1.4244536416334823, 510587000000, 
-9.31513735380642, -0.22959404103531653, geometry_msgs.msg.Vector3(x=-1.8233231054788381, y=-0.4317200637924626, z=0.5064718110370483), 510588000000, 
-9.326308412650047, -0.20425666859163571, geometry_msgs.msg.Vector3(x=-1.8221689720384433, y=-0.43055945802719103, z=0.5102736276291094), 510593000000, 
-9.290115597508894, -0.23100569279037958, geometry_msgs.msg.Vector3(x=-1.8205142055677177, y=-0.4301553384733678, z=0.5139716008952017), 510598000000, 
-9.286836825001581, -0.23438701552309535, geometry_msgs.msg.Vector3(x=-1.8196231737950623, y=-0.4297203130059017, z=0.5179043549530999), 510603000000, 
-9.289124042967519, -0.25548123012249524, geometry_msgs.msg.Vector3(x=-1.8182500202166105, y=-0.4289913460102125, z=0.5219842339199591), 510608000000, 
-9.243248141180477, -0.268567816006459, geometry_msgs.msg.Vector3(x=-1.8172585420379075, y=-0.4281779897276512, z=0.5255707776119928), 510613000000, 
-9.263520964271631, -0.23312154381623076, geometry_msgs.msg.Vector3(x=-1.8159749564690266, y=-0.4278582976049246, z=0.5288928966979923), 510618000000, 
-1.0415747524040284, -0.7397622254066853, 1.486152357639153, 510621000000, 
-9.255404247505968, -0.23968205855696795, geometry_msgs.msg.Vector3(x=-1.8148347918164522, y=-0.4271159284810416, z=0.5331143031915276), 510623000000, 
-9.24295298902465, -0.25463938771514244, geometry_msgs.msg.Vector3(x=-1.8137471969525965, y=-0.42588548563648504, z=0.5369337155588595), 510628000000, 
-9.253289746612078, -0.25125441280873295, geometry_msgs.msg.Vector3(x=-1.812313043564308, y=-0.42516490897200165, z=0.5414238857284284), 510633000000, 
-9.252747817914768, -0.28698932519603126, geometry_msgs.msg.Vector3(x=-1.8113449096197476, y=-0.42511678275629033, z=0.5444277032096393), 510638000000, 
-9.254297618453407, -0.24417878613748562, geometry_msgs.msg.Vector3(x=-1.8106039091061568, y=-0.4239676259622405, z=0.5485017520035264), 510643000000, 
-9.22070963615507, -0.28397041247709587, geometry_msgs.msg.Vector3(x=-1.8089736309573594, y=-0.42376172053720873, z=0.5528961393221554), 510648000000, 
-9.213223016384285, -0.21724733517878542, geometry_msgs.msg.Vector3(x=-1.8084017768389407, y=-0.4233707414419513, z=0.556402230377111), 510653000000, 
-1.0411853977331371, -0.7357370192523479, 1.5484427578498883, 510655000000, 
-9.196392293407515, -0.2537016505001891, geometry_msgs.msg.Vector3(x=-1.8071159144116777, y=-0.42192730506450593, z=0.560113711044482), 510658000000, 
-9.224711548426075, -0.2721861474412136, geometry_msgs.msg.Vector3(x=-1.805853351173728, y=-0.42207937426356895, z=0.5639541034274369), 510663000000, 
-9.1997787837574, -0.297306201166455, geometry_msgs.msg.Vector3(x=-1.8043985368094735, y=-0.421119727544734, z=0.567572722913809), 510668000000, 
-9.189214346807567, -0.28974932913696666, geometry_msgs.msg.Vector3(x=-1.8036483305761268, y=-0.4206975120576091, z=0.5715791956057625), 510673000000, 
-9.20383322484842, -0.26259775090841697, geometry_msgs.msg.Vector3(x=-1.802612045240792, y=-0.41985888208774536, z=0.5756123794963164), 510678000000, 
-9.192299956380756, -0.2759935177362962, geometry_msgs.msg.Vector3(x=-1.8016172774495318, y=-0.41951740892610495, z=0.5790535544729004), 510683000000, 
-9.155718113664483, -0.31444028070230984, geometry_msgs.msg.Vector3(x=-1.8003419733356123, y=-0.4187162537589873, z=0.5827503565888715), 510688000000, 
-1.0410226477936808, -0.7316816243065972, 1.611359060591743, 510689000000, 
-9.158253462547814, -0.2749031501020039, geometry_msgs.msg.Vector3(x=-1.7990911480440084, y=-0.418669367493336, z=0.5868481822546086), 510693000000, 
-9.17798220176534, -0.2876373639130967, geometry_msgs.msg.Vector3(x=-1.7977269046948328, y=-0.4174585773396805, z=0.5910341481274145), 510698000000, 
-9.158929321713778, -0.3079877715419253, geometry_msgs.msg.Vector3(x=-1.7964367587685894, y=-0.4168385989844458, z=0.5943852958943534), 510703000000, 
-9.173953993791342, -0.2815475327213331, geometry_msgs.msg.Vector3(x=-1.7952792168101592, y=-0.41664667396571087, z=0.5985248164552535), 510708000000, 
-9.165365879652722, -0.3045788505720813, geometry_msgs.msg.Vector3(x=-1.7933592161389884, y=-0.4163133359851258, z=0.6031694929730245), 510713000000, 
-9.133399477955036, -0.3145293531208789, geometry_msgs.msg.Vector3(x=-1.792130932112521, y=-0.4154698615138666, z=0.6070868680320336), 510718000000, 
-9.19518525646004, -0.2966661446115367, geometry_msgs.msg.Vector3(x=-1.7915288861480232, y=-0.4146081653850995, z=0.6106772198980737), 510723000000, 
-1.0410886283462584, -0.7276089453105147, 1.6749134579036633, 510723000000, 
-9.124585505135013, -0.2994198283253073, geometry_msgs.msg.Vector3(x=-1.7897358761657696, y=-0.41425848745926547, z=0.613843522658407), 510728000000, 
-9.101113264067486, -0.310095265368339, geometry_msgs.msg.Vector3(x=-1.788957313496039, y=-0.4138066665522833, z=0.617659958955199), 510733000000, 
-9.107053898697945, -0.28769228240186473, geometry_msgs.msg.Vector3(x=-1.7874914132229556, y=-0.41316473411048643, z=0.6219566053474982), 510738000000, 
-9.142237342310287, -0.34625617451609475, geometry_msgs.msg.Vector3(x=-1.785735958597278, y=-0.4129465535536009, z=0.6254303515022963), 510743000000, 
-9.128291460599716, -0.3175585153853995, geometry_msgs.msg.Vector3(x=-1.7844355409998784, y=-0.4118146621149346, z=0.628938995065526), 510748000000, 
-9.111998339087036, -0.35400209757230877, geometry_msgs.msg.Vector3(x=-1.783057532540347, y=-0.4116291998417795, z=0.6329132442589162), 510753000000, 
-1.0413849500255468, -0.7235331726794262, 1.7390774828334108, 510757000000, 
-9.102188247691707, -0.3168260560909894, geometry_msgs.msg.Vector3(x=-1.7818329324838715, y=-0.4111960230233137, z=0.6365900625533988), 510758000000, 
-9.09553295399478, -0.33498861351313225, geometry_msgs.msg.Vector3(x=-1.7805512540529915, y=-0.4108319922974195, z=0.6401725228217117), 510763000000, 
-9.07160280449532, -0.30076536391633624, geometry_msgs.msg.Vector3(x=-1.778933273817973, y=-0.4102783067372611, z=0.6439811943475013), 510768000000, 
-9.075648400213105, -0.3373647831117441, geometry_msgs.msg.Vector3(x=-1.7771364394063018, y=-0.40958859704444334, z=0.647616838718128), 510773000000, 
-9.055259131044627, -0.36800547745440393, geometry_msgs.msg.Vector3(x=-1.775662333632141, y=-0.4085980142517869, z=0.653206569996524), 510779000000, 
-9.068310137791489, -0.3648751943421725, geometry_msgs.msg.Vector3(x=-1.7739026877354152, y=-0.40812823046418584, z=0.6559032828923094), 510784000000, 
-9.075569304481153, -0.32851048771409636, geometry_msgs.msg.Vector3(x=-1.7726538976666322, y=-0.40790425657454354, z=0.6599107105523736), 510789000000, 
-1.0419126268143792, -0.7194682558581276, 1.8038071752691605, 510791000000, 
-9.052687523274194, -0.35374019302727544, geometry_msgs.msg.Vector3(x=-1.7712170837508951, y=-0.4071708522471319, z=0.6631093886419879), 510794000000, 
-9.062731149777447, -0.3547041198901684, geometry_msgs.msg.Vector3(x=-1.7694827440619991, y=-0.40692756874446473, z=0.6670933104586696), 510799000000, 
-9.060002471765776, -0.3526035917525508, geometry_msgs.msg.Vector3(x=-1.7686126419686858, y=-0.4058989649918254, z=0.6710031164640244), 510804000000, 
-9.02482509229904, -0.35996944995419705, geometry_msgs.msg.Vector3(x=-1.7671386099515571, y=-0.40570813706630426, z=0.6746172415315836), 510809000000, 
-9.065709113075856, -0.38059172511462974, geometry_msgs.msg.Vector3(x=-1.7655214379232511, y=-0.4053534164457404, z=0.678346248029944), 510814000000, 
-9.031170746637068, -0.33618116802818243, geometry_msgs.msg.Vector3(x=-1.7642076658654373, y=-0.4048855015548605, z=0.6819224913440581), 510819000000, 
-8.99584584868393, -0.3290705836222576, geometry_msgs.msg.Vector3(x=-1.762700010728999, y=-0.4041508951049425, z=0.685881474992075), 510824000000, 
-1.0426720327106085, -0.7154270309830012, 1.8690783231530832, 510825000000, 
-9.028064396676118, -0.3869030294500761, geometry_msgs.msg.Vector3(x=-1.7618330472682648, y=-0.4038727483877134, z=0.6895221356076097), 510829000000, 
-9.035790273399533, -0.3929250134828597, geometry_msgs.msg.Vector3(x=-1.759771699809685, y=-0.40328999655067554, z=0.6929912341834744), 510834000000, 
-8.996834586917881, -0.37517079445986634, geometry_msgs.msg.Vector3(x=-1.7586990975653976, y=-0.40269590686407514, z=0.6966012155300865), 510839000000, 
-8.980052538069058, -0.32884221342502296, geometry_msgs.msg.Vector3(x=-1.75709074404759, y=-0.4021493071859275, z=0.700502577774895), 510844000000, 
-8.996327016256672, -0.37923610129619906, geometry_msgs.msg.Vector3(x=-1.7545878531663417, y=-0.4016221620462879, z=0.7072295105053993), 510852000000, 
-8.994109133045372, -0.38709785093972054, geometry_msgs.msg.Vector3(x=-1.7534169516454936, y=-0.4007550314645022, z=0.7109996643705441), 510857000000, 
-1.0436628135750796, -0.7114217417771905, 1.9348938912118283, 510859000000, 
-8.993045755229518, -0.3264684061888139, geometry_msgs.msg.Vector3(x=-1.7522083381160547, y=-0.40053265448898817, z=0.7139738471383973), 510862000000, 
-8.987366363668212, -0.38852586699627634, geometry_msgs.msg.Vector3(x=-1.7504542507365228, y=-0.3998904585799348, z=0.7176972037587591), 510867000000, 
-8.950716322379229, -0.3690363578532331, geometry_msgs.msg.Vector3(x=-1.7493590345495096, y=-0.39978259361950313, z=0.7211554855109309), 510872000000, 
-8.924898068026938, -0.36966415424522375, geometry_msgs.msg.Vector3(x=-1.7479102161854732, y=-0.3989526081485403, z=0.7249392504019181), 510877000000, 
-8.946102466630878, -0.3874685378946215, geometry_msgs.msg.Vector3(x=-1.7460095843231938, y=-0.3985839212879238, z=0.7288826124834464), 510882000000, 
-8.938519101278168, -0.3475965585753009, geometry_msgs.msg.Vector3(x=-1.7445024189734897, y=-0.3983881634193518, z=0.7327996520836759), 510887000000, 
-8.98408323950472, -0.35858523706833667, geometry_msgs.msg.Vector3(x=-1.7432870447135442, y=-0.3982112095893565, z=0.7361302617518156), 510892000000, 
-1.0448837470277041, -0.7074651073234743, 2.0012618539641185, 510893000000, 
-8.946178538264224, -0.3544285797398974, geometry_msgs.msg.Vector3(x=-1.7419436804909672, y=-0.3975685773750313, z=0.7398210791701424), 510897000000, 
-8.959081054608488, -0.3634833963366764, geometry_msgs.msg.Vector3(x=-1.740739366728529, y=-0.3968981820004264, z=0.7437277731262256), 510902000000, 
-8.935316291484426, -0.3751428219502569, geometry_msgs.msg.Vector3(x=-1.7386760045524376, y=-0.39655659475548866, z=0.7479390710576009), 510907000000, 
-8.944706585986454, -0.3958368961414686, geometry_msgs.msg.Vector3(x=-1.7380691842877802, y=-0.3959349517597734, z=0.7513889321642083), 510912000000, 
-8.869479101826085, -0.3573378967353895, geometry_msgs.msg.Vector3(x=-1.7356163660635104, y=-0.39570845357078305, z=0.7547744301660692), 510920000000, 
-8.911621062865487, -0.3478031764796947, geometry_msgs.msg.Vector3(x=-1.73362720181874, y=-0.39526966506610894, z=0.7602182648668061), 510925000000, 
-1.0463327260277913, -0.7035706357649602, 2.0681736847930585, 510927000000, 
-8.894463314101438, -0.3781684157297269, geometry_msgs.msg.Vector3(x=-1.7320092977383814, y=-0.3946642253776899, z=0.7642336086977591), 510930000000, 
-8.881655001840887, -0.3823562328524525, geometry_msgs.msg.Vector3(x=-1.7304643693319315, y=-0.3943104083757496, z=0.7678626002031036), 510935000000, 
-8.92789532998243, -0.34795072393011917, geometry_msgs.msg.Vector3(x=-1.7289900911748985, y=-0.3937289227395045, z=0.7717773799750418), 510940000000, 
-8.8649673612558, -0.3608965248188549, geometry_msgs.msg.Vector3(x=-1.7273679677264804, y=-0.393545720241532, z=0.7750235476700027), 510945000000, 
-8.860602168780678, -0.37880087492544484, geometry_msgs.msg.Vector3(x=-1.725657259896808, y=-0.3928410105756644, z=0.7786485688056564), 510950000000, 
-8.867208708362671, -0.3717835472309424, geometry_msgs.msg.Vector3(x=-1.7242150864759158, y=-0.3927742292457784, z=0.7827181658206614), 510955000000, 
-8.902215189354623, -0.4002882575933831, geometry_msgs.msg.Vector3(x=-1.7224714088041966, y=-0.39235359175941653, z=0.7862599013529494), 510960000000, 
-1.0480069582564213, -0.6997519457516362, 2.135607331551704, 510961000000, 
-8.857664040814015, -0.40059030824027575, geometry_msgs.msg.Vector3(x=-1.720921827248215, y=-0.3918705167048366, z=0.790060178217955), 510965000000, 
-8.839798148965485, -0.37020214597008055, geometry_msgs.msg.Vector3(x=-1.7195665597497907, y=-0.3921278372757317, z=0.7938707750794173), 510970000000, 
-8.851189138595398, -0.3501346849741229, geometry_msgs.msg.Vector3(x=-1.7178045787666887, y=-0.39103597716466626, z=0.7970121880740685), 510975000000, 
-8.827652395523943, -0.3754613175343175, geometry_msgs.msg.Vector3(x=-1.7160987897634108, y=-0.39069300798410783, z=0.8007752300347516), 510980000000, 
-8.860718832523116, -0.3617293562754829, geometry_msgs.msg.Vector3(x=-1.7152240485480532, y=-0.39025650263365014, z=0.8040961133560336), 510985000000, 
-8.835480810334325, -0.36863832627490734, geometry_msgs.msg.Vector3(x=-1.7132028569401028, y=-0.38984313386996766, z=0.8082845496542959), 510992000000, 
-1.0499031456428605, -0.6960220630951696, 2.2035457308806223, 510995000000, 
-8.807497848139533, -0.3897678957780937, geometry_msgs.msg.Vector3(x=-1.7111940419131721, y=-0.38949757306779104, z=0.8125338282530006), 510997000000, 
-8.811176544811786, -0.31798909025365907, geometry_msgs.msg.Vector3(x=-1.7096196429989385, y=-0.3886570750335165, z=0.8168024959924486), 511002000000, 
-8.803081773586024, -0.36686849794465576, geometry_msgs.msg.Vector3(x=-1.7078111230913824, y=-0.38850770407034035, z=0.8205340445752118), 511007000000, 
-8.786927724205684, -0.3752861394582498, geometry_msgs.msg.Vector3(x=-1.7061014192602584, y=-0.3883691983242762, z=0.82418205167801), 511012000000, 
-8.794910305324784, -0.37897396051660526, geometry_msgs.msg.Vector3(x=-1.704780948799138, y=-0.3878194351584466, z=0.827537391158678), 511017000000, 
-8.789652039129894, -0.3975145858347945, geometry_msgs.msg.Vector3(x=-1.7027196174520554, y=-0.38753048482237334, z=0.8313756136563457), 511022000000, 
-8.759724161685194, -0.39965332538950016, geometry_msgs.msg.Vector3(x=-1.701530237020386, y=-0.38752624493698434, z=0.8350640439475934), 511027000000, 
-1.0520173227639324, -0.6923935730215789, 2.2719836892334886, 511029000000, 
-8.807604314421072, -0.3836232401741137, geometry_msgs.msg.Vector3(x=-1.7001721254660358, y=-0.38693493805685375, z=0.8390781010960118), 511032000000, 
-8.78157319856847, -0.39386962135127, geometry_msgs.msg.Vector3(x=-1.6982938793507694, y=-0.3866796033876955, z=0.8423576637348), 511037000000, 
-8.766561737901679, -0.3525624329920648, geometry_msgs.msg.Vector3(x=-1.6965391644445214, y=-0.3860280297046131, z=0.8463359406442394), 511042000000, 
-8.786671457869318, -0.3853875577021815, geometry_msgs.msg.Vector3(x=-1.6944627793408773, y=-0.3860372629183047, z=0.8495235282739473), 511047000000, 
-8.761190653888866, -0.3349506379282835, geometry_msgs.msg.Vector3(x=-1.6933354363135469, y=-0.38604003903639966, z=0.8532695080417094), 511052000000, 
-8.765278137779108, -0.37676191594724284, geometry_msgs.msg.Vector3(x=-1.691432657210774, y=-0.38528119469864486, z=0.8569568298104756), 511057000000, 
-8.776972303650268, -0.35867747941014017, geometry_msgs.msg.Vector3(x=-1.6897842627307063, y=-0.38511140208403166, z=0.8604507730509625), 511062000000, 
-1.054344448614553, -0.68887933282863, 2.3409129887119424, 511063000000, 
-8.750710526370971, -0.35326290021686246, geometry_msgs.msg.Vector3(x=-1.689143563704037, y=-0.3852331577377948, z=0.8621210467672253), 511067000000, 
-8.731953293964837, -0.3900864708029117, geometry_msgs.msg.Vector3(x=-1.685936505415823, y=-0.38432182425721556, z=0.8682999070322049), 511072000000, 
-8.741754347177135, -0.36717984324055936, geometry_msgs.msg.Vector3(x=-1.6843496777700186, y=-0.3841066684231395, z=0.87154654741611), 511077000000, 
-8.687100404040484, -0.3500720983476179, geometry_msgs.msg.Vector3(x=-1.6830692316841216, y=-0.38380669287997743, z=0.8746678892373344), 511082000000, 
-8.717757053396774, -0.34262917638818485, geometry_msgs.msg.Vector3(x=-1.6806867437874746, y=-0.38339360763646557, z=0.8789196376598751), 511087000000, 
-8.678773591934508, -0.3428248891218377, geometry_msgs.msg.Vector3(x=-1.6791591140909463, y=-0.3830799211168546, z=0.8823178278052924), 511092000000, 
-8.728759355890736, -0.3063154530654933, geometry_msgs.msg.Vector3(x=-1.6778921106167564, y=-0.3829538558914959, z=0.8857973273101504), 511097000000, 
-1.0568782938037145, -0.6854926984391957, 2.4103052260172215, 511097000000, 
-8.688514706425249, -0.3412892597918433, geometry_msgs.msg.Vector3(x=-1.6757492337122373, y=-0.3825909191304939, z=0.8893140615763239), 511102000000, 
-8.706238775004, -0.305315760748186, geometry_msgs.msg.Vector3(x=-1.6741249933430271, y=-0.38207764703286434, z=0.893189779129495), 511107000000, 
-8.70768448254432, -0.36144422823332173, geometry_msgs.msg.Vector3(x=-1.6723715837993436, y=-0.38233380758749613, z=0.8964503214117873), 511112000000, 
-8.670785107640503, -0.3368431033904542, geometry_msgs.msg.Vector3(x=-1.6702152551171512, y=-0.3820786861181153, z=0.9004562035378242), 511117000000, 
-8.651629613304435, -0.34928343505253034, geometry_msgs.msg.Vector3(x=-1.6683524547351045, y=-0.38149080564353066, z=0.9033305192320673), 511122000000, 
-8.645309565194367, -0.3307564221516284, geometry_msgs.msg.Vector3(x=-1.6668276236657675, y=-0.3811524740132534, z=0.9071318012415728), 511127000000, 
-1.0596119561291704, -0.6822468203498084, 2.4801168757069987, 511131000000, 
-8.6451707684105, -0.32987463025985747, geometry_msgs.msg.Vector3(x=-1.6648206924247586, y=-0.38074568446703955, z=0.9103758061738251), 511132000000, 
-8.672525075440088, -0.3612631988608539, geometry_msgs.msg.Vector3(x=-1.6636267758461218, y=-0.3807220777178172, z=0.914272738044589), 511137000000, 
-8.641030103693167, -0.34658689535866455, geometry_msgs.msg.Vector3(x=-1.662547550126888, y=-0.3805243703175074, z=0.9163324530396542), 511142000000, 
-8.613571201470492, -0.30958482610612215, geometry_msgs.msg.Vector3(x=-1.659700601897207, y=-0.37996382537860246, z=0.9210914244157696), 511147000000, 
-8.604897760945981, -0.3108190538483993, geometry_msgs.msg.Vector3(x=-1.657527332604123, y=-0.37992708962334215, z=0.9253960745163526), 511152000000, 
-8.609341538247051, -0.3024090318731167, geometry_msgs.msg.Vector3(x=-1.656259083425037, y=-0.37963629065967563, z=0.9279657295004511), 511157000000, 
-8.60550445400888, -0.3102240145430369, geometry_msgs.msg.Vector3(x=-1.6541458992567446, y=-0.37913184257372207, z=0.9317318399368592), 511162000000, 
-1.0625385432973098, -0.6791537586538497, 2.550314293984137, 511165000000, 
-8.619299646232871, -0.2936745386204669, geometry_msgs.msg.Vector3(x=-1.6527746993234598, y=-0.37946418123794634, z=0.9353080743895766), 511167000000, 
-8.606494624526475, -0.300683071134624, geometry_msgs.msg.Vector3(x=-1.6511584614341834, y=-0.37866256431405315, z=0.9384959163313383), 511172000000, 
-8.584716514950339, -0.2987997917956321, geometry_msgs.msg.Vector3(x=-1.649250400772005, y=-0.37839751210091593, z=0.9422440365933917), 511177000000, 
-8.583266274147018, -0.28599685506889955, geometry_msgs.msg.Vector3(x=-1.6477240259784056, y=-0.37822388867131135, z=0.9460461951638125), 511182000000, 
-8.586429145250074, -0.30176567123031944, geometry_msgs.msg.Vector3(x=-1.646007317588775, y=-0.37830020328678443, z=0.9492870560388971), 511187000000, 
-8.554711010389743, -0.282276019870045, geometry_msgs.msg.Vector3(x=-1.6441697192945786, y=-0.3781534007900831, z=0.9534257216171979), 511192000000, 
-8.573199752354475, -0.29083079251833566, geometry_msgs.msg.Vector3(x=-1.6427570359677177, y=-0.37758563989135324, z=0.9565248156349351), 511197000000, 
-1.0656511383380873, -0.6762244622559974, 2.6208898287504883, 511199000000, 
-8.568449732403542, -0.282936204900178, geometry_msgs.msg.Vector3(x=-1.640852499368637, y=-0.3778318779271107, z=0.9602351576464732), 511202000000, 
-8.55972382865531, -0.2792682723241636, geometry_msgs.msg.Vector3(x=-1.6391261508030168, y=-0.3776319082077555, z=0.9641537084598948), 511207000000, 
-8.537589954136001, -0.28280147647699333, geometry_msgs.msg.Vector3(x=-1.6360781801613724, y=-0.3767408352574324, z=0.9699249598286375), 511214000000, 
-8.519856426356865, -0.276519993389378, geometry_msgs.msg.Vector3(x=-1.6353018443657235, y=-0.37674391997478496, z=0.9726255407317917), 511219000000, 
-8.517425368362789, -0.2858207681905007, geometry_msgs.msg.Vector3(x=-1.6330205247074716, y=-0.3765274312011138, z=0.9765111926292316), 511224000000, 
-8.503551901818259, -0.29935134110699035, geometry_msgs.msg.Vector3(x=-1.6310713916567412, y=-0.3766319246514375, z=0.979959842302033), 511229000000, 
-1.0689418219417781, -0.6734696743100609, 2.691847044364698, 511233000000, 
-8.504173527936603, -0.2820205391700677, geometry_msgs.msg.Vector3(x=-1.629214087422618, y=-0.3759567142407508, z=0.9833543921432571), 511234000000, 
-8.506979112439689, -0.264535853249416, geometry_msgs.msg.Vector3(x=-1.6274976174004665, y=-0.3761525107940752, z=0.9870857865529397), 511239000000, 
-8.503739040678589, -0.23800760572293836, geometry_msgs.msg.Vector3(x=-1.6259512762527206, y=-0.3756985853414064, z=0.9905186542820671), 511244000000, 
-8.506431382340002, -0.24185590151598113, geometry_msgs.msg.Vector3(x=-1.6239157226888707, y=-0.3758990145951113, z=0.9943240366499475), 511249000000, 
-8.475978061101928, -0.24529190350503605, geometry_msgs.msg.Vector3(x=-1.6219803010703928, y=-0.37547957461912634, z=0.9976809890131144), 511254000000, 
-8.477500250323551, -0.23641455678922157, geometry_msgs.msg.Vector3(x=-1.619602476322601, y=-0.37543875966517076, z=1.0013020609866665), 511259000000, 
-8.464024862583278, -0.25986980264826925, geometry_msgs.msg.Vector3(x=-1.6180419942520599, y=-0.3750303787029318, z=1.004988900681888), 511264000000, 
-1.0724006853796242, -0.6709007393668937, 2.7631675863365177, 511267000000, 
-8.44609201448567, -0.26711551662969757, geometry_msgs.msg.Vector3(x=-1.6162681728494754, y=-0.37520978994429677, z=1.0083209540542861), 511269000000, 
-8.47555229989858, -0.20074800725389252, geometry_msgs.msg.Vector3(x=-1.614428347915567, y=-0.3749820825320238, z=1.012278164432371), 511274000000, 
-8.457622217217024, -0.22593564750398185, geometry_msgs.msg.Vector3(x=-1.611937303424033, y=-0.374806295785432, z=1.0153410842798267), 511279000000, 
-8.4476394857664, -0.22742420054412876, geometry_msgs.msg.Vector3(x=-1.61004256798815, y=-0.3745869638530216, z=1.0191362385802119), 511284000000, 
-8.450255586787504, -0.19996884857402306, geometry_msgs.msg.Vector3(x=-1.6073681305582381, y=-0.3742322658659635, z=1.0234300696383158), 511290000000, 
-8.461814089122871, -0.2104036189128636, geometry_msgs.msg.Vector3(x=-1.6048821098898387, y=-0.37415658854629674, z=1.0274653627811143), 511295000000, 
-8.426329471732178, -0.20658095939855775, geometry_msgs.msg.Vector3(x=-1.6035212496955913, y=-0.37371894894914576, z=1.0301384872268171), 511300000000, 
-1.076016048494916, -0.6685293755830697, 2.8347955113337417, 511301000000, 
-8.400625959633699, -0.17112066130229045, geometry_msgs.msg.Vector3(x=-1.601439322462958, y=-0.37369340685488117, z=1.0339182573017573), 511305000000, 
-8.439298391544332, -0.1978945782315588, geometry_msgs.msg.Vector3(x=-1.5995204476773668, y=-0.3738132121565159, z=1.0370034780752448), 511310000000, 
-8.389712008330337, -0.21562409963777163, geometry_msgs.msg.Vector3(x=-1.5973304075932466, y=-0.3736276835865179, z=1.040463910300677), 511315000000, 
-8.387029163707778, -0.20244206742585832, geometry_msgs.msg.Vector3(x=-1.5952150286986055, y=-0.3733174025101299, z=1.043833735645372), 511320000000, 
-8.385221349746587, -0.17262959115701787, geometry_msgs.msg.Vector3(x=-1.5933564554237327, y=-0.37322494442766546, z=1.0476691466543715), 511325000000, 
-8.383534084705635, -0.18108906890114623, geometry_msgs.msg.Vector3(x=-1.5914101683530613, y=-0.37303361044942135, z=1.051175157445708), 511330000000, 
-8.391078754563214, -0.19672267497245152, geometry_msgs.msg.Vector3(x=-1.5890136682152844, y=-0.3730312114141086, z=1.0542575144538455), 511335000000, 
-1.0797759327111305, -0.6663666239987321, 2.9066587474212136, 511335000000, 
-8.360381105865278, -0.17717111689738393, geometry_msgs.msg.Vector3(x=-1.5873227803487842, y=-0.37307139745421186, z=1.057650047013778), 511340000000, 
-8.375015402041363, -0.15411722835485425, geometry_msgs.msg.Vector3(x=-1.5849893972813645, y=-0.37245871512535444, z=1.0607488122913586), 511345000000, 
-8.336169363926095, -0.14410382237200822, geometry_msgs.msg.Vector3(x=-1.5831315860213633, y=-0.3728059424198721, z=1.0643792962109728), 511350000000, 
-8.30824905649703, -0.14805684534113658, geometry_msgs.msg.Vector3(x=-1.581106894378367, y=-0.372431085454261, z=1.0676447308647674), 511355000000, 
-8.360957247877154, -0.1301580266500763, geometry_msgs.msg.Vector3(x=-1.578782010100158, y=-0.3724786681378289, z=1.0711670535037452), 511360000000, 
-8.327453167659472, -0.18606862789808626, geometry_msgs.msg.Vector3(x=-1.5771001639744657, y=-0.3722394866941975, z=1.0744415469872843), 511365000000, 
-1.0836693687676233, -0.6644220601349047, 2.978707378484547, 511369000000, 
-8.330390548494112, -0.1401215536780819, geometry_msgs.msg.Vector3(x=-1.5746776281798713, y=-0.3723871807644712, z=1.0785429726243145), 511370000000, 
-8.301160886910361, -0.14116356239919964, geometry_msgs.msg.Vector3(x=-1.5728958001622642, y=-0.37236346045550756, z=1.081233571424573), 511375000000, 
-8.292555957832906, -0.15879022367301576, geometry_msgs.msg.Vector3(x=-1.5712488906572764, y=-0.37230154493353823, z=1.0849686663554385), 511380000000, 
-8.2814403055708, -0.13992100909505292, geometry_msgs.msg.Vector3(x=-1.569306750480257, y=-0.3718319543094384, z=1.0885650530431323), 511385000000, 
-8.292591185034413, -0.10206234635771556, geometry_msgs.msg.Vector3(x=-1.5674735450328674, y=-0.3713845657322167, z=1.091960062038085), 511390000000, 
-8.302132814089978, -0.116575757072222, geometry_msgs.msg.Vector3(x=-1.5654600158112926, y=-0.37177412470751076, z=1.095407687198705), 511395000000, 
-8.25262554373052, -0.11404068418256119, geometry_msgs.msg.Vector3(x=-1.5632377533819621, y=-0.3719122026772825, z=1.0988654941277798), 511400000000, 
-1.0876860782642392, -0.6627039836238889, 3.050928891245185, 511403000000, 
-8.25508978733009, -0.11190042434767676, geometry_msgs.msg.Vector3(x=-1.561731900495048, y=-0.3716200152480523, z=1.1025314423723778), 511405000000, 
-8.248183007663203, -0.104318349065575, geometry_msgs.msg.Vector3(x=-1.5598158263100925, y=-0.371764231453387, z=1.1063625336177272), 511410000000, 
-8.274952855885171, -0.0673592536439498, geometry_msgs.msg.Vector3(x=-1.5575449803411914, y=-0.3713891139580898, z=1.1094483091520475), 511415000000, 
-8.226106392631376, -0.09694767628280511, geometry_msgs.msg.Vector3(x=-1.5554933286516421, y=-0.3719364377905132, z=1.1130537688267412), 511420000000, 
-8.221613983832388, -0.07802071940398929, geometry_msgs.msg.Vector3(x=-1.5534959936831294, y=-0.371443385641193, z=1.1167215067941414), 511425000000, 
-8.255372222066796, -0.08221363452271505, geometry_msgs.msg.Vector3(x=-1.5517241901196943, y=-0.37156851453102124, z=1.1203066974152807), 511430000000, 
-1.0918147011318806, -0.661220209531301, 3.123323924187417, 511437000000, 
-8.191331959263774, -0.049033946428664155, geometry_msgs.msg.Vector3(x=-1.5480507601729756, y=-0.3716142549007791, z=1.1265091661147757), 511438000000, 
-8.197761269016489, -0.0601764166904783, geometry_msgs.msg.Vector3(x=-1.545944512407892, y=-0.3714525521279343, z=1.1304470062277576), 511443000000, 
-8.199270441796635, -0.07008122302550646, geometry_msgs.msg.Vector3(x=-1.5440284462818994, y=-0.37123312838723177, z=1.1328584299982913), 511448000000, 
-8.180937747151274, -0.006600756866621829, geometry_msgs.msg.Vector3(x=-1.542239323430379, y=-0.3716396742420215, z=1.1365841132977854), 511453000000, 
-8.191569122043658, -0.042985675447580037, geometry_msgs.msg.Vector3(x=-1.5401256433084531, y=-0.3713214746685071, z=1.140255074072466), 511458000000, 
-8.15653888231923, -0.01854253404502009, geometry_msgs.msg.Vector3(x=-1.5379747594718542, y=-0.37180823757892406, z=1.143719736701703), 511463000000, 
-8.13678053879456, -0.013742332197190083, geometry_msgs.msg.Vector3(x=-1.5353256919269933, y=-0.37176186914529663, z=1.147633299736136), 511468000000, 
-1.0960413499518649, -0.6599785431669138, -3.0873178258419367, 511471000000, 
-8.153566067231623, -0.019359130907599255, geometry_msgs.msg.Vector3(x=-1.5335694370674877, y=-0.3711919198666841, z=1.1509788792577367), 511473000000, 
-8.13205725586397, -0.037398844808085724, geometry_msgs.msg.Vector3(x=-1.5311324732523113, y=-0.3714819542872233, z=1.1540630130387086), 511478000000, 
-8.133022935819604, -0.019759111684677127, geometry_msgs.msg.Vector3(x=-1.529157900039045, y=-0.37137397458487725, z=1.15724825541663), 511483000000, 
-8.128946266949415, -0.02360297762868805, geometry_msgs.msg.Vector3(x=-1.5264483083210278, y=-0.37143942180367384, z=1.160942329556038), 511488000000, 
-8.096884877631926, 0.005467127333365313, geometry_msgs.msg.Vector3(x=-1.5244161877374525, y=-0.3711462615875149, z=1.1645835864655034), 511493000000, 
-8.140145087927074, -0.03745525376170726, geometry_msgs.msg.Vector3(x=-1.5221648161630317, y=-0.371330567600262, z=1.1678151144291309), 511498000000, 
-8.078787777696492, 0.04657221427995134, geometry_msgs.msg.Vector3(x=-1.5215219999194798, y=-0.37126071337453725, z=1.168416499895528), 511503000000, 
-1.100350053936684, -0.6589865232840918, -3.0146895278710244, 511505000000, 
-8.085732049475082, 0.0165706963624049, geometry_msgs.msg.Vector3(x=-1.5168265397108616, y=-0.37173281872173947, z=1.1755659380327823), 511508000000, 
-8.060120463611383, 0.029645363114923218, geometry_msgs.msg.Vector3(x=-1.514941660995507, y=-0.3715577196509167, z=1.17795894723038), 511513000000, 
-8.085932133918426, 0.06998601033173578, geometry_msgs.msg.Vector3(x=-1.5128467627031534, y=-0.37148789695070744, z=1.1813123295240193), 511518000000, 
-8.03587402072425, 0.04459720515012338, geometry_msgs.msg.Vector3(x=-1.5099689579303865, y=-0.3715573102590657, z=1.184439367204602), 511523000000, 
-8.04666228550326, 0.06151265260529508, geometry_msgs.msg.Vector3(x=-1.5083031164721992, y=-0.37174556560784155, z=1.1879111809726726), 511528000000, 
-8.055092322913081, 0.06944174145734273, geometry_msgs.msg.Vector3(x=-1.506054941322584, y=-0.37169649423848516, z=1.1912501065130932), 511533000000, 
-8.01657369588806, 0.07394059496596428, geometry_msgs.msg.Vector3(x=-1.5035622801597641, y=-0.37164973190697, z=1.1950608104581084), 511538000000, 
-1.1047247203803416, -0.6582508496234832, -2.9420536401875106, 511539000000, 
-8.03252979941224, 0.0692794004434982, geometry_msgs.msg.Vector3(x=-1.5008517891659492, y=-0.37198718173918216, z=1.198242428048128), 511543000000, 
-8.014593864468631, 0.061688709511471373, geometry_msgs.msg.Vector3(x=-1.4990566486896921, y=-0.37183440298617493, z=1.2014345016159573), 511548000000, 
-7.965601188473254, 0.08824427647357563, geometry_msgs.msg.Vector3(x=-1.4964003873892533, y=-0.3717696424526287, z=1.2046759021030222), 511553000000, 
-8.001355905722537, 0.10214934167793045, geometry_msgs.msg.Vector3(x=-1.4941334262967847, y=-0.37204249876729917, z=1.2082537922942826), 511558000000, 
-7.981043262376186, 0.09304697974161437, geometry_msgs.msg.Vector3(x=-1.491666856973333, y=-0.3721907103127731, z=1.21121294921434), 511563000000, 
-7.962927346497741, 0.11345153214816267, geometry_msgs.msg.Vector3(x=-1.4901694059887929, y=-0.37225557159316075, z=1.2138449173167138), 511568000000, 
-7.97106898428519, 0.11425232137017112, geometry_msgs.msg.Vector3(x=-1.4873820429292097, y=-0.37221960518840197, z=1.218072365522918), 511573000000, 
-1.1091506389154753, -0.6577771052017891, -2.8694639865208815, 511573000000, 
-7.963970230578466, 0.10618011715490697, geometry_msgs.msg.Vector3(x=-1.4847594262387303, y=-0.37260615589094725, z=1.222338395848548), 511578000000, 
-7.914275306206008, 0.1375076634302548, geometry_msgs.msg.Vector3(x=-1.482892159819361, y=-0.3723997398128675, z=1.2249481228033532), 511583000000, 
-7.9112943589843185, 0.1353274494936702, geometry_msgs.msg.Vector3(x=-1.4807700060081215, y=-0.37259894459053966, z=1.2277935209505912), 511588000000, 
-7.906407759243708, 0.1693108261964039, geometry_msgs.msg.Vector3(x=-1.4778459444036, y=-0.37246359492768555, z=1.2319275380074777), 511593000000, 
-7.907847999725479, 0.13761544468563494, geometry_msgs.msg.Vector3(x=-1.476168847024969, y=-0.3730054537280844, z=1.235226186127622), 511598000000, 
-7.867097011875838, 0.15691342093583358, geometry_msgs.msg.Vector3(x=-1.474002347606892, y=-0.37293905026133795, z=1.23828425017965), 511603000000, 
-1.1136140618101107, -0.6575698674046447, -2.7969402328593502, 511607000000, 
-7.869362819965149, 0.1481662246951655, geometry_msgs.msg.Vector3(x=-1.4720388129786606, y=-0.3730361609805643, z=1.2415504064793554), 511608000000, 
-7.874064908446487, 0.15428383265477175, geometry_msgs.msg.Vector3(x=-1.4695202128138365, y=-0.3733006268697453, z=1.2455016651195927), 511613000000, 
-7.836981969069106, 0.20480124342091152, geometry_msgs.msg.Vector3(x=-1.4672760126261757, y=-0.3733783144294649, z=1.248876628598678), 511618000000, 
-7.88126287544583, 0.19895469063991084, geometry_msgs.msg.Vector3(x=-1.4652013845593899, y=-0.37350999038852745, z=1.2519805528541719), 511623000000, 
-7.813888880194495, 0.2020530113338292, geometry_msgs.msg.Vector3(x=-1.4628999719648819, y=-0.3738707413360312, z=1.255594376153601), 511628000000, 
-7.852105198549499, 0.16477136109611623, geometry_msgs.msg.Vector3(x=-1.460485474580525, y=-0.37361087524319403, z=1.2584522234650515), 511633000000, 
-7.8215476782649045, 0.20710936850310424, geometry_msgs.msg.Vector3(x=-1.4584480041932546, y=-0.37362806935377624, z=1.2620783871292771), 511638000000, 
-1.1181004408977646, -0.6576328455750489, -2.7244907541965238, 511641000000, 
-17.61614188096994, -3.954960808501357, geometry_msgs.msg.Vector3(x=-1.4556812975142286, y=-0.3711775370021428, z=1.2587752697931516), 511643000000, 
-15.406027995791472, -4.720621422569782, geometry_msgs.msg.Vector3(x=-1.4546328912019335, y=-0.3677232075332078, z=1.2516676342830637), 511648000000, 
-14.524848993074052, -2.042441315676846, geometry_msgs.msg.Vector3(x=-1.454289501477175, y=-0.3654324256126851, z=1.2475297474175413), 511653000000, 
-14.816107665611499, 4.628071224412682, geometry_msgs.msg.Vector3(x=-1.4525934345362213, y=-0.36212389142521695, z=1.2417225446255264), 511658000000, 
-10.36253896096093, 3.3540578145792455, geometry_msgs.msg.Vector3(x=-1.4513550777713318, y=-0.3603318705138681, z=1.2385507609860258), 511663000000, 
-8.75425161606678, 0.4317321362734202, geometry_msgs.msg.Vector3(x=-1.453051652944162, y=-0.35958489851569575, z=1.2356877856456483), 511668000000, 
-6.182382668417891, -0.17783621514263034, geometry_msgs.msg.Vector3(x=-1.4547272825685469, y=-0.3598940605456202, z=1.2330234891566554), 511673000000, 
-1.1167910801312175, -0.6544057109182825, -2.654005404023017, 511675000000, 
-10.364384490488757, -0.2380545915208489, geometry_msgs.msg.Vector3(x=-1.4574181396565258, y=-0.35999733466710776, z=1.2294434611727898), 511678000000, 
-6.113471020197358, -0.1334334541404912, geometry_msgs.msg.Vector3(x=-1.4592678447254226, y=-0.3600297645841834, z=1.2270086941860596), 511683000000, 
-8.07603465738143, -0.2663982331341636, geometry_msgs.msg.Vector3(x=-1.4616740271570448, y=-0.3603322238706358, z=1.224018338713948), 511688000000, 
-6.12215701605518, -0.1689580199543959, geometry_msgs.msg.Vector3(x=-1.4632150901088496, y=-0.36032896383868923, z=1.2219262495102927), 511693000000, 
-10.147316421515443, -0.2035933207483257, geometry_msgs.msg.Vector3(x=-1.4660943724455031, y=-0.36106934512616223, z=1.218116047709093), 511698000000, 
-6.115219047889713, -0.15061559507293465, geometry_msgs.msg.Vector3(x=-1.4678031302458896, y=-0.3609988302327134, z=1.215812012470016), 511703000000, 
-8.177115482128254, -0.24501209968014498, geometry_msgs.msg.Vector3(x=-1.4701824678881263, y=-0.3612062729309378, z=1.2126593051750114), 511708000000, 
-1.1132937554433406, -0.6506306041389857, -2.5859896976372294, 511709000000, 
-6.049539326701948, -0.13658456515876088, geometry_msgs.msg.Vector3(x=-1.4717033439172469, y=-0.36141523521594116, z=1.2102736645222785), 511713000000, 
-10.142604375022847, -0.25683312736566005, geometry_msgs.msg.Vector3(x=-1.4731300415232589, y=-0.3617758398282896, z=1.2079091975078433), 511718000000, 
-7.0559457036934425, -0.16377081594119994, geometry_msgs.msg.Vector3(x=-1.4762921738293533, y=-0.362095390151188, z=1.2039463908846637), 511723000000, 
-7.546279503322283, -0.19221424573432216, geometry_msgs.msg.Vector3(x=-1.47970618757507, y=-0.3623677198842554, z=1.199344586750614), 511730000000, 
-7.531248246921783, -0.16005003577552512, geometry_msgs.msg.Vector3(x=-1.4817643395182254, y=-0.36265611033815043, z=1.1970485905621457), 511735000000, 
-8.307368591199932, -0.22852991451629612, geometry_msgs.msg.Vector3(x=-1.4840422432877425, y=-0.36286240192075586, z=1.1942283775198261), 511740000000, 
-1.110035038124011, -0.6466599748897859, -2.5202103768698088, 511743000000, 
-6.044571964811246, -0.13976087450784339, geometry_msgs.msg.Vector3(x=-1.4857614308479663, y=-0.36316856648670276, z=1.1917415843586139), 511745000000, 
-9.648522830148712, -0.17603720616141286, geometry_msgs.msg.Vector3(x=-1.4887321002529819, y=-0.3633821238404813, z=1.1883626344698714), 511750000000, 
-5.97272276615589, -0.15518157859610782, geometry_msgs.msg.Vector3(x=-1.4902844266916158, y=-0.36338034262552693, z=1.186123109250304), 511755000000, 
-8.381896757546537, -0.22063718993871398, geometry_msgs.msg.Vector3(x=-1.49282441939738, y=-0.3636401778576915, z=1.1826964973620857), 511760000000, 
-5.997282365547905, -0.15020430582042654, geometry_msgs.msg.Vector3(x=-1.4948420878562252, y=-0.3642041806953556, z=1.1805058801020154), 511765000000, 
-9.520416201350717, -0.23029381405325897, geometry_msgs.msg.Vector3(x=-1.4973253718213135, y=-0.36509736179349805, z=1.176988063116592), 511770000000, 
-5.963668379939934, -0.1330101344273182, geometry_msgs.msg.Vector3(x=-1.4994176304220603, y=-0.3648611924593575, z=1.1743653725009808), 511775000000, 
-1.1070265679521367, -0.6425090778628331, -2.456529628055596, 511777000000, 
-8.436469431961179, -0.2453856421959223, geometry_msgs.msg.Vector3(x=-1.5022135804007035, y=-0.36539410768352276, z=1.171264773126494), 511780000000, 
-5.948217489374736, -0.12747765803403058, geometry_msgs.msg.Vector3(x=-1.5039809626531984, y=-0.3658117908253611, z=1.1689964184180608), 511785000000, 
-9.35413924001048, -0.21201561344331152, geometry_msgs.msg.Vector3(x=-1.506803233169695, y=-0.366143525767665, z=1.1659700843183005), 511790000000, 
-5.907924114324943, -0.11834078265713678, geometry_msgs.msg.Vector3(x=-1.5084322375384283, y=-0.3662370881445029, z=1.16415647050544), 511795000000, 
