e, e_dot, e_int, stamp, 
4.179344905793562, 4.4840780806983576e-06, 0.835868873321057, 4766848000000, 
4.179344810698444, 5.908209684453899e-07, 0.835868956662944, 4766950000000, 
4.179344664066722, -8.057561344069578e-07, 0.8358689587039151, 4767052000000, 
4.179343891702785, -3.063318863757066e-06, 0.8358688910978633, 4767154000000, 
4.179344830637492, 5.552358987396625e-07, 0.8358688924271332, 4767222000000, 
4.1793448776762565, 3.2865782391885054e-06, 0.8358689066677688, 4767324000000, 
4.179346776797729, 6.487200791364482e-06, 0.8358690990074318, 4767426000000, 
4.1793425379163915, -7.79919954988865e-06, 0.8358689461593585, 4767528000000, 
4.17934481347548, -6.54440749592311e-06, 0.8358689418793067, 4767630000000, 
4.179342571357389, 1.1146999175556023e-07, 0.8358686615166173, 4767732000000, 
4.179345142128711, 1.0955107695072759e-06, 0.8358688351307719, 4767834000000, 
4.179343045770689, 1.5813776658527938e-06, 0.8358687172837859, 4767936000000, 
4.179348094373694, 9.84081660900434e-06, 0.8358690854848729, 4768038000000, 
4.1793414193167475, -5.4215131376859444e-06, 0.8358688372974087, 4768140000000, 
4.179340359568553, -2.578268380126758e-05, 0.8358686582172664, 4768242000000, 
4.179346511017833, 1.697233695215535e-05, 0.835868552660209, 4768344000000, 
4.179344241978033, 1.294136493079634e-05, 0.8358687408376279, 4768446000000, 
4.179345841704908, -2.2310430836114392e-06, 0.835869106313385, 4768548000000, 
4.179345901637244, 5.532197369835974e-06, 0.8358690656880123, 4768650000000, 
4.179340202968899, -1.8795786695946504e-05, 0.8358687964207367, 4768752000000, 
4.179345940562155, 1.2974970431400834e-07, 0.8358688030112198, 4768854000000, 
4.179340668002752, 1.5501128410496297e-06, 0.8358684541022537, 4768922000000, 
4.179346908071794, 3.2250321317188004e-06, 0.8358689011091133, 4769024000000, 
4.179342198889565, 5.1029560458696705e-06, 0.8358686516642742, 4769126000000, 
4.179341707594293, -1.7334925003590722e-05, 0.8358687209703769, 4769228000000, 
4.1793430215602285, 2.7422355438252075e-06, 0.8358684618696057, 4769330000000, 
4.179343884114257, 7.25506654456846e-06, 0.8358685742179186, 4769432000000, 
4.1793426979332295, -1.0787566632567784e-06, 0.8358686402405143, 4769534000000, 
4.179344815750531, 3.105454246347487e-06, 0.8358687598532011, 4769636000000, 
4.17934438834176, 5.6346951016195135e-06, 0.835868793468368, 4769738000000, 
4.179345294725162, 1.596582105041951e-06, 0.8358689665878302, 4769840000000, 
4.179345276242323, 2.959668542838282e-06, 0.835868997287283, 4769942000000, 
4.179344478162862, -2.7218743348100816e-06, 0.8358690032753564, 4770044000000, 
4.17934428410187, -3.3071348415347757e-06, 0.8358689359004702, 4770146000000, 
4.179344652085283, 5.797414045124091e-07, 0.8358688942900009, 4770248000000, 
4.179343696086408, -1.960051540332112e-06, 0.8358688421515709, 4770350000000, 
4.179343618658858, -3.444754751077047e-06, 0.8358687977887032, 4770452000000, 
4.179343503091674, -6.433157799060988e-07, 0.8358687211891294, 4770520000000, 
4.179343901858278, 9.439980678630869e-07, 0.8358687349072539, 4770622000000, 
4.179344075643412, 1.908505791921774e-06, 0.8358687653728909, 4770724000000, 
4.179343599647828, -1.0073681681414353e-06, 0.8358687718099679, 4770826000000, 
4.179343557482195, -1.727204056815405e-06, 0.8358687488515623, 4770928000000, 
4.179344421597203, 2.7398312507642686e-06, 0.8358687719151483, 4771030000000, 
4.179344056009492, 1.6617576559241343e-06, 0.8358688023392593, 4771132000000, 
4.179344495202206, 2.4535000993826844e-07, 0.8358688648539266, 4771234000000, 
4.179344216280135, 5.342354765976628e-07, 0.8358688511661221, 4771336000000, 
4.179341826537486, -8.895549064765381e-06, 0.8358687025346551, 4771438000000, 
4.179343236167586, -3.26704182818105e-06, 0.8358686185990137, 4771540000000, 
4.1793431314483875, 4.349703003706888e-06, 0.8358685462768973, 4771642000000, 
4.179343629039259, 1.3095722432391692e-06, 0.8358686664436822, 4771744000000, 
4.179345128729319, 6.657603105845548e-06, 0.8358687926144645, 4771846000000, 
4.179342655440684, -3.245328583645346e-06, 0.8358687608806176, 4771948000000, 
4.179345790118501, 2.2046306054808915e-06, 0.835868904952567, 4772050000000, 
4.179344433496732, 5.926853493913124e-06, 0.8358688586037278, 4772118000000, 
4.179343302790221, -8.291094267439311e-06, 0.8358689017603637, 4772220000000, 
4.179343468072018, -3.21808238131401e-06, 0.8358687469572647, 4772322000000, 
4.179343682211767, 1.264738488752452e-06, 0.8358686968716004, 4772424000000, 
4.179343413738532, -1.8111162051563193e-07, 0.8358687042681545, 4772526000000, 
4.179343799128017, 3.8972083338251196e-07, 0.8358687263385542, 4772628000000, 
4.179342736383498, -2.257850111320181e-06, 0.8358686632833364, 4772730000000, 
4.179344325596259, 1.7548941381543652e-06, 0.8358687240738516, 4772832000000, 
4.179344143041212, 4.688859046216483e-06, 0.835868747001398, 4772934000000, 
4.179344530132188, 6.817864317554267e-07, 0.8358688665846439, 4773036000000, 
4.1793439762407845, -5.560014256407916e-07, 0.8358688432942789, 4773138000000, 
4.179343852660807, -2.258237937387738e-06, 0.8358688239355853, 4773240000000, 
4.179343368721494, -2.025064302912938e-06, 0.8358687465082056, 4773342000000, 
4.1793429776535715, -2.916690785189265e-06, 0.8358686799357249, 4773444000000, 
4.179343901939938, 1.7773948150316226e-06, 0.8358686832210002, 4773546000000, 
4.179343919370524, 3.139056508061344e-06, 0.8358687199309356, 4773648000000, 
4.179343099700008, -2.6741331016211234e-06, 0.8358687280673646, 4773716000000, 
4.179343431061278, -1.6276974879048112e-06, 0.8358686966754539, 4773818000000, 
4.1793430227352655, -2.565491404501093e-07, 0.8358686368997701, 4773920000000, 
4.179343717272396, 9.540370626837102e-07, 0.8358686780712626, 4774022000000, 
4.179343156290366, 4.451836677077381e-07, 0.8358686597532018, 4774124000000, 
4.179343374259714, -1.143375607526309e-06, 0.8358686831881651, 4774226000000, 
4.179343260368792, 3.4692808625891303e-07, 0.8358686527279249, 4774328000000, 
4.179343843834311, 1.5652486566134864e-06, 0.8358686985641877, 4774430000000, 
4.179343106273052, -5.1365246574638e-07, 0.8358686806984102, 4774532000000, 
4.179343555560201, -9.60913701201586e-07, 0.8358687003778376, 4774634000000, 
4.179344482071227, 4.5859939164690404e-06, 0.8358687429269653, 4774736000000, 
4.179342812800148, -2.4758668419148457e-06, 0.8358687233621049, 4774838000000, 
4.179343033786992, -4.82761411587281e-06, 0.8358686885772245, 4774940000000, 
4.179343468527407, 2.185757530526189e-06, 0.8358686210076364, 4775042000000, 
4.179343340140828, 1.0211794521097772e-06, 0.8358686561636818, 4775144000000, 
4.179343886825948, 1.3943284689806508e-06, 0.8358687130329455, 4775246000000, 
4.179344099676631, 2.531786010469735e-06, 0.8358687551095604, 4775348000000, 
4.179343188517682, -2.3276942210751863e-06, 0.8358687450013508, 4775416000000, 
4.179343603163957, -1.655042245474192e-06, 0.8358687260905513, 4775518000000, 
4.179343324497892, 4.532673673433389e-07, 0.8358686744119687, 4775620000000, 
4.179343606989898, 1.2753134844463906e-08, 0.8358687023101165, 4775722000000, 
4.179343305565022, -6.310956498130811e-08, 0.8358686824701874, 4775824000000, 
4.179344249445786, 2.141519628295896e-06, 0.8358687441333804, 4775926000000, 
4.1793427600407265, -1.8184143198614795e-06, 0.8358686876701024, 4776028000000, 
4.179342139619914, -7.032752907439506e-06, 0.8358686099404284, 4776130000000, 
4.179346066172452, 1.1020439085740463e-05, 0.8358687310555396, 4776232000000, 
4.179344165977282, 6.754524560411331e-06, 0.8358688247846432, 4776334000000, 
4.17934503199761, -3.44724947254349e-06, 0.8358690176098228, 4776436000000, 
4.179343309046972, -2.85643436607567e-06, 0.8358688338014577, 4776538000000, 
4.179343369838658, -5.540529842325744e-06, 0.8358687807255495, 4776640000000, 
4.179344395502935, 3.6215198750966238e-06, 0.8358687382925708, 4776742000000, 
4.179344935469704, 5.218770153803121e-06, 0.8358688467207531, 4776844000000, 
4.179343586641815, -2.696203731389346e-06, 0.8358688611742968, 4776946000000, 
4.179343621321687, -4.3804933902436005e-06, 0.8358688095622138, 4777014000000, 
4.179343959142689, 1.2416695790070282e-06, 0.835868744473746, 4777116000000, 
4.179344352251427, 2.4364324661500327e-06, 0.8358687955143869, 4777218000000, 
4.179343259639251, -2.331678127613183e-06, 0.8358687714022243, 4777320000000, 
4.179343837982148, -1.7142309290581654e-06, 0.835868763324855, 4777422000000, 
4.179343335129776, 2.516350831408924e-07, 0.8358686955167449, 4777524000000, 
4.179345522152991, 5.613902809287197e-06, 0.8358688463509943, 4777626000000, 
4.179343887585382, 1.8415186886500123e-06, 0.8358688496578766, 4777728000000, 
4.179344588846484, -3.1110216891505615e-06, 0.8358689332389905, 4777830000000, 
4.17934607977016, 7.3072825923503615e-06, 0.8358689704134683, 4777932000000, 
4.179344457319766, -4.384223946847972e-07, 0.8358690083957607, 4778034000000, 
4.179343594132375, -8.285459284588606e-06, 0.8358689420814867, 4778136000000, 
4.179343371918171, -3.6180053146021387e-06, 0.8358687615580208, 4778238000000, 
4.179344093051737, 1.663064542375044e-06, 0.8358687372734854, 4778340000000, 
4.179343678766751, 1.0228285981147185e-06, 0.8358687429157772, 4778442000000, 
4.179343468630145, -2.081405308847669e-06, 0.8358687493632421, 4778544000000, 
4.179343272326047, -1.3548023443850827e-06, 0.8358686946481962, 4778612000000, 
4.179344708772169, 4.133806748759146e-06, 0.8358687633152241, 4778714000000, 
4.179342586881287, -2.2848158683549022e-06, 0.8358687045319669, 4778816000000, 
4.179346382067644, 5.577651582081937e-06, 0.8358689118480734, 4778918000000, 
4.179340413680766, -7.244001736239625e-06, 0.8358686255086464, 4779020000000, 
4.179344669931444, -5.707120666424241e-06, 0.8358687643786569, 4779122000000, 
4.179344368305639, 1.3182082909679593e-05, 0.8358686301278566, 4779224000000, 
4.1793434064434605, -4.211626611905217e-06, 0.8358688296453695, 4779326000000, 
4.179343464455732, -3.0128330230638767e-06, 0.8358687492803222, 4779428000000, 
4.179343888051537, 1.605360253620347e-06, 0.835868717263382, 4779530000000, 
4.179343993272036, 1.7627210150787203e-06, 0.8358687563852869, 4779632000000, 
4.179343396204414, -1.6394904071385479e-06, 0.835868751835199, 4779734000000, 
4.179343551959296, -1.4710424670975424e-06, 0.8358687294290498, 4779836000000, 
4.1793434853158775, 2.970382103247478e-07, 0.835868695565306, 4779938000000, 
4.179344523449357, 3.238300202805059e-06, 0.8358687707149688, 4780040000000, 
4.179343003102676, -1.6073773393780282e-06, 0.8358687341245274, 4780108000000, 
4.179344311741898, -7.056915318770507e-07, 0.8358687892195952, 4780210000000, 
4.17934462898415, 5.419604912996571e-06, 0.8358687962552482, 4780312000000, 
4.179343725900863, -1.9528034478355494e-06, 0.8358688444417941, 4780414000000, 
4.1793434616549625, -3.891097290302052e-06, 0.8358687877693317, 4780516000000, 
4.179343174771001, -1.8370995421198206e-06, 0.8358686908217885, 4780618000000, 
4.179343567673021, 3.533935277744149e-07, 0.8358686802732656, 4780720000000, 
4.179343430033739, 8.508757935269765e-07, 0.8358686781651841, 4780822000000, 
4.179343732141621, 5.482286683881435e-07, 0.8358687153232253, 4780924000000, 
4.1793430615969, -1.228122794572073e-06, 0.8358686815848173, 4781026000000, 
4.179343702243667, -9.965984778167088e-08, 0.8358686997321458, 4781128000000, 
4.179343197170164, 4.519108790882835e-07, 0.835868664067382, 4781230000000, 
4.179343653122536, -1.637371038754054e-07, 0.8358687035024244, 4781332000000, 
4.179343834221494, 2.123504433034403e-06, 0.8358687123009463, 4781434000000, 
4.179343028047291, -2.0835841496591456e-06, 0.835868701026088, 4781536000000, 
4.17934351697436, -1.057490447801494e-06, 0.8358686919495429, 4781638000000, 
4.179343786018821, 2.5265717666182277e-06, 0.8358686887360315, 4781706000000, 
4.179344140794274, 2.0793997161187385e-06, 0.8358687629191637, 4781808000000, 
4.179345771144585, 6.617085880715005e-06, 0.8358689131971786, 4781910000000, 
4.179344075464937, -2.1776445831752275e-07, 0.8358689324935864, 4782012000000, 
4.179345446131875, -1.083375700261513e-06, 0.8358690195160932, 4782114000000, 
4.179345347510512, 4.2401519155059e-06, 0.8358689912738216, 4782216000000, 
4.179343647314576, -5.996057662234951e-06, 0.8358689627304642, 4782318000000, 
4.179344028148791, -4.397872401066631e-06, 0.8358688681982585, 4782352000000, 
4.179343936946044, 9.654382241800856e-07, 0.8358687741606274, 4782386000000, 
4.179343923039587, -3.5036401335730716e-07, 0.8358687925422947, 4782420000000, 
4.179343443184887, -1.6458705213532692e-06, 0.8358687535447012, 4782454000000, 
4.1793437451689766, -5.929020356158313e-07, 0.8358687407595634, 4782488000000, 
4.179344976321425, 5.110455125745261e-06, 0.8358688109783526, 4782522000000, 
4.179344160881811, 1.3857094494085231e-06, 0.8358688588248142, 4782556000000, 
4.1793442727395895, -2.34527278486496e-06, 0.8358688939961884, 4782590000000, 
4.179343373967454, -2.623047858918426e-06, 0.8358687871725903, 4782624000000, 
1.7790167410031188, -8.001091772454902, 0.6758469591806775, 1523000000, 
1.779017241019049, -8.001087109828015, 0.5158251570659748, 1557000000, 
1.779017239341804, 1.661128950688114e-06, 0.3558034147575981, 1591000000, 
1.7778645281542353, -0.003842376216045551, 0.3557266005676726, 1625000000, 
1.7755581165922312, -0.011530409165242764, 0.35549599227255135, 1659000000, 
1.7720986171828534, -0.019219703237939683, 0.35503475079528796, 1693000000, 
1.7674859936564469, -0.026907076452614326, 0.35434284849543546, 1727000000, 
1.7620559040754045, -0.03347571035816325, 0.3534427009943137, 1761000000, 
1.7511985464886812, -0.054291490559218815, 0.3520493629480355, 1829000000, 
1.7349274767162748, -0.09042809119709894, 0.34987879515202397, 1931000000, 
1.718682532868473, -0.10838671206736095, 0.3469872370715619, 2033000000, 
1.7024733929121691, -0.10818027934701879, 0.3437388934997944, 2135000000, 
1.686329096175768, -0.10784478897568321, 0.3404990014637607, 2237000000, 
1.6702920780437, -0.10727104956156364, 0.3372729711421092, 2339000000, 
1.6543872060066684, -0.1064729672303318, 0.3340672253484091, 2441000000, 
1.6438625118804067, -0.08809855387764465, 0.33123611972871836, 2509000000, 
1.628203121002512, -0.08728028334718789, 0.32843018925930584, 2611000000, 
1.6127019880900015, -0.10386841263468376, 0.325651174731528, 2713000000, 
1.5973584761577988, -0.10281548281571092, 0.3225509056833541, 2815000000, 
1.5821926133451745, -0.10169791581609022, 0.3194835385061984, 2917000000, 
1.567151461056698, -0.10069005033700303, 0.31644683670397805, 3019000000, 
1.5522421765484757, -0.0998347893223291, 0.3134390833966899, 3121000000, 
1.5374682353676528, -0.09894408563015045, 0.31045745819818843, 3223000000, 
1.5228303685092215, -0.0980393601308475, 0.3075027186950233, 3325000000, 
1.5083271642606704, -0.09713690368994128, 0.3045750512091696, 3427000000, 
1.4939573962397592, -0.09624324089820761, 0.30167432860064336, 3529000000, 
1.479722680419202, -0.09534827947156099, 0.2988004827279755, 3631000000, 
1.465632208619232, -0.09441729206842424, 0.29595415235187955, 3733000000, 
1.4516866168329967, -0.09345354528735121, 0.29313610039142873, 3835000000, 
1.4378789349246759, -0.09251091231518682, 0.29034651735846034, 3937000000, 
1.428744923219459, -0.07647231204512606, 0.28788736499847545, 4005000000, 
1.415148817586718, -0.07576705779319311, 0.2854515117153902, 4107000000, 
1.401677443279896, -0.09022493313187645, 0.2830380789390715, 4209000000, 
1.3883296151058317, -0.08939734160295403, 0.28034372506482974, 4311000000, 
1.375127693145087, -0.08849916711602956, 0.2776756501020543, 4413000000, 
1.3620419824697114, -0.08762544212040109, 0.275033286048042, 4515000000, 
1.3490836962783568, -0.08681332288910104, 0.2724168914595437, 4617000000, 
1.336250109378942, -0.08597291030256453, 0.26982505254180067, 4719000000, 
1.3235349120528597, -0.08516261408499037, 0.26725791451401054, 4821000000, 
1.3109359258774824, -0.08438061167153214, 0.26471472982061894, 4923000000, 
1.2984525046504312, -0.0836080246747617, 0.2621948895053849, 5025000000, 
1.2860886258796902, -0.0828243333259741, 0.2596984704271736, 5127000000, 
1.273848005959237, -0.08201499563731396, 0.25722594243262387, 5229000000, 
1.2617277536714968, -0.08120290736064462, 0.25477762570069495, 5331000000, 
1.2497214529570055, -0.08042184334077145, 0.2523531475058493, 5433000000, 
1.23782494065191, -0.07967604339862285, 0.24995160981869416, 5535000000, 
1.226039376692993, -0.07894025421337547, 0.24757238468679388, 5637000000, 
1.2182455666764864, -0.06526457991807844, 0.2454739922680926, 5705000000, 
1.2066506415139209, -0.06462911726357341, 0.24339570565889332, 5807000000, 
1.1951683774218773, -0.07692396418203036, 0.241337639040819, 5909000000, 
1.183794411685937, -0.07618743275994655, 0.23904089537478235, 6011000000, 
1.1725451473405468, -0.07541076693776831, 0.23676719576322405, 6113000000, 
1.1613897310157428, -0.07468226890064693, 0.23451528600281513, 6215000000, 
1.1503363908339295, -0.07402918835539118, 0.23228475127934795, 6317000000, 
1.139388665921694, -0.07333688364682918, 0.23007431918475776, 6419000000, 
1.128545754377512, -0.07263545485472515, 0.22788472074220903, 6521000000, 
1.1178047205752337, -0.07194648448820118, 0.22571594272496265, 6623000000, 
1.1071642979599925, -0.07127152139173143, 0.22356765152751587, 6725000000, 
1.09662490292475, -0.07059939216827942, 0.2214395947639984, 6827000000, 
1.0896550441383566, -0.0583641794054531, 0.21956294966820658, 6895000000, 
1.079284241195197, -0.05780220576517614, 0.21770427921722024, 6997000000, 
1.0690125405854576, -0.06880834517632994, 0.21586345506126742, 7099000000, 
1.0588378208842864, -0.06815473436970236, 0.21380897351099606, 7201000000, 
1.0487761691950073, -0.06745457130150105, 0.21177510204431674, 7303000000, 
1.0387996406457185, -0.0667939341285595, 0.20976090871500083, 7405000000, 
1.028914048107863, -0.06620707029048119, 0.2077659905299059, 7507000000, 
1.0191215166105738, -0.06559374678381562, 0.2057890136909437, 7609000000, 
1.0094220375303724, -0.06497336859163501, 0.2038305068165873, 7711000000, 
0.9998142309614807, -0.0643576188303104, 0.20189051900682847, 7813000000, 
0.9902974943593994, -0.06374847723657669, 0.19996891752341686, 7915000000, 
0.9808714432328781, -0.06314262576200862, 0.19806554457025052, 8017000000, 
0.9715356137694999, -0.06253960196633157, 0.1961803034241185, 8119000000, 
0.9622888395090216, -0.061942012412855206, 0.19431305976742663, 8221000000, 
0.9531298126069971, -0.06135267054167596, 0.19246361772570122, 8323000000, 
0.9440576392437994, -0.0607706675507406, 0.1906317527573212, 8425000000, 
0.9350717306157696, -0.06019360663742498, 0.18881727883110438, 8527000000, 
0.9261715315285073, -0.059620359050973626, 0.1870200600925384, 8629000000, 
0.917356308644066, -0.05905140657234539, 0.18523997138588955, 8731000000, 
0.9086250501602988, -0.058488271227361555, 0.1834768593555248, 8833000000, 
0.9028502862020588, -0.048353408140024236, 0.18192210966709493, 8901000000, 
0.894256762052168, -0.047894293693769484, 0.1803821398943017, 9003000000, 
0.8857450220312565, -0.05701754723600757, 0.17885680468569887, 9105000000, 
0.8773143729107786, -0.056474630471297825, 0.17715441046628022, 9207000000, 
0.8689783196908938, -0.05588900780120901, 0.1754691809755286, 9309000000, 
0.8607128213798035, -0.0553385051032503, 0.17380036759876508, 9411000000, 
0.8525219070914013, -0.05485470866497496, 0.17214753654413992, 9513000000, 
0.8444076517166678, -0.05435056554378592, 0.17050949201252485, 9615000000, 
0.8363706740008705, -0.05383744363510264, 0.16888668218726266, 9717000000, 
0.828410113983193, -0.05332512577824929, 0.1672792293133821, 9819000000, 
0.8205252523917668, -0.052818072030345796, 0.16568706935838867, 9921000000, 
0.8127153924095462, -0.05231573857882273, 0.16411005058563374, 10023000000, 
0.8049798906989207, -0.05181787230948679, 0.16254803570001558, 10125000000, 
0.7973180369872039, -0.05132451807447406, 0.16100088800637807, 10227000000, 
0.7897290952056176, -0.050835984977677016, 0.15946846819278282, 10329000000, 
0.7822123655110564, -0.05035223825382499, 0.15795063318025854, 10431000000, 
0.7772409616965218, -0.04162711169698611, 0.15661216149421306, 10499000000, 
0.7698431000507971, -0.04123088486753098, 0.1552864284838917, 10601000000, 
0.7625156592647095, -0.04908434143937416, 0.15397331473413522, 10703000000, 
0.7552579862473205, -0.04861704601158867, 0.15250778303752183, 10805000000, 
0.7480815920544068, -0.04811355736767572, 0.15105701583776246, 10907000000, 
0.7409659152750718, -0.04764023657416239, 0.1496203662384533, 11009000000, 
0.7339146282138242, -0.04722321280194194, 0.14819747570288686, 11111000000, 
0.7269293446409525, -0.0467885687803978, 0.14678732587532325, 11213000000, 
0.7200104831557642, -0.04634715019353345, 0.1453902970673694, 11315000000, 
0.7131574146785968, -0.04590643320785218, 0.14400648283168757, 11417000000, 
0.706369537191655, -0.04546981988036417, 0.14263582900173438, 11519000000, 
0.6996462693823595, -0.04503715098745772, 0.14127821475017407, 11621000000, 
0.6929869372782014, -0.04460866637817862, 0.13993351625681438, 11723000000, 
0.6863910035422109, -0.044184219467161924, 0.13860161401351814, 11825000000, 
0.6798578909828682, -0.0437634876511106, 0.13728238878688537, 11927000000, 
0.6733869223502457, -0.043346937306550926, 0.13597572112502165, 12029000000, 
0.6669775517572345, -0.042934464085445656, 0.13468149100602322, 12131000000, 
0.6627385599268859, -0.0354945414111992, 0.13354020226895771, 12199000000, 
0.6564305710968307, -0.03515660220134609, 0.1324097788520634, 12301000000, 
0.650182602144695, -0.041853192607302914, 0.13129011554456077, 12403000000, 
0.6439941160691779, -0.04145485009217594, 0.1300404859540469, 12505000000, 
0.637874943704369, -0.04102552813441999, 0.1288034441278828, 12607000000, 
0.6318075502940637, -0.04062188591704744, 0.12757844067117405, 12709000000, 
0.6257950385264305, -0.04026635059312852, 0.12636516883499088, 12811000000, 
0.6198387967633249, -0.039895845102462614, 0.12516275903892124, 12913000000, 
0.6139392110924226, -0.03951942478002642, 0.12397153642547852, 13015000000, 
0.6080957292958411, -0.0391435582249459, 0.12279158247677256, 13117000000, 
0.6023078458343252, -0.038771217526991274, 0.12162285241483925, 13219000000, 
0.5965750117224627, -0.03840239191126119, 0.12046523912350861, 13321000000, 
0.590896735673691, -0.0380370338687804, 0.1193186395486986, 13423000000, 
0.5852725174649696, -0.037674980858310635, 0.11818295099074155, 13525000000, 
0.5797018352540717, -0.03731633473206449, 0.11705807255951547, 13627000000, 
0.5760175560448758, -0.03084987140031248, 0.11606612725092781, 13695000000, 
0.5705349498785532, -0.030556284585061544, 0.1150836227451667, 13797000000, 
0.5651045309163529, -0.0363767504284096, 0.11411046912265214, 13899000000, 
0.559725809072152, -0.03603046935467091, 0.11302435265780388, 14001000000, 
0.554394347885196, -0.03570061010385631, 0.1119483125249134, 14103000000, 
0.5491208811561825, -0.03534975971989818, 0.11088273587423536, 14205000000, 
0.5438951298105505, -0.03499739358215163, 0.10982735725679527, 14307000000, 
0.5387183094329284, -0.03467523907751365, 0.1087822880266441, 14409000000, 
0.5335907105721748, -0.03434806412791924, 0.10774694332104359, 14511000000, 
0.5285119446446727, -0.03402121596085254, 0.10672139764331838, 14613000000, 
0.5234815360030727, -0.033697248563673655, 0.10570561274799467, 14715000000, 
0.5184990064549827, -0.033376460632299855, 0.10469949914018188, 14817000000, 
0.5135638488892145, -0.03305895704619403, 0.10370295942315133, 14919000000, 
0.508675701652513, -0.03274434934156578, 0.10271590379978067, 15021000000, 
0.5038340857797087, -0.032432543698352655, 0.10173824242142908, 15123000000, 
0.49903853154961664, -0.03212390034298777, 0.10076988793212256, 15225000000, 
0.4942886358085755, -0.03181816657044386, 0.0998107502091934, 15327000000, 
0.4911471615868641, -0.026304566542508418, 0.09896495526300374, 15395000000, 
0.48647237680730665, -0.02605419667089622, 0.09812721161351641, 15497000000, 
0.48184205319643264, -0.031017027968104904, 0.09729743943937356, 15599000000, 
0.47725584786236636, -0.03072176314980098, 0.09637135185774037, 15701000000, 
0.4727209877339187, -0.030403551541713186, 0.09545459258618118, 15803000000, 
0.4682245297820712, -0.030104393600983898, 0.09454675769189042, 15905000000, 
0.4637687233702162, -0.029840881212341668, 0.09364761605908041, 16007000000, 
0.4593546346249716, -0.029566317190331908, 0.09275652585181726, 16109000000, 
0.4549825305608131, -0.0292873093646769, 0.0918737259037334, 16211000000, 
0.450651978992698, -0.029008852107578753, 0.09099927627856551, 16313000000, 
0.4463626405354132, -0.028732966751333078, 0.09013314333926162, 16415000000, 
0.4421141362500054, -0.028459475808975305, 0.08927525038520777, 16517000000, 
0.43790605940827076, -0.028188603757141422, 0.08842552241291263, 16619000000, 
0.43373798129867835, -0.02792051650442347, 0.08758387846379696, 16721000000, 
0.4296096351225705, -0.027654747619000886, 0.08675024505530131, 16823000000, 
0.42552057625415857, -0.02739135014839929, 0.08592454617836048, 16925000000, 
0.42281615776320636, -0.022644924531213806, 0.08519642460932904, 16993000000, 
0.41879174896316185, -0.0224294243033224, 0.08447523219870177, 17095000000, 
0.41480563960089734, -0.02670172720769674, 0.08376090308848436, 17197000000, 
0.41085745081988057, -0.026447660477604273, 0.08296365595892932, 17299000000, 
0.40695349091299504, -0.026173828959674312, 0.08217443875558486, 17401000000, 
0.40308261327614087, -0.025916125145798996, 0.08139290366726777, 17503000000, 
0.39924674535397314, -0.02568915186340633, 0.08061885663620727, 17605000000, 
0.3954467568830545, -0.02545285464362131, 0.07985174103421123, 17707000000, 
0.39168288532918205, -0.025212866749303637, 0.07909175917108065, 17809000000, 
0.38795483795376096, -0.02497306309764506, 0.07833896534439982, 17911000000, 
0.3842622915271172, -0.024735312673549448, 0.07759333432067068, 18013000000, 
0.38060483717906307, -0.02450000258232628, 0.07685479777732943, 18115000000, 
0.3769821691092948, -0.02426707472607481, 0.07612328652103167, 18217000000, 
0.37339402319592946, -0.024036046610445377, 0.07539873529895248, 18319000000, 
0.36984004928484226, -0.02380706608150836, 0.0746810827726711, 18421000000, 
0.36631981917220213, -0.023580680079091088, 0.0739702594435316, 18523000000, 
0.3639916350383774, -0.01949471415488291, 0.07334343356636144, 18591000000, 
0.360527140022185, -0.01930893050005711, 0.07272257294885097, 18693000000, 
0.3570956526474274, -0.02298660796983339, 0.07210762851386598, 18795000000, 
0.3536967490286355, -0.02276796997849828, 0.07142130277988319, 18897000000, 
0.350335920499841, -0.022532440491954502, 0.07074188814506027, 18999000000, 
0.347003591414231, -0.02231052538134844, 0.07006908406284716, 19101000000, 
0.34370139280694, -0.022115092309670053, 0.0694027269814008, 19203000000, 
0.34043004532037546, -0.021911820312851733, 0.06874233530276977, 19305000000, 
0.3371898549664981, -0.021705126134806314, 0.06808808620625424, 19407000000, 
0.3339805080700249, -0.021498457501168595, 0.06744002722379323, 19509000000, 
0.33080160983420676, -0.0212941504409712, 0.06679813152471531, 19611000000, 
0.32765300192769614, -0.02109168714109581, 0.06616234132212853, 19713000000, 
0.32453440607940975, -0.020890679182656673, 0.06553260118942084, 19815000000, 
0.32144543014707644, -0.02069190593539901, 0.06490885587694549, 19917000000, 
0.3183858522632879, -0.020495179387072793, 0.06429104589931826, 20019000000, 
0.3153554472945863, -0.02029994284163376, 0.06367911531366338, 20121000000, 
0.3133511943761303, -0.016782192957192077, 0.06313949959560029, 20189000000, 
0.31036865592343704, -0.016622637903830895, 0.06260501983961024, 20291000000, 
0.30741455823423414, -0.019788787139653857, 0.06207562723558677, 20393000000, 
0.3044885512526684, -0.0196003489025622, 0.0614847843606893, 20495000000, 
0.30159526623891975, -0.019397639984381303, 0.06089989171505482, 20597000000, 
0.298726534264763, -0.019206723293018018, 0.06032069011709007, 20699000000, 
0.2958838003254223, -0.019038219711658238, 0.05974704005527367, 20801000000, 
0.2930675713020967, -0.018863209875554232, 0.05917852705948546, 20903000000, 
0.2902781610857755, -0.018685464132155993, 0.05861530218088629, 21005000000, 
0.28751531696752897, -0.018507514448559137, 0.05805740329036007, 21107000000, 
0.2847786998347611, -0.018331537503381196, 0.05750481185920437, 21209000000, 
0.28206812327148556, -0.018157312320144687, 0.05695747600491838, 21311000000, 
0.2793833949411975, -0.017984349645212006, 0.05641534786982961, 21413000000, 
0.27672421009536635, -0.01781304392039736, 0.0558783818872033, 21515000000, 
0.2740902524743406, -0.017643808222856383, 0.055346523834060295, 21617000000, 
0.27234825589727696, -0.014586513993631312, 0.05487751456446559, 21685000000, 
0.26975605109347445, -0.014447337936220514, 0.054412970631006134, 21787000000, 
0.26718847232823967, -0.017199278563457637, 0.0539528519545994, 21889000000, 
0.2646453078487038, -0.01703581081590207, 0.05343932208469453, 21991000000, 
0.2621306950134431, -0.016859257715988545, 0.05293096501269244, 22093000000, 
0.2596373675237936, -0.016693134416367328, 0.05242755802572937, 22195000000, 
0.25716650017528186, -0.016547316127204132, 0.05192897084750124, 22297000000, 
0.25471880311589934, -0.01639521469298096, 0.051434844720998324, 22399000000, 
0.2522944396323574, -0.01624020180974813, 0.05094531619490258, 22501000000, 
0.2498931224510595, -0.016085602216132828, 0.050460424346621076, 22603000000, 
0.24751455567961966, -0.015932946509125873, 0.04998014118420244, 22705000000, 
0.2459414436225657, -0.013172262761645959, 0.04955660811688299, 22773000000, 
0.24360057720202363, -0.013046594925320102, 0.0491371051002806, 22875000000, 
0.24128197816626856, -0.015531551520990469, 0.048721599932723854, 22977000000, 
0.2389854043546404, -0.0153839094912774, 0.04825786398152884, 23079000000, 
0.23670905103504783, -0.015243090437402443, 0.04779842890373045, 23181000000, 
0.23445742038756298, -0.015093279890258104, 0.04734345838515008, 23283000000, 
0.23222617933504064, -0.014942905666690634, 0.04689284338384343, 23385000000, 
0.23001586924121684, -0.014805170487820485, 0.046446631264254704, 23487000000, 
0.2278264868832594, -0.014665641505937447, 0.046004569030634455, 23589000000, 
0.22565800180479045, -0.014526224788087941, 0.045566690528617775, 23691000000, 
0.22351022283843236, -0.01438754681609015, 0.045132980768432154, 23793000000, 
0.22138283801910244, -0.014250545952293378, 0.044703404177488346, 23895000000, 
0.21927562006600135, -0.01411534257477004, 0.04427791206156907, 23997000000, 
0.21718852380221418, -0.01398104738962754, 0.04385646545915453, 24099000000, 
0.21512133413763293, -0.013847619761228058, 0.04343903186705656, 24201000000, 
0.21375415688730706, -0.011447889716357055, 0.04307093432181028, 24269000000, 
0.2117195493308198, -0.011339282689377117, 0.04270633602371732, 24371000000, 
0.20970435680922292, -0.013499333593613808, 0.04234520420182332, 24473000000, 
0.20770840505815175, -0.013370480908893497, 0.04194215407987963, 24575000000, 
0.20572996866633375, -0.013247960476297227, 0.041542848702247226, 24677000000, 
0.20377298469030453, -0.013118067892824067, 0.041147423894319336, 24779000000, 
0.20183376059681588, -0.012987360231726253, 0.04075578093023027, 24881000000, 
0.19991272675408486, -0.012867526454065545, 0.040367964802747014, 24983000000, 
0.1980099408074643, -0.012746065964505207, 0.039983761877224334, 25085000000, 
0.19612519744422688, -0.012625097699526614, 0.03960319100038506, 25187000000, 
0.19425846920572604, -0.012504905339127589, 0.03922624049716115, 25289000000, 
0.19240952005761433, -0.012385591288708494, 0.03885287911383782, 25391000000, 
0.19057812643761618, -0.012267809227032855, 0.038483074380063764, 25493000000, 
0.18876419321548435, -0.012151089473766604, 0.038116789314047654, 25595000000, 
0.18696748939122926, -0.01203545682128974, 0.03775398726962198, 25697000000, 
0.18518792894346484, -0.011920880906731712, 0.037394640770011894, 25799000000, 
0.18401097036499714, -0.009855063420773727, 0.03707775924664608, 25867000000, 
0.1822594853190226, -0.009761478748140743, 0.03676389230849897, 25969000000, 
0.18052472273890352, -0.011620825420312064, 0.036453011894861546, 26071000000, 
0.1788064892755999, -0.011509986811409079, 0.036106046488901734, 26173000000, 
0.17710744876995754, -0.011390913229819924, 0.035762577385630726, 26275000000, 
0.17542284781051898, -0.011278804883603036, 0.0354224523904051, 26377000000, 
0.17375343803202103, -0.011180035793121693, 0.035085582307499835, 26479000000, 
0.17209968030458778, -0.011077225019770673, 0.03475173107647519, 26581000000, 
0.1704616514277431, -0.010972622014259747, 0.0344209846509568, 26683000000, 
0.1688391423228222, -0.010868459939218552, 0.03409336493701021, 26785000000, 
0.1672321339960381, -0.0107650581056834, 0.03376886184977356, 26887000000, 
0.1656404107885777, -0.010662438447481734, 0.03344744580716253, 26989000000, 
0.16406378536560146, -0.010561162101455449, 0.03312908867668115, 27091000000, 
0.1625022406068581, -0.010460567272398599, 0.03281376245073582, 27193000000, 
0.16146945487186537, -0.008647768312453619, 0.032535698722954996, 27261000000, 
0.15993253264537116, -0.0085656932049565, 0.03226028187493964, 27363000000, 
0.15841026125405772, -0.010197312059358846, 0.03198748325141962, 27465000000, 
0.15690251845248748, -0.010100047309612262, 0.03168302082346109, 27567000000, 
0.15541160775298202, -0.00999551167025233, 0.03138162583063515, 27669000000, 
0.15393336262708038, -0.009897186084690349, 0.03108316592216999, 27771000000, 
0.15246850491826333, -0.00981034278239562, 0.030787565019888382, 27873000000, 
0.15101728270004364, -0.009720266423455803, 0.03049461001635916, 27975000000, 
0.14957988191400698, -0.009628743347521174, 0.03020437796882093, 28077000000, 
0.14815622265365186, -0.009536866821305926, 0.0299168924845135, 28179000000, 
0.14674605843646374, -0.009446078258477467, 0.029632144200274838, 28281000000, 
0.1453492642406631, -0.009356528043295842, 0.029350103022051915, 28383000000, 
0.1439658195454509, -0.009267462970042792, 0.029070742814838516, 28485000000, 
0.14259555232570753, -0.009179039716518586, 0.02879404240745477, 28587000000, 
0.14123827031370495, -0.009091830772486506, 0.028519976145657558, 28689000000, 
0.1398939634212996, -0.009005296348026473, 0.028248519070714136, 28791000000, 
0.13856246234379696, -0.008919359899693299, 0.027979646405253432, 28893000000, 
0.13768179230312722, -0.007373903727241245, 0.027742547871214916, 28961000000, 
0.1363712751827036, -0.007303957203644573, 0.027507701988641848, 29063000000, 
0.1350733253753192, -0.008694889759360095, 0.027275092857409998, 29165000000, 
0.13378770693376354, -0.008611894163133479, 0.027015487166119085, 29267000000, 
0.13251329216570967, -0.008533444032031712, 0.026758288298319496, 29369000000, 
0.1312527900563568, -0.008449722924689188, 0.026503585943722003, 29471000000, 
0.13000375504011424, -0.008365123751984763, 0.026251322484145377, 29573000000, 
0.12876636023357313, -0.008288099409278863, 0.02600152702200294, 29675000000, 
0.12754069640865315, -0.008210195438203652, 0.025754054112156033, 29777000000, 
0.1263267889726213, -0.008131904203172724, 0.02550892304098984, 29879000000, 
0.12512440571900965, -0.008054302298811655, 0.025266126073352272, 29981000000, 
0.1239334078001931, -0.007977937241427369, 0.0250256401661216, 30083000000, 
0.12275382498442836, -0.007901935781937652, 0.02478744256690874, 30185000000, 
0.12158542039197576, -0.007826624694057815, 0.024551510211773146, 30287000000, 
0.12042814487525394, -0.0077522670305813874, 0.024317826016777202, 30389000000, 
0.1192818910870552, -0.007678431016401865, 0.024086363756952327, 30491000000, 
0.11814655612096196, -0.007605295847639924, 0.02385710613888474, 30593000000, 
0.11739568365914728, -0.006287358093026395, 0.02365494205781096, 30661000000, 
0.1162782563879635, -0.0062276657766615244, 0.023454699744538184, 30763000000, 
0.11517151370019893, -0.007413899863161165, 0.02325636358315398, 30865000000, 
0.11407530386165424, -0.0073431750876975605, 0.02303500492998778, 30967000000, 
0.112991336691942, -0.007267256694189761, 0.02281587695025301, 31069000000, 
0.11191660145814004, -0.0071956746783806425, 0.02259888280078242, 31171000000, 
0.11085154154805361, -0.007132650479627957, 0.02238396531320904, 31273000000, 
0.10979645414789231, -0.007067157700825777, 0.02217097314360573, 31375000000, 
0.10875144255361863, -0.007000329981449958, 0.021959962549970968, 31477000000, 
0.1077163080724977, -0.006933820251315374, 0.02175094698493391, 31579000000, 
0.10669107773183863, -0.0068678827392666675, 0.02154392189053033, 31681000000, 
0.1056755468116441, -0.006802537536178682, 0.021338862174398694, 31783000000, 
0.10466972431498689, -0.006737844722839124, 0.02113575659056464, 31885000000, 
0.10367348835692787, -0.006673528182387413, 0.02093458396557059, 31987000000, 
0.10268666506491311, -0.006610197500245922, 0.020735325182455192, 32089000000, 
0.10203401942279212, -0.005464896447119154, 0.02055961152297554, 32157000000, 
0.10106288514178816, -0.005412599743749857, 0.02038557130863289, 32259000000, 
0.10010091138481546, -0.006443693459922221, 0.020213187729959718, 32361000000, 
0.6391023354883343, 1.7934648344884871, 0.05601774213432919, 44771000000, 
0.6391023423303697, 1.7966714364851806, 0.09188703928023463, 44873000000, 
0.639102348423645, 4.3117702371494225e-08, 0.12782046841615657, 44941000000, 
0.6391023411300071, -4.001208623686618e-09, 0.1278204687922681, 45043000000, 
0.6403101877971451, 0.00402613124500036, 0.1279009918233865, 45145000000, 
0.6425974476944364, 0.011650355214764355, 0.12813399844143925, 45247000000, 
0.6437071054663327, 0.011323058897291979, 0.1284409827305276, 45349000000, 
0.644549478336094, 0.006506768805525365, 0.12872360209979086, 45451000000, 
0.6451517699125411, 0.00481554815402796, 0.1288938902476645, 45553000000, 
0.6455140430917821, 0.0032152158522935625, 0.1290143527560278, 45655000000, 
0.6456340735683749, 0.0016076788527793113, 0.1290866591048465, 45757000000, 
0.6455101057987436, -1.3124310128305913e-05, 0.1291105481639267, 45859000000, 
0.6451414264449948, -0.0016421570779334704, 0.12908570705414088, 45961000000, 
0.6445286471857775, -0.003271528709886858, 0.12901201196196774, 46063000000, 
0.6436730005457019, -0.00489475299764323, 0.1288895382784316, 46165000000, 
0.6425766887466379, -0.006506528130465483, 0.12871855576520783, 46267000000, 
0.6412419148098834, -0.008103619119395056, 0.12849944027348154, 46369000000, 
0.6396703122669664, -0.009687921598905044, 0.1282325943882325, 46471000000, 
0.6378640034246663, -0.01125970461739012, 0.12791841536676773, 46573000000, 
0.636531159972228, -0.010463840982461262, 0.12760436504425737, 46641000000, 
0.6343429782646335, -0.011736750533442772, 0.12724920944410187, 46743000000, 
0.6319335053335786, -0.01532551546216454, 0.126853842904696, 46845000000, 
0.6293086432498645, -0.016781116715896733, 0.12637234178987178, 46947000000, 
0.6264751088891722, -0.018194654814687922, 0.12584781716484103, 47049000000, 
0.62343583881851, -0.019576014771181722, 0.12528130606383645, 47151000000, 
0.6201984131833672, -0.020922319019350082, 0.12467395739273662, 47253000000, 
0.6167717707517822, -0.022213560222425672, 0.12402706818357731, 47355000000, 
0.6131657350085365, -0.02344226058276888, 0.12334239459624573, 47457000000, 
0.6093889778936, -0.024609309527274064, 0.12262176557692793, 47559000000, 
0.6054498877237836, -0.02571949094917647, 0.12186697337506133, 47661000000, 
0.6013572633679164, -0.02677238175227877, 0.12107974193235332, 47763000000, 
0.5971212181509246, -0.02776223190953016, 0.12026189128284163, 47865000000, 
0.5927536608486773, -0.02867867506413028, 0.11941547615783454, 47967000000, 
0.5897746619939273, -0.02448852052332436, 0.11864330273290194, 48035000000, 
0.5852135134449717, -0.025133824679018552, 0.1178494557525051, 48137000000, 
0.5805505312541885, -0.030747102465795706, 0.11703591377953916, 48239000000, 
0.5757972598215909, -0.03138751207793611, 0.11610408696805008, 48341000000, 
0.5709720128673114, -0.03192839462292393, 0.11515465359620605, 48443000000, 
0.5660751697532016, -0.03240696689463104, 0.11418962949614025, 48545000000, 
0.5611246931162015, -0.032824399170366204, 0.11321145838244762, 48647000000, 
0.5561382223451787, -0.03312315802674289, 0.11222253901430546, 48749000000, 
0.5511300917749191, -0.03331533780427461, 0.11122620048241995, 48851000000, 
0.546113114652939, -0.033417025640799146, 0.11022542858486913, 48953000000, 
0.5410983065729487, -0.03343928400656818, 0.10922276753338711, 49055000000, 
0.5360951559886515, -0.03339319554762484, 0.10822043848096928, 49157000000, 
0.5311112019583556, -0.033290348715310225, 0.10722031096799706, 49259000000, 
0.5261519184028984, -0.033144125285843686, 0.10622388508999371, 49361000000, 
0.5212213705710061, -0.03296610462449815, 0.10523229939548401, 49463000000, 
0.5163229242966433, -0.03276331368751717, 0.10424641421803654, 49565000000, 
0.5114594383698533, -0.032539774003842815, 0.10326691554916684, 49667000000, 
0.508238007624628, -0.026949722240050916, 0.1024013580194083, 49735000000, 
0.5034373160778737, -0.02674040763993209, 0.10154231747149031, 49837000000, 
0.49867601115641935, -0.03187332156069552, 0.10069008899059473, 49939000000, 
0.4939547255053938, -0.031608635241599514, 0.09973787018264578, 50041000000, 
0.4892814072227512, -0.03131534644556048, 0.09879414292563762, 50143000000, 
0.48464484111203665, -0.031032947977857234, 0.09785873158934544, 50245000000, 
0.4800476364336965, -0.030779235963515617, 0.09693159231789897, 50347000000, 
0.47549111345709627, -0.030512425516467934, 0.09601223940018863, 50449000000, 
0.4709759101059108, -0.030239087759285816, 0.09510097733311357, 50551000000, 
0.46650211159809557, -0.029963339530002336, 0.09419794234407351, 50653000000, 
0.4620696012669012, -0.02968769613003186, 0.09330317486472717, 50755000000, 
0.45767819537883636, -0.029413054064197364, 0.09241666054958889, 50857000000, 
0.45332755712162376, -0.02914014715092487, 0.09153835691782408, 50959000000, 
0.44901753106358555, -0.028868881050836032, 0.09066821890426971, 51061000000, 
0.4447479053060541, -0.02859883938523211, 0.08980619956608422, 51163000000, 
0.44051836409440387, -0.02833055656393894, 0.08895225336426957, 51265000000, 
0.43632854982683383, -0.02806451826406764, 0.08810632128181946, 51367000000, 
0.4335572773894015, -0.023203622350007985, 0.08736027942070929, 51435000000, 
0.4294330497382655, -0.022985000295227726, 0.08662125846363339, 51537000000, 
0.42534776159055365, -0.027365052662826073, 0.08588920591454804, 51639000000, 
0.421301100808747, -0.027106496431728393, 0.08507212747583774, 51741000000, 
0.4172993831139995, -0.026827928255180506, 0.08426321636755335, 51843000000, 
0.4133314599397642, -0.026565469563275917, 0.08346212959083404, 51945000000, 
0.40939927868989107, -0.02633368141369478, 0.08266867478291032, 52047000000, 
0.4055037027513616, -0.026092523961342057, 0.08188229609206779, 52149000000, 
0.4016449769748001, -0.0258476723836365, 0.08110319722773685, 52251000000, 
0.39782289915943925, -0.025602678639741194, 0.0803314385923734, 52353000000, 
0.39403712983230127, -0.025359490474996155, 0.07956700039776937, 52455000000, 
0.3902872581609537, -0.02511880332828509, 0.07880981914351295, 52557000000, 
0.3865729259381537, -0.02488067964715864, 0.07805982092876058, 52659000000, 
0.38289390460391975, -0.024644511856779888, 0.07731693924686847, 52761000000, 
0.37924989564461176, -0.02441010097847307, 0.07658111507911235, 52863000000, 
0.37683982249240056, -0.020180273705063995, 0.07593224151606214, 52931000000, 
0.37325334437601143, -0.019988504228667752, 0.07528953750086824, 53033000000, 
0.3697009085255439, -0.02379637988952225, 0.07465293835959706, 53135000000, 
0.3661822717613281, -0.023570242048944385, 0.07394243497752556, 53237000000, 
0.36270307334646557, -0.023326117263594386, 0.07323908357555584, 53339000000, 
0.3592532829402106, -0.023096629403725106, 0.07254257520320029, 53441000000, 
0.3558346190206561, -0.022894847752698195, 0.07185273168715549, 53543000000, 
0.35244793897892096, -0.022684479870965408, 0.07116905606265252, 53645000000, 
0.3490935325417094, -0.02247028826315574, 0.0704917393694191, 53747000000, 
0.34577095955995035, -0.02225659806323536, 0.06982082873870538, 53849000000, 
0.34247993642304186, -0.0220453203955584, 0.0691562952349801, 53951000000, 
0.33922027737546123, -0.021835607281630403, 0.0684980782238969, 54053000000, 
0.3359916405285664, -0.021627652981584904, 0.06784612362180463, 54155000000, 
0.33279364514410514, -0.021422107437853628, 0.06720037086987551, 54257000000, 
0.32962611069871844, -0.02121843276615983, 0.06656075975809266, 54359000000, 
0.3264887566607128, -0.021016294944641117, 0.06592723416690242, 54461000000, 
0.3244138023633604, -0.01737436111786006, 0.06536857798151945, 54529000000, 
0.3213259763140517, -0.01720926782220374, 0.06481523568920833, 54631000000, 
0.31826760074042965, -0.0204873387431026, 0.06426715862785612, 54733000000, 
0.3152383620127959, -0.020292047670852537, 0.06365546260448515, 54835000000, 
0.3122356674646611, -0.02010644425256188, 0.06304944201452578, 54937000000, 
0.30926567660140075, -0.019908951371317245, 0.06244931373859052, 55039000000, 
0.3063225299724602, -0.019710458307336347, 0.06185492493590147, 55141000000, 
0.30340693089144355, -0.01952915236652401, 0.06126634249768696, 55243000000, 
0.3005191019611554, -0.019344760037682634, 0.060683237521670604, 55345000000, 
0.2976587421795289, -0.01916062903971542, 0.060105651668808525, 55447000000, 
0.2948255875575333, -0.01897838134540697, 0.059533562113214505, 55549000000, 
0.29201944790233725, -0.018797647590638917, 0.058966918509293295, 55651000000, 
0.28923993520533003, -0.018618841174010876, 0.05840566471101337, 55753000000, 
0.28740164804661644, -0.015392666185736018, 0.05791073541028558, 55821000000, 
0.28466618237132946, -0.015245842780001925, 0.0574205177082184, 55923000000, 
0.2819566652812695, -0.018149942551156466, 0.05693496637994769, 56025000000, 
0.27927297424352043, -0.01797736042603008, 0.05639305479307463, 56127000000, 
0.2766193778874813, -0.017790957979293975, 0.05585660116081808, 56229000000, 
0.27398818272175285, -0.017615971739225283, 0.055325368990183636, 56331000000, 
0.27138078452992764, -0.017461977858512223, 0.054799223009277455, 56433000000, 
0.26879784237208193, -0.017301134498903064, 0.05427778730825083, 56535000000, 
0.2662394614669456, -0.017137743543273465, 0.05376120589126367, 56637000000, 
0.2637053350314849, -0.01697502446865673, 0.05324950925803416, 56739000000, 
0.2611953591175982, -0.016813674497824598, 0.05274267704106858, 56841000000, 
0.25870932606978303, -0.016653363205672938, 0.052240668014591075, 56943000000, 
0.25624687804192964, -0.01649493691889529, 0.051743437548620715, 57045000000, 
0.2538078446756801, -0.01633827131367634, 0.05125093658582618, 57147000000, 
0.25139210280049046, -0.0161825841381306, 0.05076312170120668, 57249000000, 
0.24899932271121403, -0.016028406548220336, 0.05027995134582564, 57351000000, 
0.24662931091112442, -0.01587597296455347, 0.04980138242818859, 57453000000, 
0.2450618636965884, -0.013124863382085461, 0.04937936648792845, 57521000000, 
0.24272932104830752, -0.012999966209389646, 0.04896136637706802, 57623000000, 
0.24041898676238593, -0.015476256447341519, 0.048547344767152126, 57725000000, 
0.23813066757233237, -0.015328844919917187, 0.04808526502553505, 57827000000, 
0.23586793356200178, -0.015170177334613844, 0.04762783919311467, 57929000000, 
0.23362439751294248, -0.015020900197966295, 0.047174866576485106, 58031000000, 
0.2314011548596776, -0.014889262341080586, 0.04672623239564146, 58133000000, 
0.22919868153754763, -0.014752386584649483, 0.046281615594011186, 58235000000, 
0.22701717935863752, -0.014613251670133609, 0.04584113438372418, 58337000000, 
0.22485641407355178, -0.014474224879986175, 0.045404818331315794, 58439000000, 
0.22271621015475732, -0.01433656401293402, 0.044972653572463106, 58541000000, 
0.2205964025455995, -0.014200038426507577, 0.044544601784927244, 58643000000, 
0.21849668757838378, -0.014065075254578452, 0.04412062001858271, 58745000000, 
0.2164169939713255, -0.01393136191424671, 0.04370067227302058, 58847000000, 
0.21435716503600888, -0.013798408474583005, 0.043284723105714545, 58949000000, 
0.21299480890991251, -0.011407283538043267, 0.04291793119448313, 59017000000, 
0.21096745044765425, -0.01129904862784877, 0.042554628292905045, 59119000000, 
0.2089594453849398, -0.013451211749909061, 0.0421947803161671, 59221000000, 
0.2069705749151284, -0.013322918441752799, 0.04179316471651483, 59323000000, 
0.20500391026610837, -0.013185117062771423, 0.04139559537107843, 59425000000, 
0.20305393955178233, -0.01305545121115359, 0.041001894982201276, 59527000000, 
0.20112162441641743, -0.01294095283230314, 0.04061196494895388, 59629000000, 
0.19920732834056035, -0.012822037370739947, 0.040225526153917335, 59731000000, 
0.19731130786616635, -0.012701055167503583, 0.03984268404154294, 59833000000, 
0.19543330216209548, -0.012580087261549558, 0.03946346255792147, 59935000000, 
0.19357310155714874, -0.01246068769672537, 0.03908784743902737, 60037000000, 
0.1917306876298399, -0.012342048440851886, 0.038715806089938944, 60139000000, 
0.18990576846950716, -0.012224443625471945, 0.03834730384376639, 60241000000, 
0.18809819746061268, -0.012108300564090771, 0.037982310237330646, 60343000000, 
0.18630786613986663, -0.01199300776546841, 0.03762078880466577, 60445000000, 
0.18453455891335196, -0.011878795157535723, 0.037262708167588754, 60547000000, 
0.1827781147092166, -0.011765838102166803, 0.03690803598416235, 60649000000, 
0.18161647307782638, -0.009726952785085266, 0.036595276446693, 60717000000, 
0.1798878362849828, -0.00963426141411261, 0.03628549493813505, 60819000000, 
0.17817560037333585, -0.01146957568163511, 0.03597866064907634, 60921000000, 
0.17647973937496544, -0.01136032303339122, 0.03563621173555227, 61023000000, 
0.17480283907448185, -0.011242537662846663, 0.035297211921518884, 61125000000, 
0.1731400842214106, -0.011132183845182775, 0.03496151084472386, 61227000000, 
0.17149244736354607, -0.011034639036452595, 0.03462902471062924, 61329000000, 
0.16986019864440774, -0.010932951923342907, 0.03429951534862429, 61431000000, 
0.16824347541355597, -0.010829906499967012, 0.033973074761433984, 61533000000, 
0.16664214612539752, -0.010726841730034076, 0.033649721345557417, 61635000000, 
0.1650559859207967, -0.010624964975864218, 0.03332944049731668, 61737000000, 
0.1634849595030383, -0.010523955407864086, 0.03301220610328217, 61839000000, 
0.1619289295714322, -0.01042352116454833, 0.032697991666351144, 61941000000, 
0.1603876654625858, -0.010324313468175009, 0.03238677030247042, 62043000000, 
0.15936824999564733, -0.00853559858594958, 0.03211232300197769, 62111000000, 
0.15785135438263895, -0.008454370266489467, 0.03184048465605814, 62213000000, 
0.15634896180095215, -0.010064293982317285, 0.03157123774528256, 62315000000, 
0.15486083907942444, -0.009968384344048361, 0.03127074368420104, 62417000000, 
0.1533892911522997, -0.00986556882884145, 0.03097327280217842, 62519000000, 
0.15193024413676542, -0.009768649808863383, 0.030678691624565973, 62621000000, 
0.15048446676454827, -0.009682747959171475, 0.030386933470240893, 62723000000, 
0.1490521385232163, -0.009593685378497066, 0.03009778996163533, 62825000000, 
0.1476334604964621, -0.009503354226953939, 0.029811337718948446, 62927000000, 
0.14622829316001784, -0.009412817877328209, 0.02952759281197975, 63029000000, 
0.1448364566503463, -0.00932334615371927, 0.029246547353788413, 63131000000, 
0.14345790590860408, -0.009234624171379213, 0.028968177047931212, 63233000000, 
0.14209245002801604, -0.00914668874110088, 0.028692454172464427, 63335000000, 
0.14073996599556798, -0.009059799710120312, 0.028419354795479208, 63437000000, 
0.13940041472419876, -0.008973451012724287, 0.028148855383185515, 63539000000, 
0.1385144611648307, -0.007418349435790912, 0.027910322792306496, 63607000000, 
0.1367593213806515, -0.008803644478490857, 0.027644946484645397, 63743000000, 
0.13589015535996316, -0.008747686016225184, 0.027410929193696358, 63811000000, 
0.13459677759552244, -0.00720847928376354, 0.02714975028907581, 63913000000, 
0.13331472336449257, -0.00858477331823528, 0.026920110421331876, 64015000000, 
0.1320436417783807, -0.008510452723805758, 0.026663676182559715, 64117000000, 
0.13078834863058675, -0.00842124911301941, 0.026409780918230666, 64219000000, 
0.12954411417223505, -0.00833175868715221, 0.026158406972080165, 64321000000, 
0.1283112465893178, -0.008257006804229805, 0.02590958062614264, 64423000000, 
0.12708994983336483, -0.008180547796234061, 0.02566302070632784, 64525000000, 
0.12588035289927066, -0.008102978966823826, 0.025418769954796888, 64627000000, 
0.12468218762589872, -0.008025874024887025, 0.025176832690568945, 64729000000, 
0.12349542399293144, -0.007949763021130735, 0.024937197634540054, 64831000000, 
0.1223200263369837, -0.007873870963050061, 0.02469984253038759, 64933000000, 
0.1211557604195381, -0.007798878577977795, 0.024464747383296886, 65035000000, 
0.12000252957488632, -0.007724989206991291, 0.02423188775542721, 65137000000, 
0.11923984160680445, -0.00638639604244549, 0.02402654210674859, 65205000000, 
0.118104960203027, -0.00632523123953103, 0.023823155425647852, 65307000000, 
0.11698082048388063, -0.00753007040974608, 0.02362170815291414, 65409000000, 
0.11586730988726256, -0.0074588343858815005, 0.023396872704944678, 65511000000, 
0.11476633470073697, -0.007381619277145544, 0.023174297671458677, 65613000000, 
0.11367474742747871, -0.007308541532612817, 0.022953892801031883, 65715000000, 
0.11259300806355729, -0.007244422123932244, 0.022735606012784865, 65817000000, 
0.11152129481054117, -0.007178175389791809, 0.022519270020105144, 65919000000, 
0.11045978929983089, -0.007110729212421359, 0.022304939478261954, 66021000000, 
0.10940846870904393, -0.007042753671657465, 0.02209263685462773, 66123000000, 
0.10836716017657332, -0.0069754304108585645, 0.02188236121236321, 66225000000, 
0.1073356659181087, -0.0069093426364507755, 0.021674086320248392, 66327000000, 
0.10631396326498885, -0.00684398970528156, 0.021467785957311386, 66429000000, 
0.1053020582702229, -0.006778692159619311, 0.021263445830221366, 66531000000, 
0.10463286350533729, -0.005603665865505185, 0.021083259002703268, 66599000000, 
0.10363697833855055, -0.0055502664389078344, 0.020904793340940715, 66701000000, 
0.10265048856679969, -0.006607916461792013, 0.02072802202737917, 66803000000, 
0.1016734194278473, -0.006545196369010843, 0.0205307257555465, 66905000000, 
0.10070735876018216, -0.006477099355391748, 0.020335417783655278, 67007000000, 
1.1462249983449078, 3.481838596390201, 0.08990705176886248, 89685000000, 
1.1462249592554343, 3.4850586683175067, 0.1595438210907016, 89787000000, 
1.1462249538680438, -1.4825621323192686e-07, 0.2292449940978924, 89889000000, 
1.1462249682397423, 2.994769321418289e-08, 0.22924499209088137, 89991000000, 
1.1403651367992862, -0.019532723562525334, 0.22885433726047147, 90093000000, 
1.1317553539967848, -0.04823204747652484, 0.22788969726905423, 90195000000, 
1.1217345025766428, -0.06210211407547813, 0.22625699955818093, 90297000000, 
1.111240673990811, -0.06838226668657965, 0.22431536870428256, 90399000000, 
1.1007608041597705, -0.06991232805624081, 0.22224906538181494, 90501000000, 
1.0903293785206793, -0.06970431823377199, 0.22015539044475071, 90603000000, 
1.0834176563138493, -0.057810492819737234, 0.21830052259961993, 90671000000, 
1.0731261687108211, -0.057344032699527446, 0.21645821356968997, 90773000000, 
1.0629298945792907, -0.06829253911519562, 0.21463158130693075, 90875000000, 
1.0528255758250147, -0.06766864295268811, 0.21259210927434177, 90977000000, 
1.0428280163168056, -0.06700626087495036, 0.21057223244807405, 91079000000, 
1.0329112985807034, -0.06638092414770425, 0.20857099271483492, 91181000000, 
1.023085129171268, -0.06580962381845874, 0.20658829627125178, 91283000000, 
1.0133537850941263, -0.06519171162192361, 0.20462334752307315, 91385000000, 
1.0037157914911377, -0.06456445893376757, 0.2026769803837688, 91487000000, 
0.9941669857653472, -0.06395599776259697, 0.20074910415670744, 91589000000, 
0.9878496615160731, -0.052887099916881786, 0.19904882925150386, 91657000000, 
0.9784474098748313, -0.05239858630171993, 0.1973642704770834, 91759000000, 
0.9660516288455785, -0.07266010890164876, 0.19548991334909885, 91895000000, 
0.9568601085343281, -0.07195767113501043, 0.19342394315031586, 91997000000, 
0.950796573270696, -0.050850185249608305, 0.1915805540433735, 92065000000, 
0.9417548407888573, -0.050350892484902765, 0.18996076817292543, 92167000000, 
0.9327724906900231, -0.060080275268909654, 0.1883549269833051, 92269000000, 
0.9238868263575166, -0.05956004810446891, 0.1865609438557598, 92371000000, 
0.9151072094226559, -0.058884270891224055, 0.18478443509801307, 92473000000, 
0.906404419441467, -0.05827468972016544, 0.18302656368144266, 92575000000, 
0.897780321663491, -0.0577562925305497, 0.18128613003517427, 92677000000, 
0.8892359167794858, -0.057228342206604076, 0.17956137719229626, 92779000000, 
0.8807718882383005, -0.05669477808396809, 0.17785254177875182, 92881000000, 
0.8723884361950174, -0.056158268614894626, 0.1761597494141869, 92983000000, 
0.8640855283421655, -0.05562119965378365, 0.17448305685169888, 93085000000, 
0.8558621580255225, -0.05508759389831641, 0.17282240817084701, 93187000000, 
0.8477167398490516, -0.0545626283103795, 0.17117762841444928, 93289000000, 
0.8423290744003071, -0.04511027875071775, 0.16972719815165874, 93357000000, 
0.8343113751120048, -0.04468454912348929, 0.16829047929075755, 93459000000, 
0.8263701781118686, -0.05319632096146165, 0.16686737517494538, 93561000000, 
0.8185050758608219, -0.05268766417060977, 0.16527910860564635, 93663000000, 
0.8107283237117021, -0.05213951466722174, 0.16370690517895953, 93765000000, 
0.803017089409025, -0.051626621505989435, 0.16215003259876995, 93867000000, 
0.7953751903092476, -0.051177111341514925, 0.160608040228665, 93969000000, 
0.7878046705284851, -0.05070806293513308, 0.15907979668311717, 94071000000, 
0.7803064561518377, -0.05022911385803316, 0.15756575446597137, 94173000000, 
0.7728797665583655, -0.049749679900398615, 0.15606605954924588, 94275000000, 
0.7655237700895309, -0.049275620207689386, 0.15458066618664895, 94377000000, 
0.7582375409939233, -0.048807418548140934, 0.15310940517612132, 94479000000, 
0.7510204837647632, -0.04834428774922572, 0.15165211965654782, 94581000000, 
0.743872068217162, -0.047884909255870856, 0.15020867286505657, 94683000000, 
0.736791791562308, -0.047428974008183834, 0.1487789562362822, 94785000000, 
0.7297790969523121, -0.04697657088283291, 0.14736286378211882, 94887000000, 
0.7251410778009417, -0.03883571253788761, 0.1461141310877041, 94955000000, 
0.7182391274015256, -0.03846656516928837, 0.14487728681031864, 95057000000, 
0.7114027926423705, -0.045794283861904095, 0.14365219985632252, 95159000000, 
0.7046315750761275, -0.04535850775132707, 0.14228489967466823, 95261000000, 
0.6979199778458156, -0.04494271598851629, 0.1409302897042876, 95363000000, 
0.691281294850645, -0.044500934084941525, 0.13958885651817254, 95465000000, 
0.684702636540619, -0.04405780435065528, 0.13826026061580532, 95567000000, 
0.6781855671861757, -0.043652425548231046, 0.13694463323849598, 95669000000, 
0.6717306117868543, -0.04324008251254896, 0.1356412543675766, 95771000000, 
0.6653370743018847, -0.042828309614303395, 0.13435021688499432, 95873000000, 
0.6590043203033857, -0.042420971611562, 0.13307146709280832, 95975000000, 
0.6527318404864768, -0.04201744605135967, 0.1318048823394498, 96077000000, 
0.646519057837694, -0.04161754155230568, 0.13055034790850378, 96179000000, 
0.6403654155994521, -0.04122141629008221, 0.12930775426157487, 96281000000, 
0.6342703487660629, -0.04082903023877038, 0.1280769881468806, 96383000000, 
0.6282333062468026, -0.04044036450883174, 0.12685793804082118, 96485000000, 
0.62225374831505, -0.04005533483670979, 0.12565049355519436, 96587000000, 
0.6182989895510551, -0.03311438898582505, 0.12458573627419384, 96655000000, 
0.6124139847070059, -0.03279921202681354, 0.1235311148382074, 96757000000, 
0.6065849601649754, -0.03904676462026561, 0.12248652896153575, 96859000000, 
0.600811420887419, -0.038675212731956364, 0.12132069105062669, 96961000000, 
0.5951025555330399, -0.038274682106451685, 0.1201665957723623, 97063000000, 
0.5894420193527695, -0.03789800511549831, 0.11902373305154855, 97165000000, 
0.583832687887981, -0.037566225483529614, 0.11789181751825269, 97267000000, 
0.5782758366438743, -0.03722060902965082, 0.11677003625897499, 97369000000, 
0.5727718199990756, -0.03686955962968493, 0.11565868963539538, 97471000000, 
0.5673201722375065, -0.03651888135455916, 0.11455785525869709, 97573000000, 
0.5619203865261652, -0.03617144490970133, 0.11346749191751648, 97675000000, 
0.5565719631764796, -0.03582736353675638, 0.11238750146267674, 97777000000, 
0.5512744635115794, -0.035486410048619264, 0.11131778754761495, 97879000000, 
0.5460273919867812, -0.03514857063232809, 0.11025825457832268, 97981000000, 
0.5425570928731519, -0.0290579021280916, 0.10932392989143415, 98049000000, 
0.5373929727080202, -0.028781397595869878, 0.10839849717119689, 98151000000, 
0.5322780160502855, -0.0342635894095548, 0.10748187210876384, 98253000000, 
0.5255337238233414, -0.039530829615596064, 0.10634698083877649, 98389000000, 
0.5222021899790701, -0.03358608690405126, 0.1053342619901798, 98457000000, 
0.7951520156016196, 0.8987276392609275, 0.12285919529360206, 98559000000, 
0.7930159038291555, 0.9027123795002848, 0.14069134062732302, 98661000000, 
0.7909192045281297, -0.014109370244966465, 0.15860580826392698, 98763000000, 
0.7888739624593208, -0.013806471232782336, 0.15818727138777375, 98865000000, 
0.7855037060271072, -0.018051661670075065, 0.15768645820097052, 98967000000, 
0.7823952284100402, -0.021595780164268923, 0.15711819312643124, 99069000000, 
0.7788513606518307, -0.022174484584254934, 0.15645001967259853, 99171000000, 
0.7749864385476498, -0.02469596620796784, 0.15574886850730138, 99273000000, 
0.7708711649856583, -0.026600652220574544, 0.1549805976123426, 99375000000, 
0.7665147065788591, -0.028239106562635657, 0.1541581540074778, 99477000000, 
0.7619270100488557, -0.029813849789342244, 0.15328752544089153, 99579000000, 
0.7571187527673997, -0.03131984603819804, 0.1523706979596743, 99681000000, 
0.7521023454362245, -0.03274888204210402, 0.15140987388349864, 99783000000, 
0.7468905000341957, -0.03409417577734682, 0.15040743988252134, 99885000000, 
0.7433139879785404, -0.029294524858946753, 0.1494871222299307, 99953000000, 
0.7378053602269645, -0.030283799357437118, 0.1485339898826467, 100055000000, 
0.7321358125466276, -0.03726058477304265, 0.14755034405014217, 100157000000, 
0.7263191026504935, -0.038287525254903455, 0.14641735169493905, 100259000000, 
0.7203772840297769, -0.03919509505616925, 0.14525547994845986, 100361000000, 
0.7143140263319707, -0.04001692106174256, 0.14406736086748273, 100463000000, 
0.7081475510615305, -0.04076577656082122, 0.14285592409488518, 100565000000, 
0.7018977520259876, -0.041387581019943775, 0.14162395529463256, 100667000000, 
0.6955901020334566, -0.04185816342691292, 0.14037569367473163, 100769000000, 
0.6892487005372414, -0.042163504962487254, 0.1391157703064457, 100871000000, 
0.6828939455182393, -0.0423205217173909, 0.13784884987259582, 100973000000, 
0.6765429168788397, -0.04235261219467231, 0.1365790375289547, 101075000000, 
0.6702092554491935, -0.042282300230152746, 0.13530974118975153, 101177000000, 
0.6639031929583257, -0.04213241306838015, 0.13404369101909058, 101279000000, 
0.6576329054119618, -0.041921166790772256, 0.1327830235879654, 101381000000, 
0.6534753142423335, -0.034759595719973856, 0.13166742750750807, 101449000000, 
0.6472776685892958, -0.034517456075553454, 0.13055905921623942, 101551000000, 
0.6411290725719725, -0.04115413890120342, 0.12945880369357346, 101653000000, 
0.6350320216677959, -0.04081882307166625, 0.12822925085527095, 101755000000, 
0.6289989664995363, -0.04043368690812047, 0.12701067071595365, 101857000000, 
0.6230131214021061, -0.04006300088563286, 0.12580294063796255, 101959000000, 
0.6170794770875202, -0.039731631373387165, 0.12460610433261084, 102061000000, 
0.6112002842856188, -0.03937612372162428, 0.12341952551834967, 102163000000, 
0.6053762818478166, -0.03901065079901215, 0.12224373621473036, 102265000000, 
0.5996074026208161, -0.038642938882675525, 0.12107893125028343, 102367000000, 
0.5938935493171532, -0.03827577510221114, 0.11992514891905239, 102469000000, 
0.5882343688918175, -0.03791011242999557, 0.11878235472198578, 102571000000, 
0.5826294127915089, -0.03754712175214762, 0.1176504887333653, 102673000000, 
0.5770782380049944, -0.037187102956077, 0.11652946797922137, 102775000000, 
0.5715803415431256, -0.03683023749461093, 0.11541919948930861, 102877000000, 
0.5661352526675708, -0.036476617791411835, 0.11431958881437938, 102979000000, 
0.5625342009460308, -0.03015380199031618, 0.11334998634378181, 103047000000, 
0.557175974706666, -0.029864259869682625, 0.11238969522135119, 103149000000, 
0.551869191964362, -0.03555002993889592, 0.11143862450780392, 103251000000, 
0.5466132846712504, -0.035208966784718854, 0.11037723008948523, 103353000000, 
0.5414167271731186, -0.03484154930414466, 0.10932661358724872, 103455000000, 
0.5362643567930603, -0.034496426260633616, 0.10828629124249528, 103557000000, 
0.531158870189808, -0.03419285661103536, 0.10725599694373246, 103659000000, 
0.52610145568577, -0.03387633702430078, 0.10623497884457589, 103761000000, 
0.5210923617818134, -0.033555028026648705, 0.10522351251049275, 103863000000, 
0.5161310335778638, -0.0332347403596874, 0.10422165673636315, 103965000000, 
0.5112171387767284, -0.03291741001695011, 0.10322936894242704, 104067000000, 
0.5063501745504654, -0.03260286342466149, 0.10224655646033719, 104169000000, 
0.5015296899544897, -0.03229149607412903, 0.10127313355211222, 104271000000, 
0.4967551609065344, -0.03198337881310335, 0.1003090016940993, 104373000000, 
0.49202620682316645, -0.0316782771044107, 0.09935407051227936, 104475000000, 
0.48889865328634974, -0.026188358733948796, 0.09851200140107004, 104543000000, 
0.48424461398302415, -0.02593864280047431, 0.09767796493950269, 104645000000, 
0.47810824943823776, -0.03596801282703991, 0.09675010111384078, 104781000000, 
0.47506929782820506, -0.030584387182730304, 0.09582814408329779, 104849000000, 
0.4705437342283127, -0.025215050699750236, 0.09491475209965036, 104951000000, 
0.4660539103836231, -0.030051291481939895, 0.09411112949600939, 105053000000, 
0.4616080535180328, -0.02978560236759964, 0.09321371320866456, 105155000000, 
0.4572185926823152, -0.0294510590043597, 0.0923253704389314, 105257000000, 
0.45286843089924067, -0.02913207539597377, 0.09144633847330592, 105359000000, 
0.44855834155408886, -0.02886750376075442, 0.09057635767570965, 105461000000, 
0.44428872819567783, -0.028599009011876137, 0.08971436670993382, 105563000000, 
0.440059813418983, -0.028328427117019588, 0.08886045887791665, 105665000000, 
0.43587111718747024, -0.028058703360691977, 0.08801464392014208, 105767000000, 
0.43172235847311535, -0.027791516486225427, 0.0871768859386379, 105869000000, 
0.4276130745561973, -0.02752680877090981, 0.08634710334778553, 105971000000, 
0.4235429031334964, -0.027264851132063155, 0.08552522241085392, 106073000000, 
0.41951149101629587, -0.027005278466338083, 0.0847111645803993, 106175000000, 
0.4168452094286032, -0.022325645682977346, 0.08399330690522637, 106243000000, 
0.4128775707232567, -0.02211306764346388, 0.08328228474454373, 106345000000, 
0.4089476940322473, -0.02632505132118638, 0.0825780316122738, 106447000000, 
0.4050552197049837, -0.02607450339424333, 0.08179203229736584, 106549000000, 
0.40120639125786284, -0.025804342581281503, 0.0810139536663396, 106651000000, 
0.3973901300431478, -0.02555029887278626, 0.08024344940039962, 106753000000, 
0.3936083796984296, -0.025326705198110793, 0.07948032673329601, 106855000000, 
0.38986204555029147, -0.025093614976187856, 0.07872403701945793, 106957000000, 
0.3861513400100671, -0.024856798961208255, 0.07797478435058587, 107059000000, 
0.38247590766123285, -0.024620459630195397, 0.07723261954810609, 107161000000, 
0.3788354086032922, -0.02438643802258315, 0.07649751041830614, 107263000000, 
0.3752295901175973, -0.024154391812118425, 0.07576939375880816, 107365000000, 
0.37165812655866426, -0.023924273482093066, 0.07504820835197024, 107467000000, 
0.3681206378424495, -0.023696507583825983, 0.0743338903012474, 107569000000, 
0.3646167778910524, -0.02347116222537286, 0.0736263694861444, 107671000000, 
0.3611462770917062, -0.02324786916914438, 0.07292557952168055, 107773000000, 
0.3588510433424804, -0.019219115161906625, 0.07230760655501593, 107841000000, 
0.35543546623482775, -0.01903603618959489, 0.07169551911126762, 107943000000, 
0.3520523215584471, -0.022662405946777636, 0.07108925540905035, 108045000000, 
0.34870144715880375, -0.022446730253413334, 0.0704126156634719, 108147000000, 
0.3453800531837171, -0.022240894582433352, 0.06974225479339786, 108249000000, 
0.34209472631254045, -0.02202240282087764, 0.06907841511033742, 108351000000, 
0.3388391435669297, -0.021803032055958127, 0.06842092820421249, 108453000000, 
0.3356140368304383, -0.02160229827367392, 0.06776986044732722, 108555000000, 
3.4501486849996224, 10.371031804775642, 0.27497345769313264, 108657000000, 
3.452031847255136, 10.388059368082326, 0.4825196379390131, 108759000000, 
3.4538989187901907, 0.012500779301894601, 0.69040529673633, 108861000000, 
3.455749989581831, 0.012393807755649947, 0.6907787170418105, 108963000000, 
3.461168936648184, 0.024233392859978053, 0.6913878563346804, 109065000000, 
3.473420454883945, 0.05890155100704675, 0.692689292074264, 109167000000, 
3.4907110568853033, 0.09847373412373035, 0.6950200298944955, 109269000000, 
3.5107565346259775, 0.12445359914010783, 0.6983258697596817, 109371000000, 
3.523662877522049, 0.10983940212248615, 0.701675364602222, 109439000000, 
3.5421227080784314, 0.10455391150817987, 0.7051028080150972, 109541000000, 
3.5595068020658283, 0.11947974847926386, 0.7083528258444205, 109643000000, 
3.5757972034918994, 0.11224831804489337, 0.7118284475757439, 109745000000, 
3.590983826312008, 0.1049234141539331, 0.7150858554579824, 109847000000, 
3.605007447654858, 0.09736748054319566, 0.7181192318305843, 109949000000, 
3.617837762051161, 0.08951311913050948, 0.7209219357345352, 110051000000, 
3.629442952779777, 0.08145168374972922, 0.723485877499053, 110153000000, 
3.639790302923652, 0.07317513624163663, 0.7258047345169726, 110255000000, 
3.648852061709572, 0.06469702976598324, 0.7278723544942001, 110357000000, 
3.656602492363366, 0.05604063146571322, 0.7296829904664394, 110459000000, 
3.663017658792621, 0.04721865694349662, 0.7312314808577038, 110561000000, 
3.6680790558296854, 0.03825521155439807, 0.7325132804657115, 110663000000, 
3.671721943631366, 0.029014282795817675, 0.7335212438835782, 110765000000, 
3.673332672305452, 0.01751205491922203, 0.7342089114511002, 110833000000, 
3.6745405234397355, 0.009395266027897678, 0.7346396759584369, 110935000000, 
3.674277614342248, 0.0031498067893206048, 0.734810054005829, 111037000000, 
3.672542366598266, -0.006660522804898446, 0.7347573669586833, 111139000000, 
3.6693579697919874, -0.016398815167536124, 0.7344118633821668, 111241000000, 
3.664773762420992, -0.025895347257579953, 0.7337782732540831, 111343000000, 
3.6587983939330107, -0.035198586196589034, 0.7328620084097326, 111445000000, 
3.6514426356245018, -0.04443708932163393, 0.7316676527985669, 111547000000, 
3.642720206743663, -0.05359395729782612, 0.7301974157534116, 111649000000, 
3.6326491757661405, -0.06264486619453742, 0.728454134542287, 111751000000, 
3.6212529662638033, -0.07155746826619828, 0.7264414899182404, 111853000000, 
3.608558491318014, -0.08030228149375447, 0.7241640422231972, 111955000000, 
3.594597688118528, -0.0888509271509171, 0.721627276380023, 112057000000, 
3.593686575319351, -0.04957305332887666, 0.7197895169837262, 112159000000, 
3.594417112108481, -0.0006019200334902072, 0.7188467583697573, 112261000000, 
3.5927298682008755, -0.0031890237282524345, 0.7187222370419137, 112329000000, 
3.5903278044176603, -0.013631025636069438, 0.7184983189818012, 112431000000, 
3.5847680796984585, -0.02653929500805674, 0.7178550501544663, 112533000000, 
3.5783027960033493, -0.040083361381036596, 0.7168932453412978, 112635000000, 
3.5836278904264818, -0.0038006309065889234, 0.7164465844085527, 112737000000, 
3.5901593445030917, 0.039521828332474605, 0.7168060020621948, 112839000000, 
3.5966616524683173, 0.043445873472784946, 0.718029925826526, 112941000000, 
3.6031543946993576, 0.043316833987553004, 0.7193316927780511, 113043000000, 
3.6096628863779485, 0.043337446365437536, 0.7206319289030415, 113145000000, 
3.6161853056084006, 0.04343636969680986, 0.7219335057790471, 113247000000, 
3.6226913191696313, 0.043428109305609176, 0.7232359674103986, 113349000000, 
3.628808314041085, 0.0420766947756146, 0.7245123292546078, 113451000000, 
3.6335461612398743, 0.03618280690081003, 0.7256697196300393, 113553000000, 
3.6402445603755944, 0.03812082111503153, 0.7268399357104369, 113655000000, 
3.639484138444121, 0.019793257347489046, 0.727551657337306, 113757000000, 
3.6388736775096007, -0.004569609553312463, 0.727906825088621, 113825000000, 
3.6370697314618297, -0.008048023274304464, 0.7276951698277034, 113927000000, 
3.6382885106059235, -0.00195055634559053, 0.7276154613051569, 114029000000, 
3.6351016735025983, -0.006560193197437947, 0.7273639943713568, 114131000000, 
3.6257977573552744, -0.04163584416883026, 0.7266125294309197, 114233000000, 
3.61783895253332, -0.05754240323092722, 0.7252492255594128, 114335000000, 
3.6075168764306698, -0.060936269748682236, 0.7234102390879509, 114437000000, 
3.5968492842474187, -0.06996556095300477, 0.7214803408807605, 114539000000, 
3.5864108349928, -0.0703534714595655, 0.719385133044726, 114641000000, 
3.57632324646236, -0.06842012595019487, 0.7173055577135052, 114743000000, 
3.566657874064057, -0.06584320309581078, 0.7152927970346145, 114845000000, 
3.5574297564080166, -0.06297830018114532, 0.7133607251289623, 114947000000, 
3.5486303277198887, -0.060091821147227144, 0.7115145305461309, 115049000000, 
3.5402366465080037, -0.05731036633337627, 0.7097531153757274, 115151000000, 
3.5322055769540857, -0.054749169219343585, 0.7080715034121319, 115253000000, 
3.5244902847202098, -0.052487872625979946, 0.7064621672121533, 115355000000, 
3.5194983589465783, -0.04235739335835801, 0.7050796147080582, 115423000000, 
3.512201836620345, -0.04096149366621541, 0.7037460320191422, 115525000000, 
3.505103764296355, -0.047981982167410266, 0.7024535973242185, 115627000000, 
3.4981744627481812, -0.04675791290721302, 0.7010320042443254, 115729000000, 
3.4913912019056887, -0.04570854130222143, 0.6996446285966816, 115831000000, 
3.484761027523292, -0.0447114507496312, 0.6982884461451441, 115933000000, 
3.4783136835763555, -0.04359172776444412, 0.6969643942003557, 116035000000, 
3.4721008694144357, -0.04220052702952041, 0.6956783720342723, 116137000000, 
3.4662191322794698, -0.040315170989619155, 0.694442245684684, 116239000000, 
3.460811725830752, -0.03763047861227905, 0.6932754485016439, 116341000000, 
3.456071555233889, -0.03382525681860186, 0.692206827556274, 116443000000, 
3.4522527396859415, -0.028529953816035142, 0.6912757347167056, 116545000000, 
3.4526102215342243, -0.01153777899888316, 0.6907289677636037, 116647000000, 
3.4594831216691286, 0.024101273277290503, 0.6909564055259529, 116749000000, 
3.466340505136303, 0.04576761200692984, 0.6918955898893103, 116851000000, 
3.4732333447928987, 0.045834077079233516, 0.6932704647732221, 116953000000, 
3.467026084523087, 0.0022852646226123596, 0.6937733289634859, 117055000000, 
3.458441318216912, -0.04930675525328887, 0.6932467165021932, 117123000000, 
3.4463676770231118, -0.06886135833325054, 0.6914556719842073, 117225000000, 
3.4353808305713827, -0.07686829215176456, 0.6893459883874271, 117327000000, 
3.4256424061088784, -0.06908423638077792, 0.6871593942468914, 117429000000, 
3.417314138845978, -0.06022230575134883, 0.6852224917017492, 117531000000, 
3.410526416814677, -0.050386630980671455, 0.6835655307846356, 117633000000, 
3.4053954512848508, -0.0397289585370908, 0.6822157337963671, 117735000000, 
3.402041061922174, -0.02828451630834265, 0.6811975286681135, 117837000000, 
3.400583052803196, -0.016041328272182003, 0.6805346377340147, 117939000000, 
3.4011473878777685, -0.002978913481352189, 0.6802514335068759, 118041000000, 
3.403873562509149, 0.01096836568650931, 0.6803736002126742, 118143000000, 
3.4089120456538464, 0.02588219258692644, 0.6809288664027177, 118245000000, 
3.416426151599839, 0.04184196363563301, 0.6819474506508556, 118347000000, 
3.426574565888425, 0.05887506744859531, 0.6834608508761407, 118449000000, 
3.439492152136501, 0.076886668455541, 0.685499524641651, 118551000000, 
3.449676982518867, 0.07700805543480627, 0.6877162467029195, 118619000000, 
3.467230013478226, 0.09245953780574911, 0.6904266098755729, 118721000000, 
3.4871228431329433, 0.12481953538025466, 0.6936019892753358, 118823000000, 
3.5084010187108094, 0.1372366841086118, 0.6975169250214653, 118925000000, 
3.529568398529206, 0.14148518465420867, 0.7016728173581972, 119027000000, 
3.5485643938086073, 0.1338779169926596, 0.7057689207365748, 119129000000, 
3.5620333475556225, 0.10821649675472204, 0.7093444093262291, 119231000000, 
3.5583708097967914, 0.03268805329394701, 0.7112645700774015, 119333000000, 
3.554845335708041, -0.023960039491937774, 0.7116832995373636, 119435000000, 
3.5515431551857524, -0.022758848703463563, 0.7109839533793724, 119537000000, 
3.5485289554680453, -0.021054600799986407, 0.7103278297574559, 119639000000, 
3.5562755794484344, 0.01577474754227352, 0.7104231793401489, 119741000000, 
3.5607658202827404, 0.04078954938231701, 0.711038023679948, 119843000000, 
3.564883381356625, 0.02869267302730183, 0.7121283187391866, 119945000000, 
3.563943372920268, 0.010591842125092418, 0.7126395049706422, 120047000000, 
3.563206482906855, -0.0055896614992330855, 0.7128022158122499, 120149000000, 
3.5628485637211478, -0.003649363997067686, 0.712666561303218, 120217000000, 
3.562481284995319, -0.002417326371787117, 0.7125690887748881, 120319000000, 
3.5686102976743093, 0.019205779843871618, 0.7129293430927184, 120421000000, 
3.5860236300966397, 0.07847448367106935, 0.7144743475177511, 120523000000, 
3.6019600946099897, 0.11116598978560137, 0.7171062681587291, 120625000000, 
3.6154637724188508, 0.09813380774070346, 0.7202298331416987, 120727000000, 
3.6126060694474242, 0.03548658279144856, 0.7220019957650843, 120829000000, 
3.6010755749930055, -0.047960658086150985, 0.7219430277906187, 120931000000, 
3.595386691800329, -0.05739792549031749, 0.7206045557493839, 121033000000, 
3.5921884878257844, -0.029623623890736955, 0.7192433836412746, 121135000000, 
3.5909951515983605, -0.014638467339895081, 0.7185713554149649, 121237000000, 
3.591633242373366, -0.001850818174727505, 0.7183211254531674, 121339000000, 
3.5940139170669188, 0.010062551561860941, 0.7184428207359097, 121441000000, 
3.5980388348335888, 0.021351974867408845, 0.7189123996182583, 121543000000, 
3.6044231529052064, 0.03469745279429226, 0.7197650603203809, 121645000000, 
3.610535877671934, 0.041656809461150246, 0.7208665243607153, 121713000000, 
3.622597012507107, 0.06057953200633589, 0.7225037362056166, 121815000000, 
3.637647572645217, 0.09037231657761009, 0.7247186975216171, 121917000000, 
3.656557689694136, 0.11320225729009555, 0.7277868183230973, 122019000000, 
3.6790617702528823, 0.13804732535888467, 0.7315511355061489, 122121000000, 
3.705415439910291, 0.1628591673871845, 0.7360689933238207, 122223000000, 
3.735340774556362, 0.1875966810115992, 0.7413211989813023, 122325000000, 
3.768189385441006, 0.20924648510238195, 0.7472630399938438, 122427000000, 
3.803120793121597, 0.22593339521745026, 0.753776730207931, 122529000000, 
3.839319027622717, 0.2370988072723712, 0.760708613745688, 122631000000, 
3.8532641393540334, 0.1671444874414544, 0.7663802640065566, 122733000000, 
3.8558574266453807, 0.05512799674221173, 0.7698960395748088, 122835000000, 
3.861235131651596, 0.02656997432520865, 0.771357113176734, 122937000000, 
3.8631941258479343, 0.02445566400851214, 0.7720191122763274, 123039000000, 
3.8669940242421927, 0.019196308635322328, 0.7727615521161149, 123141000000, 
3.870557794187674, 0.024545561132465938, 0.7733830629518533, 123243000000, 
3.8689542916459834, 0.006534224679302092, 0.7737670740050566, 123345000000, 
3.863445571705362, -0.023707408274373048, 0.7735305105026014, 123413000000, 
3.8469777587669447, -0.07325510959679556, 0.7719585081412194, 123515000000, 
3.8239029028322147, -0.131808896243825, 0.7689550822203015, 123617000000, 
3.7961360197458527, -0.16947246340364006, 0.7644677787563341, 123719000000, 
3.7655527384406957, -0.1945005479717299, 0.7590394440679176, 123821000000, 
3.7329890308537275, -0.21048996297375075, 0.7529785192693517, 123923000000, 
3.6944824345471394, -0.23690101297852095, 0.7462016135894376, 124025000000, 
3.651959681057909, -0.2700978326527285, 0.7386287430972517, 124127000000, 
3.607463537134737, -0.290062991374674, 0.7302603768493191, 124229000000, 
3.5612317971154153, -0.30242627980831216, 0.7213770010205374, 124331000000, 
3.5149313999183756, -0.30844045738787224, 0.7122417822779018, 124433000000, 
3.4846906507724364, -0.2551371544765961, 0.7040569231870819, 124501000000, 
3.4393528602280097, -0.2519284656345529, 0.6959316607279215, 124603000000, 
3.3942482241479537, -0.30147475541494256, 0.68788611567656, 124705000000, 
3.3514414724557966, -0.29303795924071024, 0.6790028371221174, 124807000000, 
3.313448214919006, -0.2693333640964927, 0.6706091941015171, 124909000000, 
3.2789214397362074, -0.2417334423986306, 0.6629207418074007, 125011000000, 
3.2746218514624514, -0.12942121152184813, 0.6577994337411776, 125113000000, 
3.2754246062423147, -0.011656111646309123, 0.6552645264960649, 125215000000, 
3.265935135619123, -0.02895571947776195, 0.6543987728882593, 125317000000, 
3.2559391547901706, -0.06495150484048029, 0.6531532597767739, 125419000000, 
3.2509517149401543, -0.04994473559656173, 0.6515217336899631, 125487000000, 
3.246016877467475, -0.0330742577423182, 0.6501938498131867, 125589000000, 
3.2422317910246323, -0.02906641305174003, 0.6492800255621508, 125691000000, 
3.235787517264408, -0.03409786734355732, 0.6482690790504344, 125793000000, 
3.221765544027927, -0.06822082332235062, 0.6466523234877978, 125895000000, 
3.2025492051269717, -0.11079437379145407, 0.6440068177612872, 125997000000, 
3.1796627312878445, -0.14034270913360883, 0.6402651653628496, 126099000000, 
3.1546049243008074, -0.1598142694205477, 0.6357877907143749, 126201000000, 
3.1286462754946456, -0.17005485264399636, 0.6308609287388866, 126303000000, 
3.09830274845082, -0.18767391949995846, 0.6254369298830849, 126405000000, 
3.0640021516488942, -0.21548041281917119, 0.619396745039624, 126507000000, 
3.027688472416333, -0.23538092011495593, 0.6126662248344031, 126609000000, 
2.9869603090910837, -0.2568061418593685, 0.6052433955437541, 126711000000, 
2.9448965162942446, -0.27597318707362817, 0.597303019853444, 126813000000, 
2.904071792822186, -0.2762950542296583, 0.589061907880501, 126915000000, 
2.864911379544723, -0.2666171224984056, 0.5809253125774103, 127017000000, 
2.8246285872912864, -0.26481068510299927, 0.5729074506438797, 127119000000, 
2.7982162127048795, -0.22231722279947816, 0.5658504119693926, 127187000000, 
2.7608603359749964, -0.21256083772096682, 0.5589136757314108, 127289000000, 
2.7280409490927413, -0.23391754537379406, 0.5524744998515078, 127391000000, 
2.702807702059024, -0.19350877971990718, 0.5461139324751175, 127493000000, 
2.6783057798777636, -0.1657838973832589, 0.5406102954019686, 127595000000, 
2.6426591053044888, -0.20049532251511812, 0.5349181724827518, 127697000000, 
2.626267397737487, -0.1734612738009226, 0.5298154855279826, 127799000000, 
2.616029491275893, -0.0887653800953192, 0.5256637329545246, 127901000000, 
2.6061002714718082, -0.06722375421892875, 0.5232264773656792, 128003000000, 
2.5985475612824707, -0.058273099978074505, 0.521378488268678, 128105000000, 
2.5941236790955964, -0.03992197458737282, 0.5199181007899917, 128207000000, 
2.5892369283903713, -0.031035442973664413, 0.5187938779178959, 128309000000, 
2.5788236190329106, -0.051000200208952684, 0.5174789484345919, 128411000000, 
2.565550453527686, -0.0789549162089509, 0.5155740667300646, 128513000000, 
2.5505900894318208, -0.09411176533696608, 0.5129976107994945, 128615000000, 
2.53505212192424, -0.10166110534482058, 0.5100795109922498, 128717000000, 
2.5248906877694752, -0.08566467220781841, 0.5073688599417023, 128785000000, 
2.509139240791552, -0.08637627044229361, 0.5046054700323511, 128887000000, 
2.4890936146399953, -0.11932357709826628, 0.5015415695467349, 128989000000, 
2.4678002200916684, -0.13779673566627793, 0.4977355383682144, 129091000000, 
2.4403961024826892, -0.1623250405243537, 0.49315266248095685, 129193000000, 
2.4117753624712193, -0.18674952540149725, 0.48799811233637175, 129295000000, 
2.38392795022271, -0.1882271741999301, 0.4824066276784412, 129397000000, 
2.3577870330493726, -0.17996109807282204, 0.4768993563828868, 129499000000, 
2.3329683359156377, -0.16986538102357507, 0.4716455546125147, 129601000000, 
2.305734307855814, -0.17350908397852915, 0.4664326451213883, 129703000000, 
2.281272935414094, -0.17231800167181177, 0.4613317052790364, 129805000000, 
2.260147634243881, -0.1519555787064434, 0.4564769918342526, 129907000000, 
2.2430951779909836, -0.1272591914103686, 0.4523010498432639, 130009000000, 
2.2300011679392107, -0.10048822101556738, 0.448882932011605, 130111000000, 
2.2204337749813075, -0.07553801003225373, 0.44623534139410015, 130213000000, 
2.2155747287779386, -0.04808813053757355, 0.4444006447798971, 130315000000, 
2.2111777865103948, -0.0308532949030423, 0.44314575268464274, 130383000000, 
2.2024311480004597, -0.04381193592492968, 0.4419455775525862, 130485000000, 
2.1958529235954956, -0.051082876382997355, 0.4406307905404233, 130587000000, 
2.1917429781692097, -0.035627232770833274, 0.43933513665101104, 130689000000, 
2.190254167240442, -0.018662521183512304, 0.4385233379336764, 130791000000, 
2.1913750967333883, -0.0012262714527381628, 0.4382248161428693, 130893000000, 
2.1908519638827193, 0.001992655474258124, 0.4381654151904366, 130995000000, 
2.1861635904156245, -0.01737168772587931, 0.43789271006878216, 131097000000, 
2.1819503726524605, -0.029671970767529327, 0.43726439513005366, 131199000000, 
2.1806961534897598, -0.01822478975288237, 0.43658734110385633, 131301000000, 
2.1903104949399825, 0.027867074291740106, 0.4368638014054802, 131403000000, 
2.201173400970016, 0.06825749160085455, 0.43814533662665056, 131505000000, 
2.213461671732991, 0.07717058931002867, 0.4403297045095326, 131607000000, 
2.1936290686482174, -0.025147774405995804, 0.4405509427567483, 131709000000, 
2.1813649507000057, -0.10698907010995147, 0.4392303794054143, 131811000000, 
2.1722818125271726, -0.07115752040348274, 0.43648505545835975, 131879000000, 
2.160267100971683, -0.07032616576107505, 0.43426092427992413, 131981000000, 
2.150680536154344, -0.07200425457609534, 0.43221529664354663, 132083000000, 
2.1438776388723495, -0.05463154033111225, 0.43032168506655843, 132185000000, 
2.139960999867879, -0.03573178762154979, 0.42896794499297153, 132287000000, 
2.137864995587636, -0.020042144282378754, 0.4281135756218576, 132389000000, 
2.1361765236890258, -0.01261492059617749, 0.42760016794296934, 132491000000, 
2.136788426371248, -0.003588564054625524, 0.427388663043194, 132593000000, 
2.140383969320276, 0.014024818770833983, 0.42755659462536993, 132695000000, 
2.144735378026966, 0.026489838852392644, 0.42812718491456603, 132797000000, 
2.1496069428458053, 0.030743245085097886, 0.42898175267953653, 132899000000, 
2.157508662514327, 0.04257761495786975, 0.4301233988924732, 133001000000, 
2.1680262058056714, 0.06139754319955356, 0.4316761207443869, 133103000000, 
2.1778681017906565, 0.06786479758776516, 0.43356019800737694, 133205000000, 
2.1828784218586446, 0.04950738684324385, 0.4352515152969982, 133307000000, 
2.189652614810592, 0.03928171006645146, 0.4366932758973262, 133409000000, 
2.1949617323300856, 0.040277701571470224, 0.43783285126662147, 133477000000, 
2.203763672884723, 0.04703686024710348, 0.4392252013350267, 133579000000, 
2.213027751363938, 0.0602200634461747, 0.4407835437719164, 133681000000, 
2.221181681298836, 0.05806002804704372, 0.4425315403698331, 133783000000, 
2.221034674668413, 0.026689744348250184, 0.4436829404887458, 133885000000, 
2.2218563642093265, 0.0022489430349681427, 0.44427151467843834, 133987000000, 
2.2366940884837456, 0.05219804605110845, 0.44530567515743236, 134089000000, 
2.255213845769508, 0.1111916052006053, 0.447584286564172, 134191000000, 
2.2756909373465146, 0.12998949620922998, 0.4511732581066512, 134293000000, 
2.2974376381581236, 0.14074597462871838, 0.45522282808494313, 134395000000, 
2.3170732142912476, 0.13794092314910986, 0.4593467859863924, 134497000000, 
2.326014740867564, 0.09525700903146787, 0.46270170622112894, 134599000000, 
2.329442357421894, 0.04123047710215507, 0.4648353541720471, 134701000000, 
2.335857788000503, 0.032810157109796435, 0.4660876590859974, 134803000000, 
2.3409746256607984, 0.03844089412968099, 0.46708498473887966, 134905000000, 
2.349293420892618, 0.04478544297371675, 0.4684083889702613, 135007000000, 
2.3563625777956556, 0.051293173782857394, 0.4697753749566048, 135075000000, 
2.3688543206825083, 0.06520299929963465, 0.4716340212913855, 135177000000, 
2.3829317928112785, 0.08856405005207642, 0.47387657941929623, 135279000000, 
2.397918027275573, 0.09687902197688263, 0.4766469427179574, 135381000000, 
2.4142837830934436, 0.10450663427388356, 0.479675573545353, 135483000000, 
2.4326303431007057, 0.11570771941710856, 0.4829888102313148, 135585000000, 
2.4528872417785914, 0.12867819561715935, 0.48665342453151605, 135687000000, 
2.4712839292982296, 0.1288452873250797, 0.49045343427850174, 135789000000, 
2.4904132525538634, 0.12508670258423985, 0.49430562824204566, 135891000000, 
2.510790956271244, 0.13169008991004816, 0.49816587587488914, 135993000000, 
2.5318538562984365, 0.1381353458152438, 0.5022038710082363, 136095000000, 
2.550763617714992, 0.13324220481249296, 0.5062272286856448, 136197000000, 
2.5644861256617544, 0.10877423121105956, 0.5098069066450122, 136299000000, 
2.5789089812304127, 0.0938178783847358, 0.5129439149738106, 136401000000, 
2.5934957919195303, 0.09669888752591967, 0.5157927265874465, 136503000000, 
2.607611633787664, 0.09567550852417117, 0.5186677604625072, 136605000000, 
2.615158349471856, 0.07220852517441904, 0.5210843850119367, 136673000000, 
2.61928960159447, 0.03892655935601989, 0.5228039723235993, 136775000000, 
2.62379211444736, 0.028779216585013145, 0.5238826710342457, 136877000000, 
2.631895301348008, 0.042018999178459936, 0.5249984678259892, 136979000000, 
2.6544400967951316, 0.10215994115923888, 0.5273418341727, 137081000000, 
2.6786989048633454, 0.15601201171779136, 0.5310022868670989, 137183000000, 
2.7041695966564956, 0.16576499953787996, 0.5358205732209982, 137285000000, 
2.7299712005072414, 0.17090765214632006, 0.5408559801351388, 137387000000, 
2.7548579907148127, 0.16896131352772384, 0.5459332525252366, 137489000000, 
2.777658910675978, 0.1589590338957884, 0.5508325401265355, 137591000000, 
2.7878375571480953, 0.10993188811094197, 0.5546902972359258, 137693000000, 
2.79773437027109, 0.06691819865037345, 0.5575487225396775, 137795000000, 
2.8109868271725498, 0.07716423341484813, 0.5597705836394489, 137897000000, 
2.8256865736010943, 0.09317401110001455, 0.5622938514029823, 137999000000, 
2.841907909548483, 0.10307027458644462, 0.5652387540214752, 138101000000, 
2.8606418440886334, 0.116517568291797, 0.5685490884825474, 138203000000, 
2.8742586991469024, 0.10783596532806398, 0.5717872301856012, 138271000000, 
2.895916115164154, 0.11758090358506834, 0.575387777226646, 138373000000, 
2.9178440952635167, 0.14528465372204794, 0.5792012606383049, 138475000000, 
2.9393117066353533, 0.14465197157066476, 0.5835381278042016, 138577000000, 
2.9626123520682333, 0.1492275226823884, 0.5879845435978069, 138679000000, 
2.9876508798141534, 0.161130577262667, 0.592638329234516, 138781000000, 
3.013953068543021, 0.17113572158262555, 0.5976144200283605, 138883000000, 
3.0410657586362833, 0.17804959607376603, 0.6028446471328972, 138985000000, 
3.0684989442555266, 0.1818195857083523, 0.6082345180956553, 139087000000, 
3.096099436050009, 0.1834455913790863, 0.6137109425961212, 139189000000, 
3.1233352779241366, 0.18278777889536654, 0.6191955772153115, 139291000000, 
3.149393016495601, 0.17764526815197357, 0.6245885153646498, 139393000000, 
3.1720116029143814, 0.1622544166341496, 0.6296493264889412, 139495000000, 
3.1886471794642333, 0.13084720989544016, 0.634003453258281, 139597000000, 
3.2002481007007053, 0.09412165928774623, 0.6373937922052879, 139699000000, 
3.2125952616065265, 0.0798269404743109, 0.640099369451431, 139801000000, 
3.2209792502076757, 0.06910383168990138, 0.6422548408343273, 139869000000, 
3.2333722443301935, 0.06925660907889004, 0.644463117076293, 139971000000, 
3.2449822554411476, 0.08001001744490625, 0.6466222499986011, 140073000000, 
3.2550923398039404, 0.0724003182458229, 0.6488964559716854, 140175000000, 
3.2849151630056936, 0.13310969188182012, 0.6523326505500522, 140277000000, 
3.317014732245543, 0.20640797480534268, 0.6571348156703452, 140379000000, 
3.3491319289633723, 0.21405588652559557, 0.6634041216143073, 140481000000, 
3.3807338689831496, 0.2123971224586881, 0.6697920353461377, 140583000000, 
3.4115954439041736, 0.20821171646933756, 0.6760974161233797, 140685000000, 
3.441695117539534, 0.20320416185461396, 0.6822682953617905, 140787000000, 
3.4712552859841086, 0.19886614026645008, 0.6883030564951877, 140889000000, 
3.4856640420636444, 0.14656308174703536, 0.6932409630391524, 140991000000, 
3.4945773573974424, 0.07774023804444585, 0.6967664456963464, 141093000000, 
3.506583661979441, 0.06973206638598868, 0.6991216707627018, 141195000000, 
3.5221976059322264, 0.09206749511594688, 0.7015572416872741, 141297000000, 
3.5410008059522693, 0.11472381324276082, 0.7046521382575958, 141399000000, 
3.554851129795929, 0.10884507954567486, 0.7078699694453616, 141467000000, 
3.5771437241830992, 0.12047639410276645, 0.7115330439954198, 141569000000, 
3.60091624338943, 0.15355037864500432, 0.7155274064912305, 141671000000, 
3.6259968552238693, 0.16284377013590015, 0.7202704548530933, 141773000000, 
3.6524950097981996, 0.17192922136256486, 0.7252938738940999, 141875000000, 
3.680649156601936, 0.18217433792688956, 0.7306094014416002, 141977000000, 
3.7085380164216954, 0.1868100220783194, 0.7361121455214553, 142079000000, 
3.72644538202419, 0.1526540847408464, 0.7410421703365214, 142147000000, 
3.7528795351647033, 0.1478050624766928, 0.7458575289073726, 142249000000, 
3.7790861805996547, 0.1754693285848822, 0.75056073985257, 142351000000, 
3.8051201396962515, 0.17413534843849407, 0.755805723697374, 142453000000, 
3.8308523871198785, 0.1725540217340793, 0.7610039138277189, 142555000000, 
3.855208592764184, 0.16696151022644212, 0.7660787413053542, 142657000000, 
3.877280563527596, 0.15476058802572487, 0.770889436227444, 142759000000, 
3.8988691877291215, 0.14553531654979115, 0.7754238896013935, 142861000000, 
3.919450335710409, 0.14056590727604382, 0.779706672464475, 142963000000, 
3.938330497051361, 0.13153769774079857, 0.783776668032726, 143065000000, 
3.957178053735827, 0.12575906008472693, 0.7876639257665066, 143167000000, 
3.977562754966319, 0.13077419304985996, 0.7915380870502338, 143269000000, 
3.996997840169825, 0.1327326214466599, 0.7954492432581315, 143371000000, 
4.015021790215404, 0.12486345083028372, 0.7993054923567698, 143473000000, 
4.031112859911236, 0.11371673247136875, 0.8028754993530977, 143575000000, 
4.040460950792444, 0.084797201923467, 0.8057730400612721, 143643000000, 
4.065445765352005, 0.11444301813589834, 0.8091346384037124, 143745000000, 
4.107218954003275, 0.22252667736943602, 0.8142083780098484, 143847000000, 
4.148380005064758, 0.27644746570917533, 0.8214029816280025, 143949000000, 
4.188015672099314, 0.26932239365346317, 0.8295743087444897, 144051000000, 
4.2267934148835815, 0.261378032729412, 0.8375459394698436, 144153000000, 
4.240607961330587, 0.17530763077091116, 0.8436944698875655, 144255000000, 
4.247776640369303, 0.06994408495240616, 0.8476785344388982, 144357000000, 
4.254305895026259, 0.04565977898557172, 0.8495126997817434, 144459000000, 
4.259876251347955, 0.04033203659550585, 0.8507972524495677, 144561000000, 
4.263482032333128, 0.030587124356230195, 0.8518442785804895, 144663000000, 
4.271578185100328, 0.03900644584124239, 0.8529957645854275, 144765000000, 
4.285627860529918, 0.07381942732263447, 0.8547125385308917, 144867000000, 
4.302595815148266, 0.1033921001597952, 0.8573201240519007, 144969000000, 
4.321322364386456, 0.11898167952179091, 0.860636402670976, 145071000000, 
4.3409825366068535, 0.1279557381952904, 0.8643267144094384, 145173000000, 
4.3543296792683455, 0.11002438293963301, 0.8677756386841103, 145241000000, 
4.374478943145035, 0.11165468846060438, 0.8713194106013489, 145343000000, 
4.39467128365413, 0.13447201461928238, 0.8748986604045007, 145445000000, 
4.414953748681287, 0.13491601845417497, 0.8789402650320303, 145547000000, 
4.435534642543179, 0.13621119629683007, 0.8830106449919064, 145649000000, 
4.456680253974346, 0.1390883509768622, 0.8871445763465875, 145751000000, 
4.478366347571692, 0.14277235009504174, 0.8913720829392812, 145853000000, 
4.500032358394835, 0.14450701473496252, 0.8956719306627248, 145955000000, 
4.521069552781781, 0.14234401736696434, 0.8999645505832206, 146057000000, 
4.541125017868096, 0.13697553157753894, 0.9041484619363142, 146159000000, 
4.560056785733367, 0.12995744317195226, 0.9081500904255496, 146261000000, 
4.5777528465190676, 0.12209276216990379, 0.9119289766747021, 146363000000, 
4.594534109667359, 0.11492441311330796, 0.9154895827946529, 146465000000, 
4.607452351199787, 0.09899834893573119, 0.9186492871590808, 146533000000, 
4.6257972368304685, 0.10421042387703139, 0.9218522465131743, 146635000000, 
4.6428226875123055, 0.11790112104172874, 0.9250714850361706, 146737000000, 
4.658383142105089, 0.10861968424873562, 0.9284668710965241, 146839000000, 
4.672224201053723, 0.09800504513805801, 0.9315620020447412, 146941000000, 
4.683944492880141, 0.08520450258350465, 0.9343034557359302, 147043000000, 
4.692966568952119, 0.06914122632798818, 0.9366090175257322, 147145000000, 
4.703404150542345, 0.06486552554068048, 0.9386876808249736, 147247000000, 
4.727378780605277, 0.11470737217719258, 0.9415833000066494, 147349000000, 
4.774058671289717, 0.2355150691579085, 0.9469894401624893, 147451000000, 
4.824246051994915, 0.3228909046321249, 0.955045566925994, 147553000000, 
4.871946090229261, 0.3262913964651452, 0.9646833875675929, 147655000000, 
4.890165220617341, 0.21973056207475436, 0.9724238241894344, 147757000000, 
4.922641275472402, 0.16898395081046994, 0.9789835057546002, 147859000000, 
4.962677150045522, 0.24170643142727025, 0.9850322430756843, 147961000000, 
4.9865657347866135, 0.21308153104737215, 0.9914589440203023, 148063000000, 
4.9739582764641765, 0.037603754728848436, 0.9948800774197541, 148165000000, 
4.963637156133979, -0.07642859550878178, 0.9949440778256512, 148233000000, 
4.946550188391014, -0.09136029357720805, 0.9922763747326113, 148335000000, 
4.929091956823459, -0.11515066436839898, 0.9892852867565635, 148437000000, 
4.91299028207123, -0.11186635439928001, 0.9859088284857137, 148539000000, 
4.887086304784336, -0.1400188401304122, 0.9819445695786018, 148641000000, 
4.857406896997056, -0.18527795024724605, 0.9771655655901749, 148743000000, 
4.822768540108599, -0.21439254891912304, 0.971150782792666, 148845000000, 
4.780880555047372, -0.25508780649894663, 0.9640703994768686, 148947000000, 
4.742948412558864, -0.26606709183245, 0.9564398338476556, 149049000000, 
4.709852289371983, -0.23676088558463113, 0.948912083798548, 149151000000, 
4.6797137380613965, -0.21078224832489076, 0.9421676293328163, 149253000000, 
4.653717721164969, -0.18711522735671338, 0.9362189165732232, 149355000000, 
4.635273382146848, -0.14813451971516103, 0.9312469894248809, 149457000000, 
4.618986099053048, -0.11577207370640312, 0.9271984801576577, 149559000000, 
4.610177673324096, -0.08365236274250638, 0.9242958103015994, 149661000000, 
4.613438090290596, -0.018493362541507352, 0.9228401241778494, 149763000000, 
4.625704257818378, 0.051755281647605976, 0.9232880014288712, 149831000000, 
4.655556338668599, 0.14039416126000978, 0.9263132457851716, 149933000000, 
4.691990630661516, 0.2209545761437918, 0.9315500818098994, 150035000000, 
4.708118654931096, 0.17520772087499026, 0.9370443749507472, 150137000000, 
4.698021347191081, 0.020102388431884794, 0.9398753755189129, 150239000000, 
4.687438949090434, -0.06893235280220604, 0.9395719300808406, 150341000000, 
4.67744816238267, -0.06857728269470324, 0.9375272305776123, 150443000000, 
4.669054467948493, -0.061281603806468965, 0.9355961052947731, 150545000000, 
4.645814920019353, -0.10544414121105739, 0.9328211700233676, 150647000000, 
4.615037091626424, -0.18005792107356497, 0.9286604319729512, 150749000000, 
4.57680338322007, -0.23003845599760986, 0.9225103596577232, 150851000000, 
4.539171195479228, -0.25288632049065285, 0.9154007780217147, 150953000000, 
4.502526272113638, -0.24759037035477327, 0.9079000567208624, 151055000000, 
4.465918170221909, -0.24417675085773047, 0.9005077091876516, 151157000000, 
4.433456270312234, -0.23023333933801146, 0.893460047509852, 151259000000, 
4.414071806846994, -0.1728212112497148, 0.8875630831587424, 151327000000, 
4.387189654087783, -0.15422205408150388, 0.8823145154164675, 151429000000, 
4.363804110065546, -0.1675589892714946, 0.8776710380666883, 151531000000, 
4.346492469446835, -0.13565728213649506, 0.8731657489066775, 151633000000, 
4.337537596887613, -0.08755504392644238, 0.8698556117599997, 151735000000, 
4.3268704381922, -0.06540677084878155, 0.8673933669684432, 151837000000, 
4.314179175194955, -0.0778614056421952, 0.8652391473516512, 151939000000, 
4.336470613006462, 0.032000582714205215, 0.8651680150929077, 152041000000, 
4.365244634274631, 0.17021819693225324, 0.8677262948317366, 152143000000, 
4.378584079427649, 0.1403782214039584, 0.8720199551139163, 152245000000, 
4.372464447965247, 0.024066045635387685, 0.8744195441111685, 152347000000, 
4.367256552295173, -0.037758423774919926, 0.8745536719792047, 152449000000, 
4.363495583484825, -0.029896214934739263, 0.873547772249683, 152551000000, 
4.3585761385476705, -0.02893471249167649, 0.8726218849551779, 152653000000, 
4.336418887592633, -0.09025565297397324, 0.8705660406416752, 152755000000, 
4.3144221981017346, -0.14717980148645302, 0.867294481616136, 152857000000, 
4.294159128108914, -0.14086586494573025, 0.8630000142535521, 152959000000, 
4.27614669655535, -0.12758500515461493, 0.8589818681843998, 153027000000, 
4.244567803842584, -0.16530441422110206, 0.8543249085671231, 153129000000, 
4.214379276815197, -0.20589139913384477, 0.8490062518142086, 153231000000, 
4.187266350839162, -0.19100484334473755, 0.8430808954331295, 153333000000, 
4.158933532885137, -0.18481914643353173, 0.8373719440359665, 153435000000, 
4.130809715278723, -0.18818878520146556, 0.8318006399335348, 153537000000, 
4.1064515092206, -0.1749400788817912, 0.8264129838256306, 153639000000, 
4.084713844303585, -0.15365290325045855, 0.8214650045868604, 153741000000, 
4.066020959324771, -0.13476849965276352, 0.8171457541899303, 153843000000, 
4.052362518294705, -0.10783775336293229, 0.8135398214615375, 153945000000, 
4.045564964043741, -0.0681866509367642, 0.8109298961108812, 154047000000, 
4.045939055466993, -0.021411542759040003, 0.8095911025203627, 154149000000, 
4.049781464830325, 0.014055002621944368, 0.8094190322894039, 154217000000, 
4.047289398481367, 0.0045011433812458534, 0.8095339945852457, 154319000000, 
4.046105560168613, -0.012253015539040272, 0.809545094898687, 154421000000, 
4.043118592051161, -0.01390268810068799, 0.8091009033800761, 154523000000, 
4.042325991529612, -0.012598562130001767, 0.8087700095832924, 154625000000, 
4.043742108542105, 0.002078388303147586, 0.8086124461415253, 154727000000, 
4.047269076476129, 0.016476949821724318, 0.8088891451031898, 154829000000, 
4.051929388215905, 0.02729093224600021, 0.8095293715489427, 154931000000, 
4.040000665538494, -0.024228036458785834, 0.8092799420153685, 155033000000, 
4.0283279318185174, -0.07867152132462547, 0.8080171990381944, 155135000000, 
4.017898200080961, -0.0736748848584412, 0.8057484531625315, 155237000000, 
4.0095069925174185, -0.06273646433699653, 0.8037155416277931, 155339000000, 
4.003759123296435, -0.047130255948421386, 0.8020776210596543, 155441000000, 
3.991695978312925, -0.059370047348312006, 0.8003308062751185, 155543000000, 
3.975122154865416, -0.09545656143673013, 0.7980384837649851, 155645000000, 
3.9622535198319677, -0.09814152826985723, 0.7952714435340206, 155747000000, 
3.953763935589866, -0.0711940642518331, 0.7927426406858166, 155849000000, 
3.9503350119671046, -0.039728359549543825, 0.791090164492596, 155917000000, 
3.9416432767657534, -0.04040219608037502, 0.7897161482881816, 156019000000, 
3.936801952516693, -0.04511019816803833, 0.7885853494166367, 156121000000, 
3.9346557451844086, -0.02329177193781599, 0.787540064964457, 156223000000, 
3.9349516712480312, -0.006167604228872747, 0.7870939579299422, 156325000000, 
3.938804585154832, 0.013829466568077523, 0.7872274667724848, 156427000000, 
3.9426724184717004, 0.025735824078897036, 0.7877619116583042, 156529000000, 
3.9487806101429794, 0.03325341662715845, 0.7886838409179674, 156631000000, 
3.959383197928828, 0.055702598190425036, 0.7900557484362338, 156733000000, 
3.9739127099322933, 0.08377366596437952, 0.7921384345336067, 156835000000, 
3.9828761492172826, 0.07830983762818249, 0.7944114704718935, 156937000000, 
3.9859872146970505, 0.04024834921585748, 0.7961850715897751, 157039000000, 
3.991664106149356, 0.0292931897735782, 0.7973684980042459, 157141000000, 
3.9995049062034616, 0.04505897168803674, 0.7984770818033246, 157243000000, 
4.008953224335405, 0.057630393953497595, 0.8000081491125483, 157345000000, 
4.015783864958161, 0.05426319584899808, 0.8016161330331352, 157413000000, 
4.0188352838673, 0.032940198439647496, 0.8029048248773911, 157515000000, 
4.013668989477171, -0.0070495849366321766, 0.8032192092201754, 157617000000, 
4.010463589003955, -0.027905649544483307, 0.8028645241565617, 157719000000, 
4.009471335717692, -0.013992179198263344, 0.8022402609465878, 157821000000, 
4.010806122068608, 0.0011417768821786467, 0.8020494031193502, 157923000000, 
4.014444752040355, 0.016578054408874127, 0.8023148139884436, 158025000000, 
4.016928220794399, 0.020406995752635382, 0.802811939660224, 158127000000, 
4.009510325480667, -0.016448088532291887, 0.8027255532210279, 158229000000, 
4.007058431560122, -0.03289929744759057, 0.8022331318556792, 158331000000, 
4.008963781016169, -0.0018218148816610362, 0.8017021692037971, 158433000000, 
4.0154557035793434, 0.02799090673073934, 0.8020985277437089, 158535000000, 
4.027030265695579, 0.06022161559803507, 0.8034299833527394, 158637000000, 
4.0425611406973765, 0.09035145706011012, 0.8056698073314866, 158739000000, 
4.0601890455002705, 0.11052926601563762, 0.808652030126215, 158841000000, 
4.072297731800546, 0.0991219703438991, 0.8116698611998795, 158909000000, 
4.092018759227866, 0.10609904575865119, 0.8149670357685788, 159011000000, 
4.114986067441125, 0.14229445213526168, 0.8186201705646358, 159113000000, 
4.140211561391436, 0.16064267387856823, 0.8231477592040285, 159215000000, 
4.160980230104735, 0.15331387554536668, 0.8277451905958197, 159317000000, 
4.184516778448577, 0.14768405685713581, 0.8323805713296498, 159419000000, 
4.209922721786538, 0.16314163893934364, 0.8370279820226566, 159521000000, 
4.2360503240765865, 0.1717784854266983, 0.8420326549541135, 159623000000, 
4.2564256018065505, 0.15500960006670894, 0.8468265765113117, 159725000000, 
4.274414635706625, 0.12788103876679577, 0.8511260374393176, 159827000000, 
4.293436101307583, 0.12336833167010693, 0.8549517559213838, 159929000000, 
4.312477877118261, 0.12687747137211916, 0.8586885742754979, 160031000000, 
4.31738687342013, 0.07983590704182457, 0.8615533901230649, 160133000000, 
4.321970814415522, 0.03164312432420324, 0.8634557043302609, 160235000000, 
4.3284408357017545, 0.03684654093874862, 0.8645199015691605, 160337000000, 
4.336352730999009, 0.04793972194495547, 0.8657842920744191, 160439000000, 
4.342186161539911, 0.04581775279385525, 0.8671319818827115, 160507000000, 
4.360732517057074, 0.08126595352688486, 0.8692847606397329, 160609000000, 
4.402811405142702, 0.20208414534263733, 0.8737153389159791, 160711000000, 
4.44627201178567, 0.2851316490953189, 0.8806543955990297, 160813000000, 
4.444989257773262, 0.1405928421018654, 0.8862715116467756, 160915000000, 
4.451153254618947, 0.016270809444257257, 0.8894943016118586, 161017000000, 
4.4604961923139745, 0.05168978180237538, 0.8904425803137457, 161119000000, 
4.46013764592292, 0.029947971013243684, 0.8914524728570561, 161221000000, 
4.46075351743114, 0.0008577503905519516, 0.892092490377869, 161323000000, 
4.454338664932469, -0.01932993663483688, 0.8916819885524352, 161425000000, 
4.450009935906508, -0.035811938415439094, 0.8910068078846743, 161527000000, 
4.449801472254212, -0.015123975594191208, 0.8902766715395459, 161629000000, 
4.453537812117059, 0.01175958736850132, 0.8902232813518518, 161731000000, 
4.448238239647775, -0.005210775354787718, 0.8901051682679364, 161833000000, 
4.4439678813954275, -0.0318997690721042, 0.889716262210684, 161901000000, 
4.438607769105749, -0.03210156847342086, 0.88872092600993, 162003000000, 
4.4345871162981245, -0.03126921699101004, 0.8878108511199535, 162105000000, 
4.431366149296239, -0.02413873269836664, 0.8869707356466741, 162207000000, 
4.429030842944897, -0.01852091117742501, 0.8863322739026174, 162309000000, 
4.427553213131428, -0.012709787216037919, 0.8858633470248376, 162411000000, 
4.426252667777549, -0.00926058389116117, 0.8855224482569249, 162513000000, 
4.4234974587787415, -0.013519181175620787, 0.8851535559791811, 162615000000, 
4.42177074581219, -0.0149397398845282, 0.8847680581578987, 162717000000, 
4.421553788122437, -0.00647890218768173, 0.8844547995142245, 162819000000, 
4.422832382653753, 0.0035387894718752477, 0.8844104611058919, 162921000000, 
4.425600685039507, 0.01348965639023388, 0.8846657903877131, 163023000000, 
4.429876425733245, 0.023480143598308228, 0.8852206328951003, 163125000000, 
4.435656387335421, 0.03351900765304746, 0.8860755665405449, 163227000000, 
4.442941963712026, 0.043551793262602466, 0.8872316517853794, 163329000000, 
4.4485108975891565, 0.042848367512450615, 0.8884739499091069, 163397000000, 
4.453896896430994, 0.03651644239655916, 0.8896899838488117, 163499000000, 
4.458306132732846, 0.0326507838122995, 0.8907142617835331, 163601000000, 
4.456698936213129, 0.009340132607116303, 0.8912601310251314, 163703000000, 
4.44420553539542, -0.04700199112475545, 0.8906140402894264, 163805000000, 
4.433601022104801, -0.07699304702775873, 0.8889670329142233, 163907000000, 
4.416893932052436, -0.09103867780994553, 0.8863133659701771, 164009000000, 
4.397865554658947, -0.1191182248195144, 0.883224033921079, 164111000000, 
4.363808947439276, -0.1769499487105334, 0.8785712289433772, 164213000000, 
4.3238651345574395, -0.246668067005024, 0.8723693091103776, 164315000000, 
4.283393718864424, -0.2680507619161728, 0.8647378533907426, 164417000000, 
4.2434013130384605, -0.2682127383965967, 0.8567106777640218, 164519000000, 
4.206089808672547, -0.25767970063959034, 0.8488589893716956, 164621000000, 
4.1935783935658835, -0.16607639824192333, 0.8428713010184594, 164723000000, 
4.191568032196999, -0.04840592158516029, 0.8394157489623619, 164825000000, 
4.190818778340913, -0.009198717416569005, 0.8383976802735863, 164927000000, 
4.191039078436099, -0.0017631792029989175, 0.8382283925982674, 164995000000, 
4.192433898160235, 0.0053837327310753596, 0.8382861169958165, 165097000000, 
4.195048527359712, 0.013364829745376264, 0.8385681002637364, 165199000000, 
4.198750952965159, 0.02105684934974465, 0.8390822252323406, 165301000000, 
4.202352790224263, 0.02434754288183664, 0.8397434847032755, 165403000000, 
4.203022783051039, 0.014239433619600561, 0.840275101749364, 165505000000, 
4.202690270522555, 0.0011249343276394559, 0.8405377229198571, 165607000000, 
4.2029459148729575, -0.00025622726027130227, 0.8405772645631034, 165709000000, 
4.204070780539661, 0.0046017000570201345, 0.8406471310623448, 165811000000, 
4.205888249313585, 0.009807781468757307, 0.8408603296484135, 165913000000, 
4.208193456867313, 0.01374225442550762, 0.8412101657813706, 166015000000, 
4.196460957155051, -0.03142430719511147, 0.8407028442223966, 166117000000, 
4.177888912677882, -0.10101514729810468, 0.8388362217800164, 166219000000, 
4.159928538736483, -0.12177472806189489, 0.8356185605712945, 166321000000, 
4.1481146520619765, -0.09924753538635163, 0.8323954735650894, 166389000000, 
4.130290508001776, -0.09879343578235537, 0.8292222465866823, 166491000000, 
4.111739539678456, -0.12125037461173586, 0.8260096466494805, 166593000000, 
4.091394445588115, -0.12965354137887056, 0.822228299551223, 166695000000, 
4.068249823465919, -0.144965720708455, 0.8180922539154993, 166797000000, 
4.045645285083684, -0.15249720168143632, 0.8136859702758478, 166899000000, 
4.033898525802146, -0.11450432554591217, 0.8098529089567832, 167001000000, 
4.036202539392461, -0.03147581897074462, 0.8077164233518861, 167103000000, 
4.044204111929429, 0.03435195375761128, 0.8076203451416023, 167205000000, 
4.0524784876909, 0.054253160994797156, 0.8088590092675193, 167307000000, 
4.055674931169473, 0.03823606413347965, 0.8101571687193202, 167409000000, 
4.058109550517943, 0.018770209423477624, 0.8110841979585544, 167511000000, 
4.060784352349122, 0.017031403932164697, 0.8116379222691026, 167613000000, 
4.063503003059556, 0.017978175138709435, 0.8121597937284413, 167715000000, 
4.06610244559085, 0.017726977472426835, 0.8126926533999687, 167817000000, 
4.068452850672192, 0.01649949204211983, 0.8132038866215064, 167919000000, 
4.0704452946329726, 0.014476163473740774, 0.8136667060597342, 168021000000, 
4.071523333594557, 0.01023494307455112, 0.8140280985933148, 168089000000, 
4.072699378639551, 0.007513613355261128, 0.8143112004578055, 168191000000, 
4.0732710478797145, 0.00582571428385729, 0.8144995840075882, 168293000000, 
4.073139048257699, 0.0014655653938255853, 0.8146072983184642, 168395000000, 
4.072224308994241, -0.0034891296182445095, 0.8145756270087768, 168497000000, 
4.0736407153659435, 0.0016722236941498398, 0.8146002715078589, 168599000000, 
4.077704786128363, 0.018268257113739732, 0.8149046540325697, 168701000000, 
4.081787842570331, 0.02715709068129198, 0.8155422229376424, 168803000000, 
4.085826204597953, 0.027071394898632306, 0.8163545888864431, 168905000000, 
4.090982813361448, 0.030649902637055842, 0.817239790701982, 169007000000, 
4.0984385339604765, 0.042041097875079224, 0.8183498367946583, 169109000000, 
4.105465320909316, 0.04827502515955947, 0.819659111215416, 169211000000, 
4.112069491642394, 0.045436525606392664, 0.8210648897674792, 169313000000, 
4.118269336839923, 0.04268005310202364, 0.8223869432927755, 169415000000, 
4.123582235465071, 0.03837581274225658, 0.8235947375964926, 169517000000, 
4.125523186711864, 0.024179499573137402, 0.8244916506011238, 169619000000, 
4.126981494901375, 0.011330864787678271, 0.825072461138554, 169687000000, 
4.129211164824727, 0.012293260376209739, 0.8254477230958644, 169789000000, 
4.131462101001512, 0.0149353536671241, 0.8258436507151742, 169891000000, 
4.133732280444121, 0.015070385397981667, 0.8262937030846906, 169993000000, 
4.13604981491973, 0.015292379727392577, 0.8267496130910242, 170095000000, 
4.138441615352651, 0.015697783028431427, 0.8272149140477668, 170197000000, 
