odom_x, odom_y, odom_th, odom_vx, odom_yawrate, pf_x, pf_y, pf_th, stamp, 
-2.240172831541872, -1.2694375235787585, 0.16012483597785723, 7.433624158560454e-05, -7.117200325961699e-06, 0, 0, 0, 4766576000000, 
-2.2401727948023673, -1.2694374803359352, 0.31490662770633715, 6.73422862661217e-05, -3.879717799941104e-06, 0, 0, 0, 4766712000000, 
-2.240173629031773, -1.269438459549294, -2.2083154233435205, -0.000118334258015354, 6.185209019838514e-06, 0, 0, 0, 4766746000000, 
-2.240173783504245, -1.269438906783885, -2.1290650312211254, -0.0001037578775212079, 4.655576909179359e-06, 0, 0, 0, 4766848000000, 
-2.24017364596216, -1.2694390405464457, -2.0214223489818903, 5.4491971022268415e-05, 7.878094270769887e-06, 0, 0, 0, 4766950000000, 
-2.2401737854615065, -1.2694380275666852, -2.627679236155565, -0.0001752993517198041, -3.091979728093807e-06, 0, 0, 0, 4767052000000, 
-2.2401731256519755, -1.269437528107365, 3.062304232165421, -0.0004142132658263451, 3.258859715895645e-06, 0, 0, 0, 4767154000000, 
-2.2401736755448516, -1.269439009921171, -2.0716810992313293, -0.0003377784634675336, 9.368561107002425e-06, 0, 0, 0, 4767222000000, 
-2.240173652900691, -1.269439258217849, -2.0337192467919896, 0.00045271709276728777, 1.6471667331784056e-05, 0, 0, 0, 4767324000000, 
-2.2401750472987274, -1.269441276873149, -2.125532139401026, 0.0004528823259425379, 1.6895812711074233e-05, 0, 0, 0, 4767426000000, 
-2.240172023612405, -1.2694364637921984, 0.9982703083809402, 0.00043706963032559174, 1.1398532039665718e-06, 0, 0, 0, 4767528000000, 
-2.240173371878422, -1.269440001050285, -1.8210230547247854, -0.00045890662062084494, 4.9085588512727995e-06, 0, 0, 0, 4767630000000, 
-2.240171664369425, -1.2694378302885694, -0.18121008177100098, 0.00047817172657914196, 1.3426550402363042e-06, 0, 0, 0, 4767732000000, 
-2.2401738034250247, -1.269439690671302, -2.041028782026656, 0.00015375402274447737, 1.0940766696109217e-05, 0, 0, 0, 4767834000000, 
-2.2401723289061746, -1.2694372380040582, 0.7673571091833649, 0.00011329743617725398, 4.711012378436406e-06, 0, 0, 0, 4767936000000, 
-2.240176540974305, -1.2694408523639924, -2.4451750299371544, 0.00044195711517315615, 1.1506391831942468e-05, 0, 0, 0, 4768038000000, 
-2.240169841602357, -1.2694399934797609, -0.6775393997503615, 0.000473454347543713, 1.0276816278038873e-05, 0, 0, 0, 4768140000000, 
-2.2401685566907865, -1.2694406245654182, -0.6133428678127816, -0.00013724133997436119, 1.5814819770125447e-05, 0, 0, 0, 4768242000000, 
-2.240176088003381, -1.269436708621872, 2.8469784480648483, 0.0005258304709121957, 1.3952595182884222e-05, 0, 0, 0, 4768344000000, 
-2.240173969624509, -1.269435865530156, 2.1850170034863776, -0.0005265637715048404, 6.622338468190345e-06, 0, 0, 0, 4768446000000, 
-2.2401740117974094, -1.2694414929428208, -1.9303969139908947, 9.9877108468977e-05, 1.3780203750607332e-05, 0, 0, 0, 4768548000000, 
-2.2401754433079217, -1.2694367449819508, 2.785529211069469, -0.0002491243702698217, 1.1151782053183162e-05, 0, 0, 0, 4768650000000, 
-2.2401683885739834, -1.269440642377052, -0.5925410632149413, 6.590982679719688e-05, 1.2803354174362372e-05, 0, 0, 0, 4768752000000, 
-2.240175144056355, -1.2694379232299238, -3.1177766863483636, 0.0005667831269988685, 1.1137024259780664e-05, 0, 0, 0, 4768854000000, 
-2.240169090605691, -1.2694398862164127, -0.5316866644823709, 0.00022543259975096115, 9.400813005779137e-06, 0, 0, 0, 4768922000000, 
-2.240176355653707, -1.2694372134801422, 2.9684561636331184, 2.2619570352342833e-05, 8.68209087760272e-06, 0, 0, 0, 4769024000000, 
-2.2401707527022037, -1.269439647520261, -0.7860898388303077, -0.00019822105749311836, 1.268318698704975e-05, 0, 0, 0, 4769126000000, 
-2.2401701947994104, -1.269439809083434, -0.6930158803343262, 0.00025484214701435585, 6.984270961633786e-06, 0, 0, 0, 4769228000000, 
-2.2401720096722517, -1.2694382576811778, -0.626587160025788, 0.0007085276837893481, 3.2784500221921297e-06, 0, 0, 0, 4769330000000, 
-2.2401729867699447, -1.2694379823418043, -3.113155934834615, -0.00041222854381839385, -2.0751387264447752e-06, 0, 0, 0, 4769432000000, 
-2.2401710307545377, -1.2694404844003575, -1.063540903129767, 0.000247007264221563, -1.1799224239659943e-06, 0, 0, 0, 4769534000000, 
-2.240174121109146, -1.2694374110400954, 2.8184099188030065, 0.00011247375268813757, 4.086279196005099e-06, 0, 0, 0, 4769636000000, 
-2.2401736516130804, -1.2694374965988227, 2.764145509866909, -9.582287912525674e-05, 1.2904468277788359e-06, 0, 0, 0, 4769738000000, 
-2.2401744960600865, -1.2694378394595658, 3.068549160110064, -0.00011015083880929017, 5.41069620644704e-07, 0, 0, 0, 4769840000000, 
-2.240174309040781, -1.2694384213077874, -2.9216450638295166, 0.00012034178268477302, 2.7217365067920247e-06, 0, 0, 0, 4769942000000, 
-2.240173620937759, -1.2694379271548744, 3.0758805132181672, 0.0004377278353849383, 6.061017776934789e-06, 0, 0, 0, 4770044000000, 
-2.2401735768282833, -1.2694373797234544, 2.6492777102875262, -0.0004005800561041168, 3.700347941012409e-07, 0, 0, 0, 4770146000000, 
-2.240174017238642, -1.2694371805541989, 2.6638700508091824, 0.00023237147456905047, -2.8844676127434073e-06, 0, 0, 0, 4770248000000, 
-2.2401727080281124, -1.2694382703557272, -2.378699791367595, 0.00017283708428324844, -1.1381699534426755e-05, 0, 0, 0, 4770350000000, 
-2.2401725390129377, -1.2694385770273084, -1.7207187605468346, 0.00013065416797692145, -7.494290819659952e-06, 0, 0, 0, 4770452000000, 
-2.240172519288914, -1.2694382283274854, -1.8304984765985495, 2.0609327287093045e-05, -2.59221416366638e-06, 0, 0, 0, 4770520000000, 
-2.2401729584875643, -1.2694381444618854, -2.8431455228355533, 7.963061424368709e-06, -2.0572618400767203e-06, 0, 0, 0, 4770622000000, 
-2.240173214986565, -1.2694378821786165, 3.0265138898223176, 3.6199179678877917e-06, -1.1505799907100344e-05, 0, 0, 0, 4770724000000, 
-2.240172725940731, -1.2694378601755547, 2.752216239616835, 9.531232602960346e-05, 1.8049311888854873e-06, 0, 0, 0, 4770826000000, 
-2.2401725886080848, -1.2694381842426583, -2.0240068481927636, 5.907003820331461e-07, -2.691488834663284e-06, 0, 0, 0, 4770928000000, 
-2.2401736408816886, -1.2694376538378755, 2.8865522544907996, 0.00015652828754933869, -2.4142646225198314e-06, 0, 0, 0, 4771030000000, 
-2.240173180516082, -1.2694379308553227, 3.1045849441626467, 0.0004473946267174942, 1.5847372922703814e-06, 0, 0, 0, 4771132000000, 
-2.2401737953650493, -1.2694373837639963, 2.7272814890365384, 0.00041470367949834083, -1.042681211842596e-06, 0, 0, 0, 4771234000000, 
-2.2401734434450904, -1.2694375974977201, 2.773810589609897, 0.0004604240613666466, 7.253537651841443e-06, 0, 0, 0, 4771336000000, 
-2.2401704853997697, -1.2694392306097464, -0.562242158295723, 0.00033051615461573487, 7.449348963320504e-06, 0, 0, 0, 4771438000000, 
-2.240171795466109, -1.2694397750664264, -1.2156739135826262, -0.00010018496977318599, 1.4615954388605206e-05, 0, 0, 0, 4771540000000, 
-2.240172191785476, -1.2694380227428155, -0.027330716935531674, 0.0004364216154160882, 4.885845808906512e-06, 0, 0, 0, 4771642000000, 
-2.2401725242173187, -1.2694386658007775, -1.7219194948116991, 0.00024458638133753884, 2.9866219369148454e-06, 0, 0, 0, 4771744000000, 
-2.240173584735329, -1.269440400693469, -2.026038098984882, 0.00023023581566785587, 5.707945202063923e-06, 0, 0, 0, 4771846000000, 
-2.2401718851855863, -1.2694373680002053, 0.8790013613162204, -7.970522298141809e-05, 7.216237138952255e-06, 0, 0, 0, 4771948000000, 
-2.2401740959733516, -1.2694410148507829, -2.082134440124121, 0.0001240159703252519, -5.3120242128497895e-06, 0, 0, 0, 4772050000000, 
-2.24017322826995, -1.2694391276618076, -2.199293140768257, 0.00018069635215277744, -3.3742231776125826e-06, 0, 0, 0, 4772118000000, 
-2.240172418991436, -1.2694378532252923, 1.6052607081666344, -0.00011245677481794232, 1.4374739284507821e-05, 0, 0, 0, 4772220000000, 
-2.2401726293345363, -1.269437720314043, 2.2159733566090507, 7.142791167337952e-05, 4.4647274200839365e-06, 0, 0, 0, 4772322000000, 
-2.2401728510488965, -1.2694377243048995, 2.549327660060925, -0.00020493461344397903, 1.4076091814765937e-06, 0, 0, 0, 4772424000000, 
-2.2401724499129116, -1.2694381464238769, -1.9248796990658297, 0.00016940585164530085, 5.142419427786901e-06, 0, 0, 0, 4772526000000, 
-2.240172801302851, -1.2694383187858416, -2.486988527427635, 0.00025183058854597577, -9.815810845031681e-07, 0, 0, 0, 4772628000000, 
-2.2401716464243524, -1.2694384881241347, -0.552466293303081, -0.00017463085949813654, 3.6142177779256512e-06, 0, 0, 0, 4772730000000, 
-2.2401733324606687, -1.2694383769144475, -2.7596240465099693, 0.0001533128783670544, 4.974382258603254e-06, 0, 0, 0, 4772832000000, 
-2.2401730594722356, -1.2694386647285318, -2.353617480940935, 0.00012189915745715354, 5.0940701216771025e-06, 0, 0, 0, 4772934000000, 
-2.2401734942228178, -1.2694385541490747, -2.673086846875169, 0.00010876576759367195, -5.481055397011693e-06, 0, 0, 0, 4773036000000, 
-2.2401728984963682, -1.2694386209604693, -2.2070994573801452, 7.445314888920495e-05, -2.1002455240817948e-06, 0, 0, 0, 4773138000000, 
-2.2401727608472215, -1.2694386522880736, -2.0110844486184014, 0.00021712145059600457, 2.072780951931257e-06, 0, 0, 0, 4773240000000, 
-2.2401723934106244, -1.2694381798919947, -1.2813701633169132, 2.7820561858539798e-05, -1.1426123073391736e-05, 0, 0, 0, 4773342000000, 
-2.2401719334848296, -1.26943836342195, -0.6218596022460068, 0.00021306036571359276, 3.415494793911322e-07, 0, 0, 0, 4773444000000, 
-2.2401729909902737, -1.2694380320419862, -3.095657330431153, 1.7813143949467676e-05, 8.638645592573085e-06, 0, 0, 0, 4773546000000, 
-2.240173081676754, -1.26943778046425, 2.797809259373623, 3.437092701611784e-05, 9.749406215162803e-06, 0, 0, 0, 4773648000000, 
-2.2401720885072858, -1.2694382663114947, -0.6505177785905062, 0.0001108992078275956, -2.0979019628187543e-06, 0, 0, 0, 4773716000000, 
-2.2401724774037053, -1.2694381136103345, -2.389380404281204, 0.00018405079073430402, 4.0124805755066964e-06, 0, 0, 0, 4773818000000, 
-2.240171782776405, -1.2694390487629326, -1.0484808989375454, 3.186344989357579e-05, 6.878000210887044e-06, 0, 0, 0, 4773920000000, 
-2.240172886898251, -1.2694377265238714, 2.607513233240846, -0.0005299677175490624, -1.1888231076444465e-05, 0, 0, 0, 4774022000000, 
-2.2401720928433355, -1.269438455518049, -0.9527592325961345, 0.00034878222253294586, -9.850122063425064e-06, 0, 0, 0, 4774124000000, 
-2.2401724840191672, -1.269437885663205, 2.05795449411867, -0.00020170338316593243, -7.5734534423881155e-06, 0, 0, 0, 4774226000000, 
-2.240172259222183, -1.2694382541759965, -0.9659547733760022, 0.00018411308451927002, -6.0281621616213e-06, 0, 0, 0, 4774328000000, 
-2.2401728331799333, -1.2694383695927682, -2.3765375180414874, 0.00025509594959474365, -1.6422643863606293e-06, 0, 0, 0, 4774430000000, 
-2.240172256474094, -1.269437707550484, 1.0095270882696672, 0.00012518006271844582, 2.594302179922912e-06, 0, 0, 0, 4774532000000, 
-2.240172466394333, -1.269438601125061, -1.703835690146409, -0.00010173582530483798, 1.20322406643435e-05, 0, 0, 0, 4774634000000, 
-2.2401732268392682, -1.2694393079359667, -2.1398312312094125, 3.25217670298801e-05, -1.8096457306672012e-06, 0, 0, 0, 4774736000000, 
-2.2401716776410727, -1.269438655668615, -0.7882755988730961, 0.00012540205211573218, -6.364625967600084e-06, 0, 0, 0, 4774838000000, 
-2.240172083049647, -1.269438047347507, -0.31212005868367243, -0.00016570461682584916, -4.880425328354674e-06, 0, 0, 0, 4774940000000, 
-2.24017245463085, -1.2694383278042989, -1.7020714232113128, 5.8793392225934834e-05, -7.732229924530878e-06, 0, 0, 0, 4775042000000, 
-2.2401724434328876, -1.269437903270088, 2.6509994855731587, 3.480409496312638e-05, -1.682022652581951e-06, 0, 0, 0, 4775144000000, 
-2.240172727807556, -1.2694388901719476, -1.9231769876069944, -5.452235425444493e-05, 1.903529069007562e-07, 0, 0, 0, 4775246000000, 
-2.240172963759704, -1.2694388401358954, -2.13937440547035, 0.00011285007999585462, -3.9520663287937e-06, 0, 0, 0, 4775348000000, 
-2.2401723051073525, -1.2694378357311784, 0.862716366518869, 0.000322392496577587, -5.863378930235142e-06, 0, 0, 0, 4775416000000, 
-2.240172648664697, -1.2694381408477535, -2.4701868140414143, 1.6987814210483854e-05, 1.6111924555827906e-06, 0, 0, 0, 4775518000000, 
-2.2401724251227284, -1.2694379103092388, 2.7589221821656333, 0.00014268121205601082, -4.824318221517333e-07, 0, 0, 0, 4775620000000, 
-2.2401726121335317, -1.2694382813408522, -2.133447127967918, 0.0002391467926513573, -4.9909965824848745e-06, 0, 0, 0, 4775722000000, 
-2.2401724140286645, -1.269437880450146, 2.3120398699409037, 1.1351280755540134e-05, -1.3407105983238862e-06, 0, 0, 0, 4775824000000, 
-2.2401734619737645, -1.269437652943027, 2.9058610731350467, 0.00017306048325453218, -3.6421374791359805e-06, 0, 0, 0, 4775926000000, 
-2.2401717630503573, -1.269438169065072, -0.384531528337457, -0.0002930437139441747, -2.9286462651474763e-06, 0, 0, 0, 4776028000000, 
-2.2401709956919746, -1.2694385909554993, -0.45232572563159607, 0.00029982608565827713, 4.959039740913026e-06, 0, 0, 0, 4776130000000, 
-2.240175231875738, -1.269438072032403, -3.087312309345045, 2.9404056373964066e-06, 7.298387191988671e-06, 0, 0, 0, 4776232000000, 
-2.2401734760899834, -1.2694373027390093, 2.618676005364684, -0.0003636362517647683, -2.697330850336375e-06, 0, 0, 0, 4776334000000, 
-2.2401745653730467, -1.269436650866512, 2.6118713548725854, 0.0003407149902298844, -1.0431954690825744e-05, 0, 0, 0, 4776436000000, 
-2.2401724601643056, -1.2694377330254047, 1.7875375334469001, 0.00029499231478538645, -3.9980163386775335e-06, 0, 0, 0, 4776538000000, 
-2.240172156841329, -1.269439004311078, -1.324775586823475, 1.013237887164198e-05, -4.571625240522981e-06, 0, 0, 0, 4776640000000, 
-2.2401730937054265, -1.26943945718594, -1.967505898817776, 0.0002551864949484723, -5.359563286833379e-06, 0, 0, 0, 4776742000000, 
-2.2401735748023253, -1.2694397376365674, -2.121811665702224, 7.797669448136524e-05, -4.735755719027264e-06, 0, 0, 0, 4776844000000, 
-2.2401726645649442, -1.2694380260770537, -2.579171042045355, -0.0001380673707186307, -5.021027054842214e-06, 0, 0, 0, 4776946000000, 
-2.2401727448621553, -1.26943787278317, 3.066123930697314, 0.00012940981271475864, -6.110242759310765e-07, 0, 0, 0, 4777014000000, 
-2.24017290582102, -1.2694385338500012, -2.204280182457326, -4.3976587946652546e-05, 2.656710433854103e-06, 0, 0, 0, 4777116000000, 
-2.24017322894578, -1.2694388320913623, -2.2860503455002283, 0.00028205256272881155, 1.2652792723320477e-06, 0, 0, 0, 4777218000000, 
-2.240172416769402, -1.2694377051923893, 1.536307854653927, -0.00023805291057091797, 2.0567599795368416e-06, 0, 0, 0, 4777320000000, 
-2.2401729105869173, -1.269438080035393, -2.800716119781039, -0.0001511357642153265, -1.6645287822161677e-05, 0, 0, 0, 4777422000000, 
-2.240172384221001, -1.2694380905225333, -1.3706774483241055, -9.858202007763584e-05, -3.0752095921901643e-06, 0, 0, 0, 4777524000000, 
-2.240173975476996, -1.2694404655861502, -2.1119413726632725, 0.00019439001347502336, -4.188523584628413e-06, 0, 0, 0, 4777626000000, 
-2.240172846354351, -1.2694384818102191, -2.1914394205458243, 0.0002165077424585075, -7.422544102014697e-06, 0, 0, 0, 4777728000000, 
-2.24017352385386, -1.26943866330198, -2.518816300714508, 0.0002793579116298263, -2.0254304305590013e-06, 0, 0, 0, 4777830000000, 
-2.240175306011887, -1.2694378640152297, 3.1368569577195466, 0.0002697286171967349, -6.432037419085472e-06, 0, 0, 0, 4777932000000, 
-2.2401739288115206, -1.2694367842669727, 2.4988499496321848, 0.00010621348263553514, -6.714644268186704e-06, 0, 0, 0, 4778034000000, 
-2.2401721545085804, -1.2694398219106406, -1.398141808360394, 0.00022445632039226637, -8.433433293497185e-06, 0, 0, 0, 4778136000000, 
-2.240172261174661, -1.2694386500039874, -1.2619238227476877, 1.5815344734402988e-05, -6.629345593505013e-06, 0, 0, 0, 4778238000000, 
-2.240173348416641, -1.2694374822919015, 2.7143982479586226, 8.292163816005026e-05, -3.371736348917333e-06, 0, 0, 0, 4778340000000, 
-2.2401728752509555, -1.2694376279420825, 2.5657128182140303, -7.643753785886926e-05, 5.848823098061569e-06, 0, 0, 0, 4778442000000, 
-2.240172542343151, -1.2694380240017797, -1.8643908002451357, 7.541766660258697e-05, 4.931162806768854e-06, 0, 0, 0, 4778544000000, 
-2.2401723445834403, -1.2694380013113438, -0.7205038690168709, -0.0001032760481368062, 3.325074834201507e-06, 0, 0, 0, 4778612000000, 
-2.240173358522478, -1.2694396694766066, -2.0097751257343073, -4.8795439036564044e-05, -4.93982982710567e-06, 0, 0, 0, 4778714000000, 
-2.2401714857799555, -1.2694385056385, -0.5627368324895751, 9.526594807079501e-05, -1.6020774647084356e-06, 0, 0, 0, 4778816000000, 
-2.2401757950032057, -1.269437259303116, 2.960162950940748, 2.5174791299973164e-05, 1.1691681549635231e-06, 0, 0, 0, 4778918000000, 
-2.240168543596283, -1.2694408652738673, -0.6463502133063465, 9.121265405323001e-05, 3.6733420816087877e-06, 0, 0, 0, 4779020000000, 
-2.240174256218639, -1.2694364162151728, 2.4442713725495673, -0.00025688162820879774, -3.643426487886655e-07, 0, 0, 0, 4779122000000, 
-2.24017370667374, -1.2694372333428543, 2.645342774647605, 5.669681785611564e-05, 1.0207472751597262e-05, 0, 0, 0, 4779224000000, 
-2.2401725137217667, -1.2694378988151063, -2.9486386322563543, -7.950579107661535e-05, -6.2842068173503095e-06, 0, 0, 0, 4779326000000, 
-2.2401726044684964, -1.2694377934940888, 2.4166381020671786, 0.00018865744562754382, 1.4381451334272825e-05, 0, 0, 0, 4779428000000, 
-2.2401728622947368, -1.2694384282137499, -2.1630397447537253, 9.842879043386651e-05, -6.442701614896218e-08, 0, 0, 0, 4779530000000, 
-2.240172890117364, -1.2694387114860226, -2.007758827847746, -4.09830972384547e-05, -4.471988876042566e-06, 0, 0, 0, 4779632000000, 
-2.2401724106716645, -1.2694382192233762, -1.2756773769712582, 0.000174666027765797, -4.266544150166719e-06, 0, 0, 0, 4779734000000, 
-2.2401726692118635, -1.2694378847875996, -3.015277202441454, -0.00011850208481094134, 1.02759380010437e-05, 0, 0, 0, 4779836000000, 
-2.2401725995948274, -1.269437885682783, -2.727047004220346, -2.509465249624993e-05, -1.4036036979151253e-05, 0, 0, 0, 4779938000000, 
-2.240173697275271, -1.2694378258735703, 3.1069314004659767, 0.00018281574187828248, 9.226014911917816e-09, 0, 0, 0, 4780040000000, 
-2.2401720531769453, -1.269438040197171, -0.3377952361880638, 0.000680960281428733, -1.8696520801958415e-06, 0, 0, 0, 4780108000000, 
-2.2401725986751773, -1.2694408715688672, -1.5860947805025882, 0.00022807892307059437, -3.883274670577887e-06, 0, 0, 0, 4780210000000, 
-2.240173829656322, -1.269437747686984, 3.048394523653654, 1.521256326547233e-05, -3.7875669540581523e-06, 0, 0, 0, 4780312000000, 
-2.2401727261271964, -1.2694383151957616, -1.928092259809482, -3.461191560273707e-05, 3.7696758228780304e-06, 0, 0, 0, 4780414000000, 
-2.2401725845082616, -1.2694378526048462, 2.7837584655121916, -6.343401409228518e-05, 2.1846166094306754e-06, 0, 0, 0, 4780516000000, 
-2.2401722782590094, -1.269437879223372, -0.06465713478499552, 0.00017971430951255703, -5.57332606701159e-06, 0, 0, 0, 4780618000000, 
-2.2401726614682813, -1.2694379683544919, -2.3991718257439065, -7.074933619084835e-05, 4.778025919893932e-06, 0, 0, 0, 4780720000000, 
-2.2401725984716316, -1.269437690055982, 1.9289625351904522, 9.036248167437617e-05, -1.704146283547672e-06, 0, 0, 0, 4780822000000, 
-2.240172828747041, -1.2694379818491166, -2.7194430778454373, 4.887133099489951e-05, -1.0597642277136392e-06, 0, 0, 0, 4780924000000, 
-2.2401719501137998, -1.2694386087195377, -0.8996462104592008, 8.91186437906186e-05, -4.902806393552001e-06, 0, 0, 0, 4781026000000, 
-2.240172887654497, -1.269437669660282, 2.6555079337261756, -5.9624450773054656e-05, -1.4382812750409478e-05, 0, 0, 0, 4781128000000, 
-2.240172271300484, -1.2694379841965846, -0.4737033408832955, -5.996126375890594e-05, 8.013515997476927e-06, 0, 0, 0, 4781230000000, 
-2.240172731051847, -1.2694380354495174, -2.2664043440722805, -5.928422746589326e-05, 5.044210463017676e-06, 0, 0, 0, 4781332000000, 
-2.2401730898296206, -1.2694374448750645, 2.5072399671414867, 7.541898567505662e-05, 6.99360602711055e-06, 0, 0, 0, 4781434000000, 
-2.240172051529767, -1.2694381359383229, -0.5309195791966456, 0.0003538221087120711, -3.2139669264403527e-06, 0, 0, 0, 4781536000000, 
-2.2401726161421935, -1.2694379425593414, -2.33309435342818, -0.00010294158192456001, -1.1711716302790474e-05, 0, 0, 0, 4781638000000, 
-2.2401729788247025, -1.2694376558529654, 2.686151409650052, -0.00019466383333014434, 1.0732684925614492e-06, 0, 0, 0, 4781706000000, 
-2.2401732321386487, -1.2694380578373459, -2.8802925669737287, -0.00015212451419468443, -3.9899781437943876e-07, 0, 0, 0, 4781808000000, 
-2.2401744672804864, -1.2694396587345542, -2.3967168705753146, 0.00010932502918678828, 2.2321729247572136e-06, 0, 0, 0, 4781910000000, 
-2.240173320676007, -1.2694375150188635, 2.707609534804498, 0.00018456651705288396, -1.2179428606918085e-07, 0, 0, 0, 4782012000000, 
-2.240174305714066, -1.2694390460020648, -2.5547832652591764, 4.030371903053506e-05, -3.5461275481278374e-06, 0, 0, 0, 4782114000000, 
-2.2401737393080188, -1.2694406542731067, -1.9723062566903773, 7.632543072715552e-05, -6.618644388790269e-06, 0, 0, 0, 4782216000000, 
-2.240173007044352, -1.2694370573857907, 2.0685831510084896, -9.713860945509464e-06, -3.8130429039107866e-06, 0, 0, 0, 4782318000000, 
-2.240172974778405, -1.2694385437696922, -2.1110225660761692, 2.4242168316028896e-05, -3.2288595583578004e-06, 0, 0, 0, 4782352000000, 
-2.2401730384807896, -1.2694379936943399, -2.871087978596063, -3.3585732351306366e-05, -9.043250599447814e-06, 0, 0, 0, 4782386000000, 
-2.2401730202155767, -1.269438006844849, -2.8271543129057948, 5.737345621071209e-05, 6.649731918276298e-07, 0, 0, 0, 4782420000000, 
-2.240172503384827, -1.2694380672676229, -1.235990366896321, -0.0001251066287899205, 3.7788337710629383e-06, 0, 0, 0, 4782454000000, 
-2.2401727917199548, -1.269438157271362, -2.2169261451688356, 0.0002670985888182997, 7.92890145308639e-06, 0, 0, 0, 4782488000000, 
-2.2401737533214674, -1.2694392659991383, -2.272994185311597, 7.257378705130196e-05, 3.819648374015397e-06, 0, 0, 0, 4782522000000, 
-2.240173035071162, -1.269438813737292, -2.0321986383096102, -0.00011814850629022537, 3.956665477243773e-06, 0, 0, 0, 4782556000000, 
-2.240173147876384, -1.2694388262575074, -2.121522564489372, 0.00012032794507538383, -8.26527206388395e-06, 0, 0, 0, 4782590000000, 
-2.2401725149542417, -1.269437777330086, 1.0688688758597231, 0.0001917978408652912, -4.08901212427288e-06, 0, 0, 0, 4782624000000, 
2.2674420311036403e-05, -7.941444720115761e-07, 2.2319403010428874e-07, -1.9653650159562296e-05, -4.499113161342633e-07, 0, 0, 0, 1523000000, 
2.2172246907262533e-05, -8.128362260367738e-07, 2.184595075394817e-07, -4.659134121028718e-06, -2.066665764972453e-07, 0, 0, 0, 1557000000, 
2.2172792354996188e-05, -8.30919049698191e-07, 2.2143647091286838e-07, 9.439440914873379e-06, -2.5629237234753243e-08, 0, 0, 0, 1591000000, 
0.0011771533315393904, -8.457685283831467e-07, 1.491015267318731e-06, 0.03353623663531196, 3.053541831652529e-05, 0, 0, 0, 1625000000, 
0.003488115023276783, -8.658318907157312e-07, 2.0911540170939897e-06, 0.06763634585720332, -2.0007000444878228e-05, 0, 0, 0, 1659000000, 
0.006954462275748705, -8.862676144876711e-07, 1.5711353554757247e-06, 0.10164775575326228, -2.3457744530348383e-05, 0, 0, 0, 1693000000, 
0.01157625911068591, -8.959167750911578e-07, 1.6585069163985457e-06, 0.13564305173899055, 4.51825138548171e-08, 0, 0, 0, 1727000000, 
0.017017098040928304, -2.665288765608778e-06, -0.0009603118920243977, 0.15979547724850104, -0.06167059940837304, 0, 0, 0, 1761000000, 
0.027893948138817445, -4.0724757910405014e-05, -0.005677113813814535, 0.15961673154842015, -0.04134773121734338, 0, 0, 0, 1829000000, 
0.044190022317121595, -0.00017034980580643778, -0.010822681198011375, 0.1594106680750149, -0.05716514316315925, 0, 0, 0, 1931000000, 
0.06045468451628128, -0.0003882041715468234, -0.01608035423114821, 0.15907053703094326, -0.05661493868287401, 0, 0, 0, 2033000000, 
0.07667821062961531, -0.000692858361508469, -0.0214265068318595, 0.1586403548670566, -0.05275290294081187, 0, 0, 0, 2135000000, 
0.09283159327780872, -0.0010812273517493017, -0.026544591443668976, 0.15783284700288877, -0.046595986552493404, 0, 0, 0, 2237000000, 
0.10887271907419878, -0.0015455648949775063, -0.03128891986280247, 0.15659755164292538, -0.04220638105740032, 0, 0, 0, 2339000000, 
0.12477711735516236, -0.0020778238459915246, -0.03561789943701154, 0.15521010885427308, -0.03832931858673144, 0, 0, 0, 2441000000, 
0.13529917286508852, -0.0024663739312886256, -0.03832464097569599, 0.15413595349218703, -0.03752832659060251, 0, 0, 0, 2509000000, 
0.1509514515595711, -0.003093875278243957, -0.04195407923053081, 0.1525549976356993, -0.03359698555783301, 0, 0, 0, 2611000000, 
0.16644209396239393, -0.0037681410721394893, -0.04518537590527735, 0.15099600542244898, -0.02990984073150667, 0, 0, 0, 2713000000, 
0.1817721585831489, -0.0044823753673100195, -0.04804866992984243, 0.14946194134412685, -0.026537434716086612, 0, 0, 0, 2815000000, 
0.19692206052437253, -0.005228903769012296, -0.050488063555711685, 0.14779842855085923, -0.023634438996318556, 0, 0, 0, 2917000000, 
0.21194501864331614, -0.0060050366254323926, -0.05270530776412839, 0.1466121827983843, -0.01936792689576256, 0, 0, 0, 3019000000, 
0.2268342052242756, -0.0068054173021086135, -0.054671505140724136, 0.14557711758186728, -0.01651181813075081, 0, 0, 0, 3121000000, 
0.24158642507238867, -0.007625604642344714, -0.05639229801411356, 0.14435601729582007, -0.014504934932634144, 0, 0, 0, 3223000000, 
0.25620119632134836, -0.00846175992476332, -0.057900735887020056, 0.1430883332794644, -0.012898404056023039, 0, 0, 0, 3325000000, 
0.2706801405502985, -0.009310733571368501, -0.059223374659429534, 0.14180005248918273, -0.011313409372270012, 0, 0, 0, 3427000000, 
0.2850246738410627, -0.010169695240070824, -0.06038194190734487, 0.14050834812663035, -0.00987144417197135, 0, 0, 0, 3529000000, 
0.2992333503755694, -0.011036027652060772, -0.06139383842217809, 0.13908171923668927, -0.008587535883460196, 0, 0, 0, 3631000000, 
0.3132971433208572, -0.011906948677038327, -0.062280054458571175, 0.13765183362555525, -0.007497263115470547, 0, 0, 0, 3733000000, 
0.3272155443354809, -0.01278052802156381, -0.06305416492483462, 0.13623818401301843, -0.006570210307995382, 0, 0, 0, 3835000000, 
0.34099562599622274, -0.013655473857600506, -0.06373320426728604, 0.13510046694813196, -0.0057260329477067645, 0, 0, 0, 3937000000, 
0.35011104567802287, -0.01423918549859825, -0.06414453110250086, 0.13383092256394938, -0.005696330529809962, 0, 0, 0, 4005000000, 
0.36367903615060765, -0.015114533771511845, -0.06468270321709141, 0.1325774566314758, -0.004960900487495495, 0, 0, 0, 4107000000, 
0.37712209269091074, -0.015988623400530318, -0.06515268920740336, 0.13134823017151553, -0.004332763841119305, 0, 0, 0, 4209000000, 
0.3904414629076237, -0.016860571623682194, -0.06556291645937264, 0.13013712637841232, -0.00378334375184815, 0, 0, 0, 4311000000, 
0.40361489595894917, -0.017728009546016898, -0.06590600413975717, 0.12919768699594578, -0.0033441941812979276, 0, 0, 0, 4413000000, 
0.41667207022187824, -0.01859218753643959, -0.06621703633603652, 0.12785736758672836, -0.0026851071744955833, 0, 0, 0, 4515000000, 
0.4296018410898259, -0.019451715385534, -0.0664915587341886, 0.12679041201911906, -0.0022808122471532077, 0, 0, 0, 4617000000, 
0.4424069635086267, -0.02030624797944612, -0.06673062791244425, 0.12555436449010704, -0.0019986083217362924, 0, 0, 0, 4719000000, 
0.45509376579922667, -0.021155726522803685, -0.06693839356177443, 0.12437459354974693, -0.0017768652692051739, 0, 0, 0, 4821000000, 
0.4676644508705179, -0.021999865724334797, -0.06712077273800153, 0.12322217389943613, -0.001547734311810844, 0, 0, 0, 4923000000, 
0.4801196854890265, -0.02283838577621417, -0.06727978749980132, 0.12200963301112415, -0.001348441870915055, 0, 0, 0, 5025000000, 
0.49245552244067475, -0.02367070701572535, -0.0674186178494553, 0.12080070878630013, -0.001176797935510237, 0, 0, 0, 5127000000, 
0.5046682721042156, -0.0244963104387818, -0.06753993963005828, 0.11959014646488937, -0.0010299527543132425, 0, 0, 0, 5229000000, 
0.5167608351126199, -0.02531515671381625, -0.06764594788380937, 0.11856293766146585, -0.000901707570838609, 0, 0, 0, 5331000000, 
0.5287396265706424, -0.02612747866931229, -0.0677385445855062, 0.11744376134687663, -0.0007863886453501748, 0, 0, 0, 5433000000, 
0.5406088119065681, -0.02693338521193615, -0.06781904268787227, 0.1163516454691372, -0.000681427982122497, 0, 0, 0, 5535000000, 
0.5523672443442197, -0.027732644183597346, -0.06788932956872239, 0.11525825997965611, -0.0005961319802991077, 0, 0, 0, 5637000000, 
0.560143082834171, -0.028261625179870922, -0.06793222195853044, 0.11417338298965855, -0.0005915518012135889, 0, 0, 0, 5705000000, 
0.5717112335120635, -0.029049151677644634, -0.06798816218417233, 0.11306227906716089, -0.000517334809229335, 0, 0, 0, 5807000000, 
0.5831669428216045, -0.029829617357845783, -0.06803700371718827, 0.11197160629823436, -0.0004509471747945831, 0, 0, 0, 5909000000, 
0.5945145693586608, -0.030603231457748327, -0.06807963569001203, 0.1109123325885059, -0.0003921618466144284, 0, 0, 0, 6011000000, 
0.605737754589231, -0.03136878307635365, -0.06811522352302378, 0.11001950256963025, -0.00034808828673722406, 0, 0, 0, 6113000000, 
0.6168672831188938, -0.03212833149356586, -0.06814743918282089, 0.10902706693094608, -0.00027906762800118765, 0, 0, 0, 6215000000, 
0.6278949500070435, -0.03288125674083436, -0.06817584795767262, 0.10801879805208203, -0.00023602636340819004, 0, 0, 0, 6317000000, 
0.6388172273799301, -0.03362727342237564, -0.06820060295757654, 0.1070774615622594, -0.00020649631356237227, 0, 0, 0, 6419000000, 
0.6496349193041772, -0.0343663773159555, -0.06822221025523237, 0.10595650042594516, -0.0001840523362969917, 0, 0, 0, 6521000000, 
0.6603509553918834, -0.03509875662587188, -0.0682411033740901, 0.10505588296089999, -0.0001597192964187911, 0, 0, 0, 6623000000, 
0.6709666025201506, -0.035824449943826095, -0.06825755181706326, 0.10398101716572965, -0.0001398371931624383, 0, 0, 0, 6725000000, 
0.6814814460959634, -0.03654341673525567, -0.06827192511650786, 0.10307561196232169, -0.00012154110827937869, 0, 0, 0, 6827000000, 
0.688435063503523, -0.037018955152381225, -0.06828071158774882, 0.10199554659878375, -0.0001211084142034042, 0, 0, 0, 6895000000, 
0.6987816924519713, -0.03772664410914959, -0.06829217437221549, 0.10112506161111295, -0.00010526892619945046, 0, 0, 0, 6997000000, 
0.7090294434281247, -0.03842766748914507, -0.06830213249968785, 0.10016084677406467, -9.232313754176004e-05, 0, 0, 0, 7099000000, 
0.7191804331958891, -0.03912216590477751, -0.06831086053061945, 0.09921300205409735, -7.978376720696651e-05, 0, 0, 0, 7201000000, 
0.7292186128757553, -0.039809030999892636, -0.06831808764892694, 0.09848227394480862, -7.14634904840344e-05, 0, 0, 0, 7303000000, 
0.7391718634068255, -0.04049015208230219, -0.06832469047689789, 0.09758919430410311, -5.6231059557958524e-05, 0, 0, 0, 7405000000, 
0.7490343862972103, -0.04116512036807545, -0.06833048856751354, 0.09661314383455724, -4.7670769815698576e-05, 0, 0, 0, 7507000000, 
0.7588040612051192, -0.041833794732473256, -0.0683355156812266, 0.09577678154435106, -4.1400012058631e-05, 0, 0, 0, 7609000000, 
0.7684808978540332, -0.04249615940520683, -0.06833992149558547, 0.09486839634103778, -3.6836984959072465e-05, 0, 0, 0, 7711000000, 
0.7780662731498155, -0.04315230538541019, -0.06834375331081609, 0.09396956987832779, -3.229362455617555e-05, 0, 0, 0, 7813000000, 
0.7875607894528688, -0.04380225596666781, -0.06834710264212228, 0.09299623175637635, -2.7413068127348947e-05, 0, 0, 0, 7915000000, 
0.7969648292654404, -0.04444605334455479, -0.06835004115693316, 0.09219044190088146, -2.4419786109758564e-05, 0, 0, 0, 8017000000, 
0.8062788561725233, -0.045083716701305704, -0.06835257847781645, 0.09130973794655706, -2.0687061203375823e-05, 0, 0, 0, 8119000000, 
0.8155040346117773, -0.04571531546432288, -0.06835477586406409, 0.09044073574179626, -1.89024428378821e-05, 0, 0, 0, 8221000000, 
0.8246416695099854, -0.046340936967661166, -0.06835668817332138, 0.08958179763939712, -1.578093623817599e-05, 0, 0, 0, 8323000000, 
0.8336926524346612, -0.046960644667188786, -0.06835836420936155, 0.0886526230326717, -1.3912943769224067e-05, 0, 0, 0, 8425000000, 
0.8426575706796731, -0.047574480747206944, -0.06835980232408602, 0.08788687538006397, -1.1737425299513961e-05, 0, 0, 0, 8527000000, 
0.8515369789992774, -0.04818247062179929, -0.06836106205686106, 0.08704821810482236, -8.808604048345137e-06, 0, 0, 0, 8629000000, 
0.8603316088590885, -0.0487846667125262, -0.06836217344526367, 0.08621783519505835, -7.619680936219535e-06, 0, 0, 0, 8731000000, 
0.8690424697372048, -0.04938113756055103, -0.0683631132312825, 0.08539778893630408, -7.246005515168648e-06, 0, 0, 0, 8833000000, 
0.8748037426044141, -0.04977564196223471, -0.0683637048666105, 0.08459685674559364, -8.513970212005326e-06, 0, 0, 0, 8901000000, 
0.8833771904376968, -0.05036271058236324, -0.06836445017181765, 0.08370709863311948, -8.164729974528153e-06, 0, 0, 0, 9003000000, 
0.8918690445117359, -0.05094420225803901, -0.06836506628052885, 0.08290993390693, -6.288213172324336e-06, 0, 0, 0, 9105000000, 
0.9002799961361901, -0.05152016871907031, -0.06836561546934083, 0.08220499023924792, -4.686264909382091e-06, 0, 0, 0, 9207000000, 
0.9085965735066708, -0.05208966334217883, -0.06836606100810334, 0.08159363503197598, -4.655129011951216e-06, 0, 0, 0, 9309000000, 
0.9168427597591802, -0.05265435318661244, -0.06836646570475796, 0.08085411910659836, -2.668835372262603e-06, 0, 0, 0, 9411000000, 
0.9250145368330374, -0.05321393904736761, -0.06836681175911896, 0.0801227280270235, -2.1666371278906194e-06, 0, 0, 0, 9513000000, 
0.9331098335960064, -0.05376829507614062, -0.06836710180622402, 0.07929096413919534, -2.735938877866134e-06, 0, 0, 0, 9615000000, 
0.941128032718061, -0.05431737944542471, -0.06836735240732891, 0.07860456970772461, -1.1170918507943942e-06, 0, 0, 0, 9717000000, 
0.9490699931138192, -0.05486123684229979, -0.0683675763082525, 0.07778992677229382, -1.9479969298907276e-06, 0, 0, 0, 9819000000, 
0.9569364315915028, -0.05539992784277342, -0.06836773956757594, 0.07705044399216447, -1.6980939010638626e-06, 0, 0, 0, 9921000000, 
0.9647280432399992, -0.05593350151402612, -0.06836788791706436, 0.07638281814945733, -3.646895078963119e-07, 0, 0, 0, 10023000000, 
0.9724454710086979, -0.05646198552612633, -0.068368011213082, 0.07558899208267994, -7.143272044080869e-07, 0, 0, 0, 10125000000, 
0.9800894222132919, -0.05698544735212342, -0.06836811189220507, 0.07493738911436404, 8.362515401756204e-08, 0, 0, 0, 10227000000, 
0.9876606321630481, -0.057503923255514275, -0.06836819274591187, 0.0742237520420474, -4.1922585840861297e-07, 0, 0, 0, 10329000000, 
0.9951597986783746, -0.05801746670836445, -0.06836825575473701, 0.07345265314735772, -8.057654992301133e-07, 0, 0, 0, 10431000000, 
1.0001195864391492, -0.058357115432784955, -0.06836829709425049, 0.0727641784582156, -5.394540628600662e-07, 0, 0, 0, 10499000000, 
1.0075001623908055, -0.05886254154299447, -0.06836834197425508, 0.07213535419776682, -7.93824357265525e-07, 0, 0, 0, 10601000000, 
1.0148104819292254, -0.05936315788481953, -0.06836835395001437, 0.07144739094245083, -7.852190480298314e-07, 0, 0, 0, 10703000000, 
1.0220511972185449, -0.05985900032718721, -0.06836837625036488, 0.07075928690114895, -5.263020793999579e-07, 0, 0, 0, 10805000000, 
1.0292108234795292, -0.060349291482041365, -0.0683683646279287, 0.07017810196299507, -4.4389884473172533e-07, 0, 0, 0, 10907000000, 
1.0363098740096701, -0.06083543713934005, -0.06836835327060178, 0.0695540809340673, 1.4130939663499884e-08, 0, 0, 0, 11009000000, 
1.043344685193814, -0.06131718481737778, -0.06836833930873461, 0.06897606016142188, 3.5468353831437683e-07, 0, 0, 0, 11111000000, 
1.050313647125459, -0.06179442290306645, -0.06836832006087107, 0.06831912148368005, 1.0204027291939952e-06, 0, 0, 0, 11213000000, 
1.057216342526569, -0.062267117785656696, -0.06836830449505661, 0.06761997796527527, 3.1995452537754133e-07, 0, 0, 0, 11315000000, 
1.0640533983060363, -0.06273532267979569, -0.06836826988734089, 0.06702529297081786, 5.080613430680524e-07, 0, 0, 0, 11417000000, 
1.0708254156552615, -0.06319907024145972, -0.06836823722900645, 0.06638924884351517, 2.5015584758569817e-07, 0, 0, 0, 11519000000, 
1.077532974334334, -0.0636584030224372, -0.0683682032829535, 0.06569963954088147, 7.17087782952771e-07, 0, 0, 0, 11621000000, 
1.084176746452051, -0.06411337128832897, -0.0683681682855688, 0.06513108628870778, 8.331790134618998e-07, 0, 0, 0, 11723000000, 
1.0907572684727083, -0.06456400615905836, -0.06836813013993023, 0.06451007723743027, 6.643715487367284e-07, 0, 0, 0, 11825000000, 
1.0972751162995613, -0.065010346186734, -0.06836808922352827, 0.06384123489039643, 1.0127430942341685e-06, 0, 0, 0, 11927000000, 
1.1037309652391032, -0.06545244291331473, -0.068368048940165, 0.06323282392958017, 9.892572254984625e-07, 0, 0, 0, 12029000000, 
1.1101253600745227, -0.06589033112822608, -0.06836800400783315, 0.06264080612347749, 7.816488637666443e-07, 0, 0, 0, 12131000000, 
1.114354447336697, -0.06617993891007805, -0.06836799447111724, 0.06209934553113524, 2.4923922594176153e-07, 0, 0, 0, 12199000000, 
1.1206476973937531, -0.06661089923400029, -0.06836793845135969, 0.061500891975717356, 3.006537224067948e-07, 0, 0, 0, 12301000000, 
1.1268810675636693, -0.06703776262345681, -0.06836788864787827, 0.06092054543219765, 5.973950688626938e-07, 0, 0, 0, 12403000000, 
1.1330550941754514, -0.06746055726050477, -0.06836783710500123, 0.060340877466869024, 7.833513905348147e-07, 0, 0, 0, 12505000000, 
1.1391599690883636, -0.0678786155448505, -0.06836777769452601, 0.05989242591746169, 3.825734263706739e-07, 0, 0, 0, 12607000000, 
1.1452131860615054, -0.06829313583703013, -0.0683677177020962, 0.059351410324481026, 1.8893721248887525e-07, 0, 0, 0, 12709000000, 
1.1512116495535285, -0.06870390766177988, -0.06836766268708769, 0.058814085201943415, 3.944447955548304e-07, 0, 0, 0, 12811000000, 
1.1571539745180877, -0.06911083512135159, -0.06836760869920636, 0.058254708683934654, 3.46125824995176e-07, 0, 0, 0, 12913000000, 
1.1630397758050175, -0.06951389132123716, -0.06836755376646537, 0.057701380649219924, 3.0489459563909903e-07, 0, 0, 0, 13015000000, 
1.1688696043170121, -0.06991311435273229, -0.0683675001678428, 0.05711024063925267, 2.402886402845581e-07, 0, 0, 0, 13117000000, 
1.1746439644323825, -0.07030853845826818, -0.06836744491963898, 0.056567285491942586, 3.994510239177905e-07, 0, 0, 0, 13219000000, 
1.1803634037390738, -0.07070020282021665, -0.06836738926019291, 0.05606694848303588, 9.14440719214136e-07, 0, 0, 0, 13321000000, 
1.186028412584142, -0.07108813795968928, -0.06836733809953065, 0.05553373992138086, 8.378322508910801e-07, 0, 0, 0, 13423000000, 
1.1916394897208544, -0.07147238244753475, -0.06836728332158437, 0.05500420434029215, 7.977307983371574e-07, 0, 0, 0, 13525000000, 
1.197197156149756, -0.07185296642109563, -0.06836722785850294, 0.05448064628689398, 6.961182388549025e-07, 0, 0, 0, 13627000000, 
1.2008728273363471, -0.07210466985714432, -0.06836720415365234, 0.053916813132534706, 5.158430024123059e-07, 0, 0, 0, 13695000000, 
1.2063426231198802, -0.07247924223052947, -0.06836714506693987, 0.05345880909204488, 5.900198471875574e-07, 0, 0, 0, 13797000000, 
1.21176035423554, -0.07285024043039341, -0.06836709224381993, 0.05294855683728753, 9.260497174046427e-07, 0, 0, 0, 13899000000, 
1.2171265088816747, -0.0732177087855476, -0.06836703448302713, 0.05244427127382657, 7.845568938613009e-07, 0, 0, 0, 14001000000, 
1.2224455134437557, -0.07358194614968748, -0.06836698364909533, 0.05205865969691428, 8.58864514996764e-07, 0, 0, 0, 14103000000, 
1.227706659001478, -0.07394222210415596, -0.068366914076057, 0.05154017289541972, 5.206863150669727e-07, 0, 0, 0, 14205000000, 
1.2329202006284485, -0.07429923867399958, -0.06836684807500962, 0.051074477752127916, 8.814172619494864e-07, 0, 0, 0, 14307000000, 
1.238084925632268, -0.07465291205155875, -0.06836678635375723, 0.05058783735653096, 1.3984333661273433e-06, 0, 0, 0, 14409000000, 
1.2432005440149705, -0.07500322425568906, -0.06836673193906008, 0.05014753717521162, 1.1959373030197977e-06, 0, 0, 0, 14511000000, 
1.248267443699813, -0.07535019821865903, -0.06836666881774399, 0.04967019550953091, 9.391287714280999e-07, 0, 0, 0, 14613000000, 
1.2532860991063721, -0.07569386813668705, -0.06836661080137249, 0.049198102501391866, 9.72388224228159e-07, 0, 0, 0, 14715000000, 
1.2582569873407257, -0.07603426622711476, -0.06836655153202638, 0.048688942430091066, 7.259834876449376e-07, 0, 0, 0, 14817000000, 
1.263180614314304, -0.07637142735297378, -0.06836649610665896, 0.04826254735732007, 9.619136220794436e-07, 0, 0, 0, 14919000000, 
1.2680573407448275, -0.07670537754436026, -0.06836644132365431, 0.04780327071659072, 1.1731350938519876e-06, 0, 0, 0, 15021000000, 
1.272887644427943, -0.07703615026024939, -0.0683663821645524, 0.04735366256061308, 8.167180740846249e-07, 0, 0, 0, 15123000000, 
1.2776719942737162, -0.07736377340924258, -0.06836633137023584, 0.04690279764420147, 5.505790732825487e-07, 0, 0, 0, 15225000000, 
1.2824107922899977, -0.07768827751154746, -0.06836627655606864, 0.04642207210801856, 1.3772185214299162e-07, 0, 0, 0, 15327000000, 
1.2855449267001278, -0.07790289760676274, -0.06836626853038506, 0.0459815382215896, 9.349464256117083e-07, 0, 0, 0, 15395000000, 
1.2902087892892957, -0.07822226962380809, -0.06836621267842952, 0.04553589625219464, 9.754462400356794e-07, 0, 0, 0, 15497000000, 
1.2948282944936795, -0.0785386055352947, -0.06836615228309889, 0.045144835069111725, 1.1681981964563607e-06, 0, 0, 0, 15599000000, 
1.2994037845203823, -0.07885192706751497, -0.06836609321266668, 0.0447148704424371, 1.4262676136027357e-06, 0, 0, 0, 15701000000, 
1.3039280495611436, -0.07916173705140941, -0.06836602885564622, 0.044354353527402315, -1.2903412519903206e-07, 0, 0, 0, 15803000000, 
1.3084140019945256, -0.07946892572124226, -0.06836595620099592, 0.04394617655820448, 1.5484381056416392e-07, 0, 0, 0, 15905000000, 
1.3128593978795744, -0.07977333696580452, -0.06836589367341442, 0.04358751825701858, 7.155851539914683e-07, 0, 0, 0, 16007000000, 
1.3172631735787108, -0.08007489797667765, -0.06836583854782198, 0.04317137195149758, 3.0858150944754896e-07, 0, 0, 0, 16109000000, 
1.3216250627353858, -0.08037359001434419, -0.06836578231182938, 0.04276089202376636, 1.2812198549692603e-07, 0, 0, 0, 16211000000, 
1.3259454964969453, -0.08066944301284307, -0.06836572577063003, 0.042355708633029954, 7.640353581546743e-07, 0, 0, 0, 16313000000, 
1.3302248133937107, -0.08096248106305509, -0.06836567539072, 0.041950514503842934, 4.067051114925425e-07, 0, 0, 0, 16415000000, 
1.3344633916477944, -0.08125272759226418, -0.06836561177496732, 0.04155215265683396, 3.8420769092217695e-07, 0, 0, 0, 16517000000, 
1.3386616369246576, -0.08154021202977405, -0.06836555681034935, 0.04112082420575013, 3.91034241664554e-07, 0, 0, 0, 16619000000, 
1.3428199767866904, -0.0818249658184418, -0.06836550309997433, 0.04076390713190637, 3.0682431617637013e-07, 0, 0, 0, 16721000000, 
1.3469386776743673, -0.08210700331277135, -0.06836544641140442, 0.04037542890177609, 3.756091669644509e-07, 0, 0, 0, 16823000000, 
1.3510181831347101, -0.08238635547203035, -0.06836538734856802, 0.03995832702840825, 1.281046244540641e-07, 0, 0, 0, 16925000000, 
1.3537162831138425, -0.08257111444225125, -0.06836536396168327, 0.03957756599078658, 1.2461771760363608e-06, 0, 0, 0, 16993000000, 
1.357731289508858, -0.08284605050463598, -0.06836530819889117, 0.039200502124273756, 7.217260233833799e-07, 0, 0, 0, 17095000000, 
1.3617080858019566, -0.08311837217430837, -0.06836523901710426, 0.0388660351098807, 9.357982899556573e-07, 0, 0, 0, 17197000000, 
1.3656470502949314, -0.08338810050827314, -0.06836518532759182, 0.03849332487794801, 1.3892219707298837e-06, 0, 0, 0, 17299000000, 
1.3695418892740459, -0.08365480686709077, -0.0683651343954842, 0.038210955408730346, 9.067921176144931e-07, 0, 0, 0, 17401000000, 
1.373403723286295, -0.08391925297089935, -0.0683650769411774, 0.03783182500622915, 2.7566793280572653e-07, 0, 0, 0, 17503000000, 
1.377230629349441, -0.0841813077374618, -0.0683650142441009, 0.03752195101762337, 6.855760452062879e-07, 0, 0, 0, 17605000000, 
1.3810217397080293, -0.08444091249219231, -0.06836494385684576, 0.037164836544394626, -9.686285414705697e-08, 0, 0, 0, 17707000000, 
1.3847768177352093, -0.08469804686225363, -0.06836489246452286, 0.03681185169507457, 5.828683006150901e-07, 0, 0, 0, 17809000000, 
1.3884961552514952, -0.08495273426629497, -0.06836484184290477, 0.03645615763016147, 8.18519795808211e-07, 0, 0, 0, 17911000000, 
1.3921800746143016, -0.08520499849641722, -0.06836478610953863, 0.03611203202583112, 8.496207614817156e-07, 0, 0, 0, 18013000000, 
1.3958289840346974, -0.08545486316036456, -0.06836472208580503, 0.03577121943450861, -2.328810049764272e-08, 0, 0, 0, 18115000000, 
1.3994431884755825, -0.0857023509451766, -0.06836466849600674, 0.035430129706891224, 6.280466276271923e-07, 0, 0, 0, 18217000000, 
1.4030229514127297, -0.0859474803188831, -0.06836461783534967, 0.0350638118377032, 6.16110287063289e-07, 0, 0, 0, 18319000000, 
1.4065686222026985, -0.08619027490338864, -0.0683645584894947, 0.034753941784378434, 7.051228109835373e-07, 0, 0, 0, 18421000000, 
1.4100806279047797, -0.0864307660570312, -0.06836449973820885, 0.03442750945504555, 3.3584426525721085e-08, 0, 0, 0, 18523000000, 
1.4124033727496612, -0.08658981871102643, -0.06836446744256984, 0.034106623945403855, 1.2162899810214857e-06, 0, 0, 0, 18591000000, 
1.4158597736484264, -0.08682650108189569, -0.06836441851647308, 0.03377919290578158, 6.990028234110367e-07, 0, 0, 0, 18693000000, 
1.419283244132303, -0.08706092686871288, -0.06836436023931522, 0.03345856943111522, 4.3242384531137776e-07, 0, 0, 0, 18795000000, 
1.4226742069927187, -0.08729312654461484, -0.06836429572699719, 0.033109114603181104, 3.683790740465795e-07, 0, 0, 0, 18897000000, 
1.426027183724551, -0.08752272496821, -0.06836423858199683, 0.032889937914108755, 7.853867403926188e-07, 0, 0, 0, 18999000000, 
1.429351727587652, -0.08775037653858199, -0.06836418207219751, 0.03259155910107739, 8.097359286227449e-07, 0, 0, 0, 19101000000, 
1.432646211361412, -0.08797596977163923, -0.06836412017959215, 0.0322969937964179, 6.250083294218619e-07, 0, 0, 0, 19203000000, 
1.4359099160768778, -0.08819945558434733, -0.06836406606450235, 0.03199370619414027, 6.651779579808653e-07, 0, 0, 0, 19305000000, 
1.439142536522819, -0.08842081181801963, -0.06836400729530476, 0.03166387522648513, 4.741153256283516e-07, 0, 0, 0, 19407000000, 
1.4423443855877054, -0.08864006069013006, -0.0683639498237974, 0.03138376265789473, 7.016367707708501e-07, 0, 0, 0, 19509000000, 
1.4455158570332425, -0.08885723081748766, -0.06836389269195918, 0.031088438370122075, 5.132139640515142e-07, 0, 0, 0, 19611000000, 
1.4486571090065417, -0.08907233030498202, -0.06836383500534625, 0.030791556424912624, 7.268764275291773e-07, 0, 0, 0, 19713000000, 
1.4517684190737041, -0.08928537896430275, -0.06836377948506438, 0.03049986373873934, 7.000050954726681e-07, 0, 0, 0, 19815000000, 
1.454850178419797, -0.08949640418465002, -0.06836372073085675, 0.03019086845237769, 4.5656489403251884e-07, 0, 0, 0, 19917000000, 
1.4579026084183337, -0.08970542076606862, -0.06836366590801246, 0.029903542642296076, 5.035807960325691e-07, 0, 0, 0, 20019000000, 
1.4609259336462619, -0.08991244453479559, -0.0683636101511095, 0.029613863668344197, 4.519748714214392e-07, 0, 0, 0, 20121000000, 
1.4629255041711398, -0.09004936596231343, -0.0683635803144449, 0.029355769489453648, 4.533009344509302e-07, 0, 0, 0, 20189000000, 
1.4659010747066428, -0.09025311976069547, -0.06836352701994651, 0.02905759237404223, 2.013547943149034e-07, 0, 0, 0, 20291000000, 
1.4688482709632438, -0.0904549300248676, -0.06836346942479833, 0.02877524303010263, 3.467694259009072e-07, 0, 0, 0, 20393000000, 
1.4717674421096791, -0.09065482168127109, -0.06836340863003243, 0.028530625114527895, 3.885331191441309e-07, 0, 0, 0, 20495000000, 
1.4746539677796764, -0.09085247725927127, -0.06836334759987346, 0.028316250052829763, 3.384208898690192e-07, 0, 0, 0, 20597000000, 
1.4775159978007215, -0.0910484550602, -0.06836328446645619, 0.028058872021016423, 6.044135971414989e-07, 0, 0, 0, 20699000000, 
1.480352090543051, -0.09124265652015387, -0.06836322794993305, 0.02778507200693492, 7.169923475090968e-07, 0, 0, 0, 20801000000, 
1.4831617402951527, -0.09143504722314066, -0.06836317457384426, 0.027520597052779545, 4.917175308901922e-07, 0, 0, 0, 20903000000, 
1.4859446338893343, -0.09162560587196786, -0.06836311440375356, 0.02725886569833387, 8.064645126241693e-07, 0, 0, 0, 21005000000, 
1.4887010234798075, -0.09181434920962031, -0.06836305703222352, 0.0270172106557328, 9.86240028798712e-07, 0, 0, 0, 21107000000, 
1.4914312472854598, -0.09200130188461936, -0.06836300346189449, 0.026764481861037265, 6.400916853782746e-07, 0, 0, 0, 21209000000, 
1.4941354914575324, -0.09218647413800735, -0.06836294690110632, 0.026509274709735894, 7.457339450282698e-07, 0, 0, 0, 21311000000, 
1.4968139477718525, -0.09236988073540711, -0.06836289285151843, 0.02625786416442529, 5.161765777982007e-07, 0, 0, 0, 21413000000, 
1.4994669202557132, -0.09255154263131588, -0.06836283552636672, 0.02600814964575374, 6.623432319270416e-07, 0, 0, 0, 21515000000, 
1.5020947244900746, -0.09273148055245099, -0.06836278637629359, 0.025761112960891216, 5.481433325747642e-07, 0, 0, 0, 21617000000, 
1.5038326514834446, -0.09285048408312371, -0.06836275548492218, 0.025514053313855534, 8.151919848378896e-07, 0, 0, 0, 21685000000, 
1.5064188004486594, -0.09302756958451551, -0.06836270304707535, 0.025270887705725824, 8.72183450551179e-07, 0, 0, 0, 21787000000, 
1.5089803808322466, -0.09320297384434906, -0.06836264594717281, 0.02503513198020289, 5.152122185355238e-07, 0, 0, 0, 21889000000, 
1.5115176041093756, -0.09337670815922647, -0.06836259348502109, 0.024777108229738085, 7.489612972043226e-07, 0, 0, 0, 21991000000, 
1.5140263424191072, -0.09354849233996233, -0.06836252983864505, 0.024595940899063598, 2.530170200386006e-07, 0, 0, 0, 22093000000, 
1.516513845076357, -0.09371882290398333, -0.06836246414007745, 0.02438974761514818, 7.184109092958227e-07, 0, 0, 0, 22195000000, 
1.5189789401251579, -0.09388761820757519, -0.06836241561053198, 0.02415361281549578, 4.650350062723237e-07, 0, 0, 0, 22297000000, 
1.5214209190121557, -0.09405483067769482, -0.06836235695416658, 0.023934758758814574, 4.917458770979179e-07, 0, 0, 0, 22399000000, 
1.523839618770459, -0.09422045005983042, -0.0683622987740769, 0.023708709675164277, 5.505644014275794e-07, 0, 0, 0, 22501000000, 
1.5262353261438542, -0.0943844939150896, -0.06836223755418898, 0.023484132737355577, 7.232411740386843e-07, 0, 0, 0, 22603000000, 
1.5286083362781828, -0.09454698326475086, -0.06836218789933712, 0.023262891321527597, 6.893035152949851e-07, 0, 0, 0, 22705000000, 
1.530177773333709, -0.09465444894705718, -0.06836215601261061, 0.023044487615638858, 7.712763625132927e-07, 0, 0, 0, 22773000000, 
1.5325131711575213, -0.09481436331023192, -0.06836209933175538, 0.02282092487814423, 9.087242915431194e-07, 0, 0, 0, 22875000000, 
1.534826353644227, -0.09497275608780104, -0.06836204370692377, 0.022607055445642905, 9.230187393608371e-07, 0, 0, 0, 22977000000, 
1.5371175624321427, -0.09512964318921746, -0.0683619934672608, 0.022371119900629458, 7.791568839290136e-07, 0, 0, 0, 23079000000, 
1.539388597941444, -0.09528514930253468, -0.06836193217426391, 0.02222298234627848, 5.628349977531758e-07, 0, 0, 0, 23181000000, 
1.5416349684883452, -0.09543896717825091, -0.06836186353087714, 0.022025564738325454, 3.241069308604258e-07, 0, 0, 0, 23283000000, 
1.5438609971228092, -0.09559139143213194, -0.06836181139721324, 0.021825477359041428, 4.2320721070210564e-07, 0, 0, 0, 23385000000, 
1.546066143705836, -0.09574238566508185, -0.06836175226852956, 0.021599563092141887, 5.607236492402569e-07, 0, 0, 0, 23487000000, 
1.5482504114778044, -0.09589194973102898, -0.06836169270860461, 0.021412327391837384, 4.1692309238408465e-07, 0, 0, 0, 23589000000, 
1.5504138307003077, -0.09604008751630229, -0.06836164368411586, 0.021208826893700114, 5.775424935398778e-07, 0, 0, 0, 23691000000, 
1.5525565922589692, -0.09618680967278748, -0.06836158773265771, 0.021005858455970847, 6.040935870979641e-07, 0, 0, 0, 23793000000, 
1.5546790073191223, -0.09633213854844418, -0.06836152398016603, 0.020808000306098737, 2.8740194416718895e-07, 0, 0, 0, 23895000000, 
1.5567813026282582, -0.09647608970406518, -0.06836147282772938, 0.020609598045629503, 3.5130591315482046e-07, 0, 0, 0, 23997000000, 
1.5588635232637207, -0.09661866613869866, -0.06836141811535355, 0.020394911680290485, 5.750746197899746e-07, 0, 0, 0, 24099000000, 
1.5609258837796838, -0.09675988303464489, -0.0683613672906904, 0.02021787921621524, 6.548658655129983e-07, 0, 0, 0, 24201000000, 
1.5622898672007766, -0.09685327929182172, -0.06836132239515424, 0.020009553416399914, 5.017360956969197e-07, 0, 0, 0, 24269000000, 
1.5643197217306573, -0.09699227028645116, -0.06836127192481276, 0.019839204706158575, 8.461172213637239e-07, 0, 0, 0, 24371000000, 
1.5663302066157598, -0.09712993446484096, -0.06836122211407525, 0.019647428725542013, 5.933182254408909e-07, 0, 0, 0, 24473000000, 
1.5683214957074874, -0.09726628381723734, -0.06836116639118195, 0.019461672016678446, 4.6585195868353215e-07, 0, 0, 0, 24575000000, 
1.57029531036093, -0.09740143658432432, -0.06836110335442062, 0.019305074855290722, 2.78069310770529e-07, 0, 0, 0, 24677000000, 
1.572247722708946, -0.09753512392807034, -0.06836104496150273, 0.019143983997264895, 1.4815720438268458e-07, 0, 0, 0, 24779000000, 
1.574182416668469, -0.09766759795525118, -0.06836099043572262, 0.01895391126863197, 4.4810306622903845e-07, 0, 0, 0, 24881000000, 
1.5760989628936657, -0.09779882901758268, -0.06836093300291604, 0.01878789445488659, 5.309578345404274e-07, 0, 0, 0, 24983000000, 
1.5779973038093313, -0.09792881411941415, -0.06836087631369048, 0.018611311357961735, 1.6486589935357248e-07, 0, 0, 0, 25085000000, 
1.579877644315425, -0.09805756630982061, -0.06836082163089781, 0.018433266101935276, 5.272870941258317e-07, 0, 0, 0, 25187000000, 
1.5817400118025735, -0.09818508752117472, -0.06836076816118407, 0.018257467585522175, 5.594261810937462e-07, 0, 0, 0, 25289000000, 
1.5835846417233246, -0.0983113943218318, -0.06836070992499871, 0.018084576999555645, 2.1796594308739454e-07, 0, 0, 0, 25391000000, 
1.585411757177589, -0.09843650110926389, -0.06836065536501801, 0.017897379404021203, 4.4771996275370115e-07, 0, 0, 0, 25493000000, 
1.587221453016373, -0.09856041521478108, -0.0683606012222702, 0.01774041884667243, 5.927271235625061e-07, 0, 0, 0, 25595000000, 
1.5890139596663364, -0.09868315291089486, -0.0683605449367793, 0.017572002277264253, 2.7850765537760913e-07, 0, 0, 0, 25697000000, 
1.5907893630154544, -0.09880471908750962, -0.06836048892604828, 0.01740533180556555, 4.657559977949439e-07, 0, 0, 0, 25799000000, 
1.5919635721996446, -0.0988851198787871, -0.06836045090884271, 0.017228509554331087, 3.014520883059421e-07, 0, 0, 0, 25867000000, 
1.5937109657588, -0.099004767761321, -0.06836039814339342, 0.017062440549732306, 3.0225938478805145e-07, 0, 0, 0, 25969000000, 
1.5954416759139198, -0.09912327332425995, -0.06836034305379253, 0.01689974902142988, 2.5103266400053106e-07, 0, 0, 0, 26071000000, 
1.5971558955606342, -0.09924064980119188, -0.06836028330157222, 0.016741426019442528, 2.883460235461903e-07, 0, 0, 0, 26173000000, 
1.598850967105953, -0.09935671485260451, -0.06836022904619449, 0.01662966158041223, 3.849043481847041e-07, 0, 0, 0, 26275000000, 
1.600531632839517, -0.09947179345469871, -0.06836017465778738, 0.016479472735864916, 5.293210229461614e-07, 0, 0, 0, 26377000000, 
1.6021971428859676, -0.09958583420973478, -0.06836011957045887, 0.016317833308514593, 5.445758603944704e-07, 0, 0, 0, 26479000000, 
1.6038470374550677, -0.09969880558659087, -0.06836006481695373, 0.016170906103868867, 6.236256631817407e-07, 0, 0, 0, 26581000000, 
1.605481239911156, -0.09981070256592059, -0.06836000970595564, 0.016017885209646802, 5.862102698340335e-07, 0, 0, 0, 26683000000, 
1.607099958854002, -0.09992153929138861, -0.06835995382491858, 0.01585669537841509, 5.215455220626694e-07, 0, 0, 0, 26785000000, 
1.6087032132372348, -0.10003131699898814, -0.06835989832527883, 0.015704160150906414, 5.752010234565717e-07, 0, 0, 0, 26887000000, 
1.610291218219234, -0.10014005037195974, -0.0683598426912603, 0.01556512036533799, 5.995988093676393e-07, 0, 0, 0, 26989000000, 
1.6118641606792423, -0.10024775247019037, -0.06835978742086293, 0.01541082485187147, 5.431109741237809e-07, 0, 0, 0, 27091000000, 
1.61342205771288, -0.10035442423883015, -0.06835973221954603, 0.015259974572122751, 5.686359558803595e-07, 0, 0, 0, 27193000000, 
1.6144524308557286, -0.10042497607044044, -0.0683596952077296, 0.015130359086296381, 3.9824259591983743e-07, 0, 0, 0, 27261000000, 
1.6159857629153171, -0.10052996523846457, -0.06835963911495521, 0.014986576120114854, 3.922726035732907e-07, 0, 0, 0, 27363000000, 
1.617504478342437, -0.10063395389321657, -0.06835958412644236, 0.014843568205915085, 3.8332112530676375e-07, 0, 0, 0, 27465000000, 
1.6190086990927401, -0.10073695044718224, -0.0683595282834629, 0.014702484539369379, 4.0537677239430473e-07, 0, 0, 0, 27567000000, 
1.6204961271300933, -0.10083879615235453, -0.06835947021653704, 0.014592404895862604, 5.329597909319109e-07, 0, 0, 0, 27669000000, 
1.6219709191478897, -0.10093977712368192, -0.06835941524305408, 0.014459637219938332, 6.077769134258982e-07, 0, 0, 0, 27771000000, 
1.6234323550179768, -0.1010398436254632, -0.0683593601475975, 0.014329652333959258, 6.283042681237438e-07, 0, 0, 0, 27873000000, 
1.6248801872805518, -0.10113897821160084, -0.06835930371847333, 0.014185821028052496, 5.85626594710545e-07, 0, 0, 0, 27975000000, 
1.626314230393746, -0.10123716868602549, -0.06835924778699821, 0.014050710912090989, 5.621727562118642e-07, 0, 0, 0, 28077000000, 
1.6277345640819199, -0.10133442044128418, -0.06835919233832903, 0.013913017037596504, 5.79838971334701e-07, 0, 0, 0, 28179000000, 
1.629141434241445, -0.10143075046643521, -0.06835913598382412, 0.013792488029293419, 5.939991433827364e-07, 0, 0, 0, 28281000000, 
1.630534965654827, -0.10152616653111916, -0.06835907986085688, 0.013658295046997436, 5.935145037589562e-07, 0, 0, 0, 28383000000, 
1.631915178707673, -0.10162067131160026, -0.06835902408023056, 0.013531211586730308, 5.875408188834647e-07, 0, 0, 0, 28485000000, 
1.6332822451006086, -0.10171427542941239, -0.06835896808763385, 0.013402476895128699, 5.955124191861318e-07, 0, 0, 0, 28587000000, 
1.6346363566431046, -0.10180699215196622, -0.06835891205024869, 0.013271980558667412, 5.875280309380959e-07, 0, 0, 0, 28689000000, 
1.6359775233332747, -0.10189882313917847, -0.0683588563380927, 0.013148491358100103, 5.746591846102456e-07, 0, 0, 0, 28791000000, 
1.6373059141541118, -0.10198977887877127, -0.0683588003663057, 0.013023378976250414, 5.850611453216395e-07, 0, 0, 0, 28893000000, 
1.6381845270458841, -0.10204993789280042, -0.06835876295955362, 0.01288889019482275, 4.0368752551333543e-07, 0, 0, 0, 28961000000, 
1.639491982949354, -0.10213945986473202, -0.06835870709176455, 0.01277744884382369, 4.298298130498845e-07, 0, 0, 0, 29063000000, 
1.6407869008563145, -0.102228123931771, -0.06835865148939634, 0.012655585891553491, 4.1094077584133787e-07, 0, 0, 0, 29165000000, 
1.6420695162328274, -0.10231594518919679, -0.06835859540086175, 0.012537219010932002, 3.9723266591232616e-07, 0, 0, 0, 29267000000, 
1.6433409541276587, -0.10240300080746058, -0.06835853860549677, 0.012435075560897567, 3.845831149615264e-07, 0, 0, 0, 29369000000, 
1.6445985118531838, -0.1024891061772547, -0.06835848237758606, 0.012320701134047811, 4.989871862846453e-07, 0, 0, 0, 29471000000, 
1.6458446292849356, -0.10257442802752764, -0.06835842767017755, 0.012218003144146996, 5.893462411700506e-07, 0, 0, 0, 29573000000, 
1.6470791336750341, -0.10265895505359963, -0.06835837203239406, 0.012104228156459963, 5.457451963938627e-07, 0, 0, 0, 29675000000, 
1.6483019345153103, -0.10274268029940639, -0.06835831614767826, 0.011987353370360825, 5.412582641301513e-07, 0, 0, 0, 29777000000, 
1.6495130064194543, -0.10282560259011309, -0.06835826060815808, 0.011872555732968484, 5.288240351638314e-07, 0, 0, 0, 29879000000, 
1.6507125810645595, -0.10290773759748068, -0.06835820483090727, 0.01176188468103511, 5.134229547698685e-07, 0, 0, 0, 29981000000, 
1.6519007969895585, -0.10298909457781469, -0.0683581491545796, 0.01164793551450867, 5.218860052902141e-07, 0, 0, 0, 30083000000, 
1.653077624455492, -0.10306967208535306, -0.06835809329017142, 0.011538256087884335, 5.539900784016208e-07, 0, 0, 0, 30185000000, 
1.6542432998311192, -0.10314948568297218, -0.06835803802329488, 0.011418147761482974, 5.440921294573368e-07, 0, 0, 0, 30287000000, 
1.6553978721341929, -0.10322853894743227, -0.06835798222814662, 0.01131873175263617, 5.607944277751381e-07, 0, 0, 0, 30389000000, 
1.6565414484359264, -0.10330683958037894, -0.06835792672593785, 0.011211972812399619, 5.217491706427869e-07, 0, 0, 0, 30491000000, 
1.6576741314399053, -0.10338439406299621, -0.06835787102938273, 0.011105904762765234, 5.425955624017131e-07, 0, 0, 0, 30593000000, 
1.6584232499835077, -0.10343568598791193, -0.06835783606543819, 0.010990059694311105, 3.569945262594012e-07, 0, 0, 0, 30661000000, 
1.6595380671310298, -0.1035120170695023, -0.06835777898949559, 0.010885410989989887, 2.985690912182516e-07, 0, 0, 0, 30763000000, 
1.660642224661266, -0.10358761816329332, -0.06835772531727588, 0.01079095081940321, 4.5105096352199073e-07, 0, 0, 0, 30865000000, 
1.6617358739146815, -0.10366250020834467, -0.06835766850235198, 0.010689902224075546, 3.3493904074280683e-07, 0, 0, 0, 30967000000, 
1.662817309143512, -0.10373654526823806, -0.0683576110575992, 0.010601227569692636, 4.026451892546104e-07, 0, 0, 0, 31069000000, 
1.663889533979684, -0.10380996000457281, -0.06835755479518667, 0.01051389333380759, 5.740377261116136e-07, 0, 0, 0, 31171000000, 
1.6649521061056858, -0.10388271362410392, -0.0683575009438375, 0.010413904144235155, 5.089148300078084e-07, 0, 0, 0, 31273000000, 
1.666004729020027, -0.103954785964288, -0.06835744421370146, 0.010311048919024027, 5.671518306652407e-07, 0, 0, 0, 31375000000, 
1.6670472996587509, -0.1040261701045091, -0.06835738919125185, 0.01022282856245352, 5.299167469043463e-07, 0, 0, 0, 31477000000, 
1.6680800162714482, -0.10409687931111836, -0.06835733407651533, 0.010119377126507147, 4.5077112942353847e-07, 0, 0, 0, 31579000000, 
1.669102851872395, -0.10416691205260127, -0.06835727780457546, 0.010019413116709643, 4.746035060536174e-07, 0, 0, 0, 31681000000, 
1.670116010722769, -0.10423628203035211, -0.06835722261739408, 0.009931854080498993, 4.80833957140551e-07, 0, 0, 0, 31783000000, 
1.6711194838152537, -0.10430498899853137, -0.06835716607611793, 0.009838468259453448, 5.097207439018659e-07, 0, 0, 0, 31885000000, 
1.6721133927666143, -0.10437304104162622, -0.06835711130450876, 0.009744633673883953, 5.017589606881898e-07, 0, 0, 0, 31987000000, 
1.6730979110523863, -0.10444044990362121, -0.06835705620769712, 0.009653840771559438, 4.783266443084716e-07, 0, 0, 0, 32089000000, 
1.6737490322556707, -0.10448503143373214, -0.0683570210322528, 0.00956052453664823, 4.159462401545692e-07, 0, 0, 0, 32157000000, 
1.6747178981706774, -0.10455136868203481, -0.06835696563350119, 0.009460701062367294, 4.718200550923249e-07, 0, 0, 0, 32259000000, 
1.6756776249841563, -0.1046170798121622, -0.06835690968829022, 0.009379760744441605, 3.402855702145487e-07, 0, 0, 0, 32361000000, 
1.6766281538936776, -0.10468216165722401, -0.06835685469273935, 0.009290664851386016, 4.5475625210424306e-07, 0, 0, 0, 32463000000, 
1.6797336056903167, -0.10489478880698053, -0.06835649173913538, 4.284324570929808e-06, -1.1001358127845689e-07, 0, 0, 0, 44771000000, 
1.679733641184532, -0.10489479112330677, -0.06835648846092549, 2.8131454630824016e-06, -1.2796081583196334e-07, 0, 0, 0, 44873000000, 
1.6797336720643747, -0.1048947932803974, -0.06835648615644009, 1.3714657550107583e-06, -1.413754483770923e-07, 0, 0, 0, 44941000000, 
1.6797336345084821, -0.10489479077489602, -0.06835648370502935, 2.0505160677717762e-06, -1.374338523554842e-07, 0, 0, 0, 45043000000, 
1.6857827199106254, -0.10530384634711262, -0.06582122754326374, 0.17782714639703556, 0.1633253332649517, 0, 0, 0, 45145000000, 
1.697050110167545, -0.1059554611381819, -0.04970280452446334, 0.0771758221215846, 0.12545479565781814, 0, 0, 0, 45247000000, 
1.702940766140425, -0.10613227794525161, -0.0004577917499695138, 0.056197916323930446, 0.4981952423251838, 0, 0, 0, 45349000000, 
1.7087176184393698, -0.1060048987991253, 0.0486745654262225, 0.05593613804433892, 0.5406215392872546, 0, 0, 0, 45451000000, 
1.7144859362398874, -0.10558350993909402, 0.09911216882787563, 0.05665360385184969, 0.5162140573834101, 0, 0, 0, 45553000000, 
1.7202340275263106, -0.10486939438926901, 0.1501786164555216, 0.05681845415700562, 0.49953125667594617, 0, 0, 0, 45655000000, 
1.7259448023911648, -0.10386288893639742, 0.20129302857616407, 0.056468689072775885, 0.4969092906580216, 0, 0, 0, 45757000000, 
1.7316048219247966, -0.10256452074399658, 0.25232122128579965, 0.056668417703814936, 0.4987990564385406, 0, 0, 0, 45859000000, 
1.7372019663301692, -0.10097594700524987, 0.3033004528092779, 0.05686955271603951, 0.49994325559996944, 0, 0, 0, 45961000000, 
1.7427196833233867, -0.09910152224450339, 0.35427854434177586, 0.05699988690783429, 0.5000949406517655, 0, 0, 0, 46063000000, 
1.7481405872392393, -0.09694693690616404, 0.40525832939366296, 0.05701886784186264, 0.49991784253911725, 0, 0, 0, 46165000000, 
1.7534439902487344, -0.0945202429979791, 0.45624332600620804, 0.05693082174817125, 0.4998744618126362, 0, 0, 0, 46267000000, 
1.758611487185697, -0.0918295767696586, 0.5072340104352062, 0.0568565246737135, 0.4999867951056419, 0, 0, 0, 46369000000, 
1.7636296311581152, -0.08888174357669382, 0.5582273932062671, 0.05684015743111069, 0.4999878560809378, 0, 0, 0, 46471000000, 
1.768487446598544, -0.08568376694741053, 0.6092145554984395, 0.056849120219139654, 0.49985048538656046, 0, 0, 0, 46573000000, 
1.7716308021437328, -0.08341735468976819, 0.6432021587938731, 0.05679591899318327, 0.499813512358086, 0, 0, 0, 46641000000, 
1.7761919693044699, -0.07982518640170432, 0.6941843389940996, 0.05687799912940078, 0.4998407200510399, 0, 0, 0, 46743000000, 
1.780554356622176, -0.07601410461644528, 0.7451685151714602, 0.05671784675482219, 0.49985277136578665, 0, 0, 0, 46845000000, 
1.7847045625265543, -0.07199728193775073, 0.7961558948540379, 0.05654386910524713, 0.4998715824434948, 0, 0, 0, 46947000000, 
1.7886303018717449, -0.06778881146981458, 0.847144114670804, 0.056391366525692474, 0.49992226104324133, 0, 0, 0, 47049000000, 
1.792326269823041, -0.06339689790237027, 0.8981294200727782, 0.05606344084941043, 0.49987661012494367, 0, 0, 0, 47151000000, 
1.7957830226673976, -0.05883613267285178, 0.9491113896684844, 0.05588736199710753, 0.49984387696391236, 0, 0, 0, 47253000000, 
1.79899086431725, -0.054122908484246834, 1.000092949180404, 0.055844008544967016, 0.49981836880937874, 0, 0, 0, 47355000000, 
1.8019410395821633, -0.04927451073904521, 1.05107543892561, 0.055356673372258844, 0.49986622658184665, 0, 0, 0, 47457000000, 
1.8046267748809641, -0.04430653466488004, 1.1020603387750834, 0.05507461805925903, 0.4998378015065918, 0, 0, 0, 47559000000, 
1.8070432945108854, -0.039233694545592154, 1.153045714828206, 0.055034794879129295, 0.4998224708107944, 0, 0, 0, 47661000000, 
1.8091870228707547, -0.034070769610999245, 1.2040289550722092, 0.0545616139635191, 0.4999016494999055, 0, 0, 0, 47763000000, 
1.811054596070164, -0.028833895467785364, 1.255010997676445, 0.0544380165898351, 0.49983695014642116, 0, 0, 0, 47865000000, 
1.8126433565677686, -0.0235408784677544, 1.3059932035166841, 0.05388860411822437, 0.49984145793405693, 0, 0, 0, 47967000000, 
1.813546749859379, -0.019989512846334205, 1.3399819757820322, 0.053527947783325064, 0.49983548556914703, 0, 0, 0, 48035000000, 
1.8146679056334525, -0.014640340509982254, 1.3909657969847837, 0.05334344434311655, 0.4999037869428644, 0, 0, 0, 48137000000, 
1.8155088428458894, -0.009277838657416099, 1.441948791611937, 0.05280042834821782, 0.49981567163752344, 0, 0, 0, 48239000000, 
1.8160714651722365, -0.003917300127537825, 1.492930855200112, 0.05244220626493801, 0.4998814579186719, 0, 0, 0, 48341000000, 
1.8163576925763756, 0.0014188570888682096, 1.5439124993890794, 0.05232266356519006, 0.49984492994813845, 0, 0, 0, 48443000000, 
1.8163740201214034, 0.006729741952247662, 1.5929141310540063, 0.05181305518191627, 0.4567118194285375, 0, 0, 0, 48545000000, 
1.81613983817783, 0.012001203381917331, 1.6384764686683986, 0.0516949406705377, 0.407819701651947, 0, 0, 0, 48647000000, 
1.8156796682017513, 0.017222075417813693, 1.6800856651239144, 0.05117595581690634, 0.36734502785351564, 0, 0, 0, 48749000000, 
1.8150173133277918, 0.022384953077065124, 1.7176270877139423, 0.050832322129132274, 0.32861384823247836, 0, 0, 0, 48851000000, 
1.8141777674137018, 0.027485022307185886, 1.7512072326887602, 0.0504962444499039, 0.29184656764386646, 0, 0, 0, 48953000000, 
1.8131838458889753, 0.032518865069989245, 1.7810609456314168, 0.0501318392797527, 0.25779945322725856, 0, 0, 0, 49055000000, 
1.8120570079614289, 0.037484449745119164, 1.8074782334595554, 0.04976484809427855, 0.226891815038926, 0, 0, 0, 49157000000, 
1.8108169179428042, 0.0423813448832532, 1.8307723599123094, 0.04943402343823451, 0.1993601604340658, 0, 0, 0, 49259000000, 
1.8094807079557926, 0.04721047176773168, 1.8512593363382956, 0.048985652404695754, 0.17512968796488035, 0, 0, 0, 49361000000, 
1.8080631421681856, 0.05197341211726927, 1.869241609380936, 0.04862021753683493, 0.15337493422376947, 0, 0, 0, 49463000000, 
1.8065776918834313, 0.056672068431207756, 1.8850022196997531, 0.048184060165449, 0.1341799500808615, 0, 0, 0, 49565000000, 
1.8050361081723034, 0.06130823686048791, 1.8988015909040366, 0.04777895553498747, 0.11738054734568731, 0, 0, 0, 49667000000, 
1.8039824271589318, 0.06436490254487458, 1.9072399294730742, 0.04734613341037843, 0.11619129697529004, 0, 0, 0, 49735000000, 
1.8023689278893298, 0.06890112909235592, 1.918251941405508, 0.04693558011111203, 0.10163809711793594, 0, 0, 0, 49837000000, 
1.8007231108537138, 0.07338014512625271, 1.9278760679650444, 0.04652145167363199, 0.08877161766927828, 0, 0, 0, 49939000000, 
1.7990518194738718, 0.07780420593470683, 1.9362833395034806, 0.046085816088133946, 0.077575218007513, 0, 0, 0, 50041000000, 
1.7973637945928267, 0.08216843163264498, 1.9433298434144428, 0.04576430775995411, 0.06866564751947117, 0, 0, 0, 50143000000, 
1.795659919740722, 0.08648544237984576, 1.9497188247043369, 0.04540061735050222, 0.05527562534844404, 0, 0, 0, 50245000000, 
1.7939452189854224, 0.09075458345910144, 1.9553492723382504, 0.04501188724459953, 0.04680983451947169, 0, 0, 0, 50347000000, 
1.7922237584411942, 0.0949761954785832, 1.960250378339413, 0.044596913426921944, 0.04098540976415734, 0, 0, 0, 50449000000, 
1.790498959064825, 0.099151086914273, 1.9645305729774518, 0.044184123943988504, 0.036447248794074946, 0, 0, 0, 50551000000, 
1.7887734665107422, 0.10328033146917122, 1.968273108969491, 0.04374165122267176, 0.03188617885671764, 0, 0, 0, 50653000000, 
1.7870497349964791, 0.10736514350709428, 1.9715441854771119, 0.04336946387769723, 0.027803891687461366, 0, 0, 0, 50755000000, 
1.7853296414379103, 0.11140655599317538, 1.9744016161935118, 0.042928836088939014, 0.024225361825196304, 0, 0, 0, 50857000000, 
1.7836149124089946, 0.11540570519193333, 1.97689646015166, 0.04252739995992292, 0.02115090481951152, 0, 0, 0, 50959000000, 
1.7819070692545191, 0.11936343873114753, 1.979074381784309, 0.042160136131725465, 0.018469885311599127, 0, 0, 0, 51061000000, 
1.7802072634854769, 0.12328050173166508, 1.9809754854785948, 0.041767957945104565, 0.016139162627520045, 0, 0, 0, 51163000000, 
1.778516600402995, 0.12715773368480437, 1.9826347763374557, 0.041339332878140844, 0.01407907467082409, 0, 0, 0, 51265000000, 
1.7768359433789676, 0.13099591222896298, 1.9840827220534554, 0.040955950265194004, 0.012287947812410976, 0, 0, 0, 51367000000, 
1.775721442044234, 0.13353331679421118, 1.9849665079941956, 0.04060027147543626, 0.012168299144774962, 0, 0, 0, 51435000000, 
1.7740590371017897, 0.13730779589840117, 1.986117513045495, 0.04017498834614123, 0.01061046948329215, 0, 0, 0, 51537000000, 
1.772408379172699, 0.1410448638164048, 1.98712172944199, 0.03983133006497746, 0.009250805626613798, 0, 0, 0, 51639000000, 
1.7707698954315647, 0.14474505409786037, 1.987997993823809, 0.039420171379601805, 0.008072752203962334, 0, 0, 0, 51741000000, 
1.7691467120241449, 0.14840284707327886, 1.9887314711623938, 0.03917089500815226, 0.007149858776116377, 0, 0, 0, 51843000000, 
1.7675347022483545, 0.15202861058071135, 1.9893961199237622, 0.03881646671773766, 0.005756264686830439, 0, 0, 0, 51945000000, 
1.7659350390986188, 0.1556207366139662, 1.9899815618742658, 0.038465928090660406, 0.0048671244349041565, 0, 0, 0, 52047000000, 
1.7643483821049613, 0.15917857492782364, 1.9904907981404734, 0.03807507940116548, 0.004262292110553925, 0, 0, 0, 52149000000, 
1.7627751052783804, 0.1627020251481098, 1.990935449714904, 0.037740439985890675, 0.003785049811253967, 0, 0, 0, 52251000000, 
1.761215356552816, 0.1661913754508763, 1.9913240960838892, 0.03735640890345149, 0.0033143558477011005, 0, 0, 0, 52353000000, 
1.7596691986048998, 0.1696470262178539, 1.9916637160702415, 0.036995140419018246, 0.002880591425727427, 0, 0, 0, 52455000000, 
1.7581366511565952, 0.17306943678564998, 1.9919603144743563, 0.036649902556367166, 0.00251588921487654, 0, 0, 0, 52557000000, 
1.7566177099589315, 0.1764589980119589, 1.9922191855839642, 0.03632761535422597, 0.002200510568569644, 0, 0, 0, 52659000000, 
1.7551124190340548, 0.17981598032571608, 1.9924452219270012, 0.03597694429898227, 0.0019168458758545795, 0, 0, 0, 52761000000, 
1.7536207622785969, 0.1831407038160407, 1.9926425211931977, 0.035638507512830445, 0.001674399378653348, 0, 0, 0, 52863000000, 
1.752633876172068, 0.18533945736088575, 1.9927629629314572, 0.03530466934316909, 0.001656222269510737, 0, 0, 0, 52931000000, 
1.7511648290603967, 0.18861126747814644, 1.9929198229593068, 0.03496982280521723, 0.0014441728140995008, 0, 0, 0, 53033000000, 
1.749709258556737, 0.19185181168573212, 1.9930567937759773, 0.034604270133681905, 0.0012601904520627791, 0, 0, 0, 53135000000, 
1.7482671242261747, 0.19506133846041404, 1.9931762876929153, 0.034306194687030556, 0.0011004773153567781, 0, 0, 0, 53237000000, 
1.7468408083281357, 0.1982347358962522, 1.993276389904364, 0.03405064482608609, 0.0009755162847840707, 0, 0, 0, 53339000000, 
1.7454262429001202, 0.20138117254658464, 1.9933671191551328, 0.033744015524370445, 0.0007856398962117423, 0, 0, 0, 53441000000, 
1.7440241755666692, 0.20449910039299152, 1.9934470752733997, 0.03341262300656474, 0.0006639004251934349, 0, 0, 0, 53543000000, 
1.7426349910844268, 0.20758775238037172, 1.9935166696825497, 0.03311937429460972, 0.0005819234541382291, 0, 0, 0, 53645000000, 
1.741258844982711, 0.21064688079676464, 1.993577483735281, 0.032806450488018356, 0.0005184037549909993, 0, 0, 0, 53747000000, 
1.7398955796950444, 0.21367689740431178, 1.9936306584379142, 0.03246864856985436, 0.00045371237075197783, 0, 0, 0, 53849000000, 
1.7385451067897986, 0.21667807342068332, 1.9936771697037041, 0.03218171152170144, 0.00039441911492290867, 0, 0, 0, 53951000000, 
1.737207368284604, 0.2196505864560871, 1.9937178271943765, 0.03187547024630027, 0.00034396315798011843, 0, 0, 0, 54053000000, 
1.7358822422726157, 0.22259475656857305, 1.9937533509173344, 0.031577145459725654, 0.00030090799090165034, 0, 0, 0, 54155000000, 
1.7345695926010305, 0.22551094000850164, 1.993784398601074, 0.031255702912542156, 0.0002637854795356811, 0, 0, 0, 54257000000, 
1.7332693576669609, 0.2283993070181596, 1.9938115082860952, 0.03097432492843855, 0.00023031097326800746, 0, 0, 0, 54359000000, 
1.7319814302983008, 0.23126011699975332, 1.9938352106977126, 0.030681671419673612, 0.00020051054365609726, 0, 0, 0, 54461000000, 
1.7311295974488519, 0.23315215723144703, 1.993849724449746, 0.03039616339624682, 0.0001972061982984546, 0, 0, 0, 54529000000, 
1.7298618975252933, 0.23596775784229287, 1.9938686169774358, 0.03010475094463189, 0.00017243503936264037, 0, 0, 0, 54631000000, 
1.7286062376612001, 0.23875648149213738, 1.9938851099845747, 0.029818009480813513, 0.00015051060290413153, 0, 0, 0, 54733000000, 
1.7273624955204263, 0.24151861705395855, 1.9938995249056028, 0.0295124564575946, 0.0001306945423928687, 0, 0, 0, 54835000000, 
1.7261296113267355, 0.24425653071093578, 1.99391222642129, 0.029318505432819848, 0.00012069820058200419, 0, 0, 0, 54937000000, 
1.724910120107899, 0.24696460880313478, 1.993922949604237, 0.029051835569203967, 0.00010032672318040918, 0, 0, 0, 55039000000, 
1.7237016218391683, 0.24964819671072588, 1.9939325578910285, 0.028770047193692, 8.075983724813877e-05, 0, 0, 0, 55141000000, 
1.7225044103713434, 0.2523066554250507, 1.9939410144629277, 0.028496262057659982, 6.971803352445265e-05, 0, 0, 0, 55243000000, 
1.7213185775790834, 0.25493978218682484, 1.9939483530835505, 0.028242086226204843, 6.151192342809328e-05, 0, 0, 0, 55345000000, 
1.720144009976628, 0.2575478560061515, 1.9939547983835344, 0.02795181807122088, 5.459554508488999e-05, 0, 0, 0, 55447000000, 
1.7189805954959243, 0.26013111593741156, 1.9939603915285893, 0.02770867943006499, 4.8622683200024626e-05, 0, 0, 0, 55549000000, 
1.7178282612927225, 0.262689737765576, 1.993965295654393, 0.02742275995839376, 4.130391927977171e-05, 0, 0, 0, 55651000000, 
1.7166868494570235, 0.2652240759163634, 1.9939696094930768, 0.027184267865979463, 3.684579058511429e-05, 0, 0, 0, 55753000000, 
1.7159319455232123, 0.2669002082892184, 1.9939722497824455, 0.02692659207244391, 3.3922929480344015e-05, 0, 0, 0, 55821000000, 
1.7148086075718683, 0.26939437835429236, 1.9939756784488716, 0.02667186028294144, 2.866066673509645e-05, 0, 0, 0, 55923000000, 
1.7136959174285824, 0.27186488508588497, 1.9939787075892825, 0.026418738895849996, 2.5626956705591208e-05, 0, 0, 0, 56025000000, 
1.7125938260083116, 0.2743118407640633, 1.9939812851126435, 0.02616711169805056, 2.2119758989827543e-05, 0, 0, 0, 56127000000, 
1.7115040886557407, 0.27673135437760393, 1.9939834663484688, 0.025968070458036736, 2.1667538464331237e-05, 0, 0, 0, 56229000000, 
1.7104235435487418, 0.27913043967705153, 1.993985427192508, 0.02573591247679516, 1.7664194406409593e-05, 0, 0, 0, 56331000000, 
1.7093527689920875, 0.281507826305575, 1.9939872417841749, 0.025504468112375896, 1.5433867970514767e-05, 0, 0, 0, 56433000000, 
1.7082920351720672, 0.28386291313105066, 1.9939887536245993, 0.02526129751876603, 1.564457418498951e-05, 0, 0, 0, 56535000000, 
1.7072413838639071, 0.2861956035703867, 1.993990064012183, 0.02501939080718135, 1.1363339425928173e-05, 0, 0, 0, 56637000000, 
1.7062006903786224, 0.28850617792792527, 1.9939913024663587, 0.024783356160246406, 1.0340842263441718e-05, 0, 0, 0, 56739000000, 
1.705169912997257, 0.2907947314185288, 1.9939923661009729, 0.024547737383632848, 1.046858357621688e-05, 0, 0, 0, 56841000000, 
1.7041489682099653, 0.29306145417553336, 1.9939932641020892, 0.024314265558179383, 9.788944855079063e-06, 0, 0, 0, 56943000000, 
1.7031377075888317, 0.29530667181462994, 1.9939940295241028, 0.024079459041096887, 7.279644964574229e-06, 0, 0, 0, 57045000000, 
1.7021360565139514, 0.29753053756741166, 1.9939948182204958, 0.023854397553417554, 6.398737050775361e-06, 0, 0, 0, 57147000000, 
1.7011439730950673, 0.2997331676539615, 1.9939954401504176, 0.023627071388151427, 7.756950276923096e-06, 0, 0, 0, 57249000000, 
1.7001613217324514, 0.30191486260421785, 1.9939959440604367, 0.023403102127244318, 6.759065725134046e-06, 0, 0, 0, 57351000000, 
1.6991880159931088, 0.3040757957061091, 1.9939965022505617, 0.023179606007818102, 4.925486831792433e-06, 0, 0, 0, 57453000000, 
1.698544303214884, 0.30550496491572643, 1.9939967636861808, 0.02296118028444423, 4.037675711988841e-06, 0, 0, 0, 57521000000, 
1.6975863839765657, 0.3076317338122863, 1.9939971700580867, 0.022722096309831366, 9.292536085391017e-07, 0, 0, 0, 57623000000, 
1.6966375851447315, 0.3097382535225855, 1.9939975745109055, 0.02250559899490047, 3.015990337931849e-06, 0, 0, 0, 57725000000, 
1.6956978243053513, 0.31182469889226666, 1.9939978617276917, 0.022309492597407745, 1.8708158997590331e-06, 0, 0, 0, 57827000000, 
1.6947685707594928, 0.31388781620578665, 1.993998161549977, 0.022146610402119345, 2.347629398646602e-06, 0, 0, 0, 57929000000, 
1.6938472024307554, 0.31593342966062166, 1.9939984540449978, 0.02194517374821225, 2.186752271303418e-06, 0, 0, 0, 58031000000, 
1.6929341681691046, 0.3179605400011616, 1.993998655584089, 0.021747175948130474, 3.801287202044076e-06, 0, 0, 0, 58133000000, 
1.692029662554696, 0.3199687128842916, 1.9939988580944565, 0.021522843095728307, 1.3249220635384534e-06, 0, 0, 0, 58235000000, 
1.691133769618467, 0.32195776482020433, 1.9939990748850438, 0.021334294376144935, 1.4609192439685838e-06, 0, 0, 0, 58337000000, 
1.690246389014802, 0.32392790752612277, 1.9939992369009707, 0.02113315845445366, 3.5565425565096237e-06, 0, 0, 0, 58439000000, 
1.6893674535437646, 0.3258793032450947, 1.993999395768007, 0.020931160341973794, 1.1647708412435483e-06, 0, 0, 0, 58541000000, 
1.6884968957696618, 0.3278121026299478, 1.9939995413863192, 0.020716113678905322, 8.941581087429536e-08, 0, 0, 0, 58643000000, 
1.687634586118666, 0.32972658036800806, 1.9939997011709125, 0.02053588281414157, 2.4865497495618977e-06, 0, 0, 0, 58745000000, 
1.6867805004654441, 0.33162280377162656, 1.9939998230766014, 0.02034007245058373, 9.86725208376405e-07, 0, 0, 0, 58847000000, 
1.685934573855401, 0.33350091543323124, 1.9939999711016878, 0.02014547779817048, 6.452017999610192e-08, 0, 0, 0, 58949000000, 
1.6853750845004185, 0.33474308525902136, 1.99400001645646, 0.019953349190156455, 1.0203512221000976e-06, 0, 0, 0, 59017000000, 
1.6845424908819557, 0.3365915901146243, 1.9940001490587558, 0.019749000655496177, 1.0238120481190786e-07, 0, 0, 0, 59119000000, 
1.683717845119697, 0.33842244884726114, 1.9940002736700175, 0.019559551491088935, 5.697715544072513e-07, 0, 0, 0, 59221000000, 
1.6829010580575905, 0.34023586127720545, 1.9940003616834407, 0.01939346030845188, 9.784813747972812e-07, 0, 0, 0, 59323000000, 
1.682093389474119, 0.34202902644002803, 1.9940004491560432, 0.019236965306113962, 7.030571165007388e-07, 0, 0, 0, 59425000000, 
1.6812925771018887, 0.3438069705705916, 1.9940005477764886, 0.019062717527545327, 2.6078625521579553e-07, 0, 0, 0, 59527000000, 
1.6804990151501928, 0.34556881653757165, 1.9940006810582676, 0.018902295716562538, 1.4831377925045635e-06, 0, 0, 0, 59629000000, 
1.6797128524729565, 0.3473142327375431, 1.9940007308228815, 0.01872149056699315, 1.9885876025776625e-06, 0, 0, 0, 59731000000, 
1.6789341962961888, 0.34904298610280216, 1.9940008148048856, 0.018544100367123048, 8.830907276264099e-07, 0, 0, 0, 59833000000, 
1.678162937797933, 0.3507553136864042, 1.9940009435301838, 0.018368504344064417, 1.184454266037594e-06, 0, 0, 0, 59935000000, 
1.6773989897213988, 0.35245140614471243, 1.9940009924806805, 0.01819296194593945, 1.1664875640113904e-06, 0, 0, 0, 60037000000, 
1.6766423490381246, 0.35413128231757734, 1.9940010744035839, 0.01801899212625716, 1.4129038907275333e-06, 0, 0, 0, 60139000000, 
1.675892891912923, 0.3557952065825012, 1.9940011834115268, 0.017849299837174388, 7.176032401230315e-07, 0, 0, 0, 60241000000, 
1.6751505591350928, 0.35744331307157207, 1.9940012274623387, 0.017663868086894182, 1.3460215674043556e-06, 0, 0, 0, 60343000000, 
1.6744153049416997, 0.3590757001302281, 1.9940013107489547, 0.01750991865085761, 6.399508066125353e-07, 0, 0, 0, 60445000000, 
1.6736870440101965, 0.36069256578186076, 1.9940014154363732, 0.017344721917726832, 3.256064909093319e-07, 0, 0, 0, 60547000000, 
1.6729657078126252, 0.3622940558169444, 1.9940014543918714, 0.01716482738046649, 1.4464153873997274e-06, 0, 0, 0, 60649000000, 
1.6724886448813976, 0.36335321691871075, 1.9940015067101173, 0.01700409978047654, 8.3983550968934e-08, 0, 0, 0, 60717000000, 
1.6717787279881862, 0.3649293524352341, 1.994001599976024, 0.01683994408749821, 6.70597576902441e-07, 0, 0, 0, 60819000000, 
1.671075544903983, 0.36649053319585206, 1.994001645954902, 0.016694405805407132, 5.706753180651665e-07, 0, 0, 0, 60921000000, 
1.6703790893610906, 0.36803678485801306, 1.99400172033068, 0.016535710754343878, 3.8339346512817595e-07, 0, 0, 0, 61023000000, 
1.6696904196022242, 0.3695657480953489, 1.9940018131084063, 0.0164008916347857, -2.2739330126057678e-07, 0, 0, 0, 61125000000, 
1.6690075586273545, 0.37108181359213327, 1.99400186069884, 0.01626378481611611, 1.2873247749364898e-06, 0, 0, 0, 61227000000, 
1.668330906716883, 0.3725840949930656, 1.9940019167318073, 0.016116000389314954, 1.1706851329027852e-06, 0, 0, 0, 61329000000, 
1.6676605736491892, 0.3740723454624437, 1.9940020097382947, 0.01595238708835631, -2.417712696484918e-08, 0, 0, 0, 61431000000, 
1.6669966170045172, 0.3755464402963336, 1.9940020648223162, 0.015798581859758146, 8.221190442065725e-07, 0, 0, 0, 61533000000, 
1.6663389817806193, 0.3770064989943037, 1.9940021357169482, 0.015652306489499487, 8.567772288620184e-07, 0, 0, 0, 61635000000, 
1.6656875765825094, 0.3784527270062918, 1.9940022232002002, 0.015501140144765977, 1.0882649822557826e-08, 0, 0, 0, 61737000000, 
1.6650423862742518, 0.3798851562267223, 1.9940022755992608, 0.01535193252551611, 9.465343997158953e-07, 0, 0, 0, 61839000000, 
1.6644033534128897, 0.38130391136776737, 1.9940023457197293, 0.015218692594370422, 7.075674292376441e-07, 0, 0, 0, 61941000000, 
1.6637703866971711, 0.3827092042874634, 1.9940024336490834, 0.015063316899515048, 9.514068435190887e-08, 0, 0, 0, 62043000000, 
1.6633517332575278, 0.38363868650449356, 1.9940024663620257, 0.014932759501967159, 8.642391015004132e-07, 0, 0, 0, 62111000000, 
1.6627287714787256, 0.38502175950437156, 1.994002529514566, 0.014790307611015132, 2.3615490857109632e-07, 0, 0, 0, 62213000000, 
1.6621117679437145, 0.3863916099003686, 1.994002610665738, 0.014650000796195706, 2.275781513889177e-07, 0, 0, 0, 62315000000, 
1.6615006240910515, 0.3877484490307688, 1.9940026949502985, 0.014496600663276203, 1.0488163037017719e-06, 0, 0, 0, 62417000000, 
1.6608962874760975, 0.38909017573832266, 1.9940027551371424, 0.014400147046237762, 5.579005165625034e-07, 0, 0, 0, 62519000000, 
1.6602970841861282, 0.390420504122944, 1.9940028129144063, 0.014271238940536727, 1.4799904631251811e-06, 0, 0, 0, 62621000000, 
1.6597033302205833, 0.39173873340440785, 1.9940028681133866, 0.014134428941237323, 1.024018821011095e-06, 0, 0, 0, 62723000000, 
1.6591150985744454, 0.3930446996066784, 1.9940029438846225, 0.014009348838446409, 2.6600561231045597e-08, 0, 0, 0, 62825000000, 
1.6585324751727637, 0.39433822089198195, 1.9940030136476612, 0.01387445992401748, 6.796141971320713e-07, 0, 0, 0, 62927000000, 
1.6579553995735619, 0.3956194230603857, 1.9940030831241267, 0.013742911666561004, 9.010480680448523e-07, 0, 0, 0, 63029000000, 
1.6573837971329552, 0.3968884697575649, 1.994003149434288, 0.013602094531635814, 1.4264733520669252e-07, 0, 0, 0, 63131000000, 
1.6568176525190013, 0.398145403496374, 1.994003212294543, 0.013481857180347522, 3.1840507504367506e-07, 0, 0, 0, 63233000000, 
1.6562568836174858, 0.3993903966694439, 1.994003281529071, 0.013355974382285434, 1.9582043955358923e-07, 0, 0, 0, 63335000000, 
1.6557014432835644, 0.40062356295732626, 1.994003349603171, 0.013217361012442698, 4.821388980858983e-07, 0, 0, 0, 63437000000, 
1.655151314703495, 0.4018449376558189, 1.994003411054771, 0.013100510246299046, 3.571445514876938e-07, 0, 0, 0, 63539000000, 
1.654787468272229, 0.40265273062671714, 1.9940034758293825, 0.01296963184529792, 1.9050195312165729e-07, 0, 0, 0, 63607000000, 
1.6540666650947677, 0.4042530301116706, 1.994003551041867, 0.01285308167189973, 3.3373020889701e-07, 0, 0, 0, 63743000000, 
1.6537097132937215, 0.4050455166940635, 1.994003606427913, 0.012719910190172788, 1.1347115324507078e-07, 0, 0, 0, 63811000000, 
1.6531785448585055, 0.4062247902564877, 1.9940036635745568, 0.012611673107853426, 2.953168070269209e-07, 0, 0, 0, 63913000000, 
1.6526520291974767, 0.4073937403452816, 1.994003732064227, 0.012509247387421981, 9.746710237860517e-08, 0, 0, 0, 64015000000, 
1.6521300185603789, 0.40855268525052196, 1.9940038049258209, 0.012380914413671297, -3.284079861518565e-07, 0, 0, 0, 64117000000, 
1.6516144919548372, 0.40969723459674956, 1.9940038622703298, 0.01227645667752923, 8.641061885280339e-07, 0, 0, 0, 64219000000, 
1.6511035066127606, 0.4108317007124177, 1.994003910843246, 0.0121710706252322, 8.096222254534126e-07, 0, 0, 0, 64321000000, 
1.6505971903180297, 0.41195580314848895, 1.9940039754536099, 0.012059867667603218, 6.913054235576634e-07, 0, 0, 0, 64423000000, 
1.650095624990723, 0.4130693551179139, 1.9940040386147357, 0.011943748568373689, 3.923174387232758e-07, 0, 0, 0, 64525000000, 
1.6495988638882968, 0.4141722391327312, 1.9940040972850557, 0.011832129977456666, 8.934100063545471e-08, 0, 0, 0, 64627000000, 
1.649106798971793, 0.41526470063792886, 1.994004170900343, 0.011718705727169123, 4.4446784859317414e-07, 0, 0, 0, 64729000000, 
1.6486194158189673, 0.4163467660624485, 1.9940042350377163, 0.01160680979143459, 4.145226921819302e-07, 0, 0, 0, 64831000000, 
1.6481366999324856, 0.4174184679905058, 1.9940043004449088, 0.011497259203413651, 3.483145649681601e-07, 0, 0, 0, 64933000000, 
1.6476585561108903, 0.4184800204444427, 1.99400436881685, 0.011387210694439022, 5.8831934848011e-07, 0, 0, 0, 65035000000, 
1.6471849432078343, 0.41953151091000224, 1.9940044377044785, 0.011270552743919604, 6.811388813530279e-07, 0, 0, 0, 65137000000, 
1.6468717204004735, 0.4202269132465191, 1.9940045041643082, 0.0111741677279237, -8.277196808576102e-07, 0, 0, 0, 65205000000, 
1.6464056438484385, 0.42126167333868497, 1.9940045694053672, 0.011055834825518923, -2.4112911442088734e-07, 0, 0, 0, 65307000000, 
1.6459439780269767, 0.4222866390832353, 1.994004626904139, 0.010962155494090301, 2.530539682369152e-07, 0, 0, 0, 65409000000, 
1.645486679035042, 0.4233019141596696, 1.9940046897246784, 0.010858164136939411, 1.685687267768474e-07, 0, 0, 0, 65511000000, 
1.645034527083632, 0.4243057592544105, 1.9940047539467018, 0.010768612315712533, 7.369159452320353e-07, 0, 0, 0, 65613000000, 
1.6445862310452957, 0.42530104486026105, 1.9940048042501253, 0.01067726747342419, 2.898018814019178e-07, 0, 0, 0, 65715000000, 
1.6441419783034061, 0.42628735087404457, 1.9940048714097032, 0.010583085248128588, 6.085896726798649e-07, 0, 0, 0, 65817000000, 
1.643701843597149, 0.4272645155157967, 1.9940049393709747, 0.010480264950407358, 4.841351829327793e-07, 0, 0, 0, 65919000000, 
1.6432659018033833, 0.42823237330585756, 1.9940050016073707, 0.010382797687108486, 5.371478141744297e-07, 0, 0, 0, 66021000000, 
1.6428341417474963, 0.4291909442415744, 1.9940050660266129, 0.010284289984328683, 7.765619752172155e-07, 0, 0, 0, 66123000000, 
1.642406493061414, 0.43014038621511985, 1.994005132094182, 0.010179970426396602, 1.0687021249076288e-08, 0, 0, 0, 66225000000, 
1.6419828754295276, 0.4310808799722759, 1.9940052112200448, 0.01008950876782096, 4.1408712646866855e-07, 0, 0, 0, 66327000000, 
1.641563279000602, 0.4320124459378808, 1.9940052822997532, 0.009990294704540648, 5.809285535499492e-07, 0, 0, 0, 66429000000, 
1.641147707275085, 0.4329350790499288, 1.9940053379802973, 0.00989760621350667, 5.658373156468784e-07, 0, 0, 0, 66531000000, 
1.6408728790292213, 0.43354523564346714, 1.9940054155543523, 0.009801512348567803, -6.717997161050952e-07, 0, 0, 0, 66599000000, 
1.6404638848674225, 0.4344532615467764, 1.9940054769733726, 0.009712421295540332, 9.717781602671828e-08, 0, 0, 0, 66701000000, 
1.6400587495925463, 0.43535272109498596, 1.9940055417247768, 0.009609718822523932, 1.9592160436836215e-07, 0, 0, 0, 66803000000, 
1.6396574832814304, 0.4362435911471837, 1.994005608461156, 0.009517797605561519, -7.166238103258727e-07, 0, 0, 0, 66905000000, 
1.6392607392533827, 0.43712442449685057, 1.9940056759764255, 0.009455973256935729, 7.062068214610768e-07, 0, 0, 0, 67007000000, 
1.638866152050605, 0.438000462310965, 1.9940057389674353, 0.009372920398932021, -3.8788297668766724e-07, 0, 0, 0, 67109000000, 
1.637579891899076, 0.4408562652975913, 1.9939960224219002, 3.872245918285188e-06, -4.3715977123990524e-07, 0, 0, 0, 89685000000, 
1.637579875667418, 0.44085630100892725, 1.9939959865288335, 1.9735806821538674e-06, -5.29196871161942e-07, 0, 0, 0, 89787000000, 
1.6375798739312606, 0.44085630621119726, 1.9939959491345152, 2.5474380440175504e-06, -4.605003044275864e-07, 0, 0, 0, 89889000000, 
1.6375798800332644, 0.4408562931566735, 1.9939959155095663, 3.2327113074722556e-06, -4.724629826868312e-07, 0, 0, 0, 89991000000, 
1.635110330778308, 0.4461894971966017, 2.023645149882702, 0.08241894306035319, 0.38726263855803217, 0, 0, 0, 90093000000, 
1.6313556858921738, 0.4539550968436491, 2.022453809587543, 0.0882681839580997, 0.28132347652938466, 0, 0, 0, 90195000000, 
1.6269258899719807, 0.46296017541879936, 2.028663179397773, 0.1023886069158384, 0.09267990602491828, 0, 0, 0, 90297000000, 
1.622228273972624, 0.47235758905302905, 2.037713646241737, 0.10257506093240652, 0.0397491689307449, 0, 0, 0, 90399000000, 
1.6174736282887208, 0.48170715723389534, 2.0441208165351696, 0.10228185158742108, 0.020734616756380837, 0, 0, 0, 90501000000, 
1.6126945282750087, 0.49098755383938886, 2.0493388709418863, 0.10217086577372997, 0.045659162949748866, 0, 0, 0, 90603000000, 
1.6095015945813773, 0.49712184937648557, 2.0523562864567886, 0.1011900188395023, 0.04889562707846563, 0, 0, 0, 90671000000, 
1.6047124605579426, 0.5062361872374773, 2.056852644558312, 0.10037960856755472, 0.0373776909661949, 0, 0, 0, 90773000000, 
1.5999314966798757, 0.5152459104185111, 2.0606121081710307, 0.0990172876552122, 0.03345239381433441, 0, 0, 0, 90875000000, 
1.5951626693420287, 0.5241569639650494, 2.0638514704816626, 0.09834561313922427, 0.030124794569464527, 0, 0, 0, 90977000000, 
1.590417829544269, 0.532959012770221, 2.0665859935406896, 0.09776831042552271, 0.02702173285291581, 0, 0, 0, 91079000000, 
1.5856883144631575, 0.5416769104702678, 2.069062992612494, 0.09694052543299873, 0.021362265674505953, 0, 0, 0, 91181000000, 
1.580982201431728, 0.550304057654811, 2.071241899705261, 0.09604155321779165, 0.018002929318857653, 0, 0, 0, 91283000000, 
1.5763043987626313, 0.5588383046733909, 2.073137816919165, 0.09514836484830669, 0.015816224938851826, 0, 0, 0, 91385000000, 
1.5716566219090986, 0.5672823073127499, 2.074792654240104, 0.09425951789547776, 0.01408890977279531, 0, 0, 0, 91487000000, 
1.5670389131588842, 0.5756408652612475, 2.07623847733653, 0.09339468226402985, 0.012332335574249148, 0, 0, 0, 91589000000, 
1.5639776377105443, 0.5811671959825468, 2.077121890290592, 0.09252751159398023, 0.012126261070938234, 0, 0, 0, 91657000000, 
1.5594131383800434, 0.5893874911831827, 2.07827343301298, 0.09166157174475573, 0.010598721124177663, 0, 0, 0, 91759000000, 
1.5533819759778986, 0.6002174278039175, 2.0795680204485563, 0.09077578057814284, 0.008171949893771936, 0, 0, 0, 91895000000, 
1.548901286752373, 0.6082430300734739, 2.0804090826232673, 0.08981708894082632, 0.007125059691862121, 0, 0, 0, 91997000000, 
1.5459420024717518, 0.6135354851575214, 2.08089158269645, 0.08916463138155056, 0.00717167491258008, 0, 0, 0, 92065000000, 
1.5415245467161964, 0.6214247661812994, 2.0815580179826974, 0.08845152970054682, 0.005768427822459789, 0, 0, 0, 92167000000, 
1.5371311430398948, 0.6292594279551498, 2.082181168259603, 0.08747892857151043, 0.004881710254992581, 0, 0, 0, 92269000000, 
1.5327807458093268, 0.6370073338787425, 2.0826899336935716, 0.08660115558401117, 0.00467488406974401, 0, 0, 0, 92371000000, 
1.5284786530630616, 0.644660725037114, 2.0831146716588034, 0.0858356664798901, 0.004270103534276888, 0, 0, 0, 92473000000, 
1.5242110292354667, 0.6522453464479829, 2.083502672653431, 0.08505322575761051, 0.0034086679897660705, 0, 0, 0, 92575000000, 
1.5199792492219537, 0.6597598327913979, 2.0838439716482244, 0.08436362236626335, 0.0028073300060545924, 0, 0, 0, 92677000000, 
1.515784218838719, 0.6672035467640806, 2.084140318403445, 0.08356838395896858, 0.0024627304373520363, 0, 0, 0, 92779000000, 
1.511626632572069, 0.6745760960366461, 2.0843987071902585, 0.082721966714183, 0.002197924660897865, 0, 0, 0, 92881000000, 
1.5075068366699536, 0.6818774465327316, 2.0846244679356016, 0.08199131088787119, 0.0019228864024358632, 0, 0, 0, 92983000000, 
1.5034250880044646, 0.689107780747947, 2.0848216717701376, 0.08120480980005762, 0.0016718883065168755, 0, 0, 0, 93085000000, 
1.499381133666933, 0.6962681122528435, 2.084993837662284, 0.08042971408864757, 0.0014591218381689497, 0, 0, 0, 93187000000, 
1.4953743644747959, 0.7033599179786789, 2.0851441538835638, 0.079599367390736, 0.0012725016374848712, 0, 0, 0, 93289000000, 
1.4927235764211535, 0.7080503642377269, 2.0852359287955355, 0.07891542552300669, 0.0012629921308805175, 0, 0, 0, 93357000000, 
1.4887780827729151, 0.715030093843009, 2.0853553951800645, 0.07817583530720582, 0.0011014333224800411, 0, 0, 0, 93459000000, 
1.484869445495616, 0.7219427776070184, 2.085459782820725, 0.07742990092727949, 0.0009632945177928717, 0, 0, 0, 93561000000, 
1.4809975990219446, 0.7287888467393929, 2.0855507897304757, 0.07668116571459804, 0.0008437716070334235, 0, 0, 0, 93663000000, 
1.4771686936452122, 0.7355577001075411, 2.0856269549959148, 0.07604892212266352, 0.0007432406806146051, 0, 0, 0, 93765000000, 
1.473371534771365, 0.742269237383085, 2.0856960378208393, 0.07543123377980472, 0.0005975070747215041, 0, 0, 0, 93867000000, 
1.469608101083197, 0.7489201921309451, 2.0857568930939583, 0.07468830087580139, 0.0005052126170713506, 0, 0, 0, 93969000000, 
1.465879437512059, 0.7555088069638405, 2.085809813245476, 0.07403814761465725, 0.00044407193681508946, 0, 0, 0, 94071000000, 
1.4621860822593185, 0.762034322398176, 2.0858560487334774, 0.07326949061369399, 0.0003926035526456644, 0, 0, 0, 94173000000, 
1.458527659986704, 0.7684974229787348, 2.085896505274452, 0.07263370366976815, 0.00034479941525018663, 0, 0, 0, 94275000000, 
1.4549038419347784, 0.7748988782904319, 2.0859318760493446, 0.07188201802395472, 0.0002994406409710098, 0, 0, 0, 94377000000, 
1.4513141739778375, 0.7812394950476973, 2.085962744606852, 0.07126230333422787, 0.00026290321189896586, 0, 0, 0, 94479000000, 
1.447758403832074, 0.78751981475111, 2.085989715073047, 0.07058382092715029, 0.00023025368471531484, 0, 0, 0, 94581000000, 
1.4442363054877798, 0.7937403187111869, 2.0860132634135624, 0.0698519919173379, 0.00020138096289280908, 0, 0, 0, 94683000000, 
1.4407476339385532, 0.7999014459927966, 2.08603382864923, 0.06924619147992978, 0.00017545448386245896, 0, 0, 0, 94785000000, 
1.4372921648994894, 0.8060037095273318, 2.0860518003157127, 0.06858515520824054, 0.00015278573696890182, 0, 0, 0, 94887000000, 
1.4350067466668823, 0.8100395595546569, 2.0860628554600016, 0.0679438550999373, 0.00015066024283000564, 0, 0, 0, 94955000000, 
1.431605671605004, 0.8160453574402963, 2.086077174550643, 0.067298901763959, 0.00013222451780154693, 0, 0, 0, 95057000000, 
1.428236875989002, 0.8219940286747764, 2.0860896180377324, 0.06658937616241142, 0.00011379151244063884, 0, 0, 0, 95159000000, 
1.4249000753818366, 0.8278859849991732, 2.086100520028051, 0.06602293743064266, 9.876853474155177e-05, 0, 0, 0, 95261000000, 
1.4215926165713544, 0.833726040978727, 2.08611015757255, 0.06553270821735485, 8.998576471483066e-05, 0, 0, 0, 95363000000, 
1.4183210319055146, 0.8395026183276224, 2.0861182714090263, 0.06493902337154242, 7.458011806112988e-05, 0, 0, 0, 95465000000, 
1.4150789852235313, 0.8452269417475192, 2.0861255321337566, 0.06429571639543537, 6.296355029366956e-05, 0, 0, 0, 95567000000, 
1.4118672448092404, 0.8508976486336515, 2.086131904302097, 0.0637384099170375, 5.3872694413014356e-05, 0, 0, 0, 95669000000, 
1.408686089224894, 0.8565142934010541, 2.086137452575248, 0.06307688025754754, 4.572941465463283e-05, 0, 0, 0, 95771000000, 
1.4055351674970058, 0.8620774771929384, 2.0861423212062897, 0.06247681597667651, 4.114337906672661e-05, 0, 0, 0, 95873000000, 
1.402414168757712, 0.8675877530592297, 2.086146550655096, 0.06193425362901608, 3.5773955814111647e-05, 0, 0, 0, 95975000000, 
1.3993228626943282, 0.8730455758776904, 2.08615027333929, 0.06134448168493958, 3.1319451040218666e-05, 0, 0, 0, 96077000000, 
1.3962609588464294, 0.8784514442723677, 2.0861535223426193, 0.06076305335772068, 2.8717591411463232e-05, 0, 0, 0, 96179000000, 
1.393228180579308, 0.8838058414189907, 2.086156361274149, 0.06018395524596913, 2.459151690383456e-05, 0, 0, 0, 96281000000, 
1.3902242573804682, 0.889109263440602, 2.08615885744393, 0.05960954032391484, 1.9466888842356138e-05, 0, 0, 0, 96383000000, 
1.3872489201278015, 0.8943621912555574, 2.0861610704575377, 0.059042957610647206, 1.9266018853228198e-05, 0, 0, 0, 96485000000, 
1.384301911882871, 0.8995650996229764, 2.086162983182522, 0.05848022696018608, 1.7109932724379345e-05, 0, 0, 0, 96587000000, 
1.3823528030571022, 0.9030061883563516, 2.0861641928678716, 0.057932370903688565, 1.4127126982384979e-05, 0, 0, 0, 96655000000, 
1.3794523785141717, 0.9081268152219772, 2.086165729772101, 0.05737896109779993, 1.1586299493559671e-05, 0, 0, 0, 96757000000, 
1.376579535790679, 0.913198728254301, 2.0861671219530735, 0.056834893930561674, 9.207597227797697e-06, 0, 0, 0, 96859000000, 
1.373734029581475, 0.9182223574415134, 2.0861683131977107, 0.056294250216153696, 8.662260761193667e-06, 0, 0, 0, 96961000000, 
1.3709203921723727, 0.9231897096709297, 2.086169310159017, 0.055876344739171906, 1.1273479502555729e-05, 0, 0, 0, 97063000000, 
1.368130569087744, 0.9281150073279559, 2.0861701981781824, 0.05536998430337041, 1.0027853922369298e-05, 0, 0, 0, 97165000000, 
1.3653659777703284, 0.9329957484944627, 2.0861710185725846, 0.054829314135541866, 9.692677009634903e-06, 0, 0, 0, 97267000000, 
1.3626272491640694, 0.9378308246443177, 2.0861717014107093, 0.054340924840680455, 6.315073546586292e-06, 0, 0, 0, 97369000000, 
1.3599145447152081, 0.9426199199452855, 2.0861723664055765, 0.053832691228036994, 6.208773144906389e-06, 0, 0, 0, 97471000000, 
1.357227657307263, 0.9473634523185753, 2.086172913506289, 0.05332106613620604, 6.7737458399127364e-06, 0, 0, 0, 97573000000, 
1.3545663334467557, 0.9520618606705065, 2.086173434365132, 0.052811283068614406, 7.448539513347379e-06, 0, 0, 0, 97675000000, 
1.3519303128933582, 0.9567155718746704, 2.086173860683552, 0.052309177924625416, 5.730140274575676e-06, 0, 0, 0, 97777000000, 
1.3493193906865983, 0.9613249739977351, 2.086174278185287, 0.05181077868188803, 6.367975152416526e-06, 0, 0, 0, 97879000000, 
1.3467333184815347, 0.9658904958888641, 2.086174620943928, 0.05131797200391063, 4.849138628369133e-06, 0, 0, 0, 97981000000, 
1.3450229465499677, 0.9689100329054581, 2.0861748972552614, 0.05083569125951212, 3.5527450995707426e-07, 0, 0, 0, 98049000000, 
1.3424777575229627, 0.9734033779732826, 2.0861751986701815, 0.05030172872126232, 7.6832295864239e-07, 0, 0, 0, 98151000000, 
1.339956797724913, 0.9778539446011163, 2.0861754353332307, 0.04982268196780297, 5.852749750270879e-08, 0, 0, 0, 98253000000, 
1.336632801596387, 0.9837222090279093, 2.086175740715874, 0.04939122158721128, 2.9411536877294823e-06, 0, 0, 0, 98389000000, 
1.334990816737211, 0.9866210024800698, 2.086175941918458, 0.04903177134871914, 3.2797643885790985e-06, 0, 0, 0, 98457000000, 
1.3325352982669976, 0.9909560430334458, 2.0861761544516586, 0.04855286291046372, 1.3785478973549039e-06, 0, 0, 0, 98559000000, 
1.3301093380018298, 0.9952388927326474, 2.0861763118792864, 0.04811374586805668, 1.545206711021171e-06, 0, 0, 0, 98661000000, 
1.327700172022555, 0.9994920709575109, 2.0861764731879653, 0.04759247782235866, 1.3767696875675203e-08, 0, 0, 0, 98763000000, 
1.3253223043163957, 1.0036900169362073, 2.0861766764159815, 0.04721734222874606, 3.84568982791272e-06, 0, 0, 0, 98865000000, 
1.3214173223609849, 1.0106634640445877, 2.064436231712408, 0.07860869830606042, -0.5028429665179841, 0, 0, 0, 98967000000, 
1.3183000929873376, 1.0168102710706155, 2.014084616205578, 0.06855568865307744, -0.5134191742239738, 0, 0, 0, 99069000000, 
1.3153556688898718, 1.023432768022721, 1.9632405354379001, 0.07179992169591108, -0.5043538749583828, 0, 0, 0, 99171000000, 
1.3127119885876761, 1.0302942484949345, 1.912206737765189, 0.07206516150252454, -0.4992338823918706, 0, 0, 0, 99273000000, 
1.3104291490105233, 1.0372563604749752, 1.8611813694980524, 0.07147939313278927, -0.49883480640572486, 0, 0, 0, 99375000000, 
1.308511170929906, 1.044298482780972, 1.8101883367220963, 0.07150149529836053, -0.49954135043122083, 0, 0, 0, 99477000000, 
1.3069606366857398, 1.0513997924787577, 1.7592080822774465, 0.07117186506481887, -0.4999297529374017, 0, 0, 0, 99579000000, 
1.3057789094264212, 1.0585392218068668, 1.7082291183454823, 0.07066114104715673, -0.49988571697968065, 0, 0, 0, 99681000000, 
1.3049658939970137, 1.0656944179058938, 1.6572485003542086, 0.07031701554801743, -0.49991340821810154, 0, 0, 0, 99783000000, 
1.3045205566032814, 1.0728432184952628, 1.6062658947109, 0.06990810863792381, -0.4998205188935112, 0, 0, 0, 99885000000, 
1.3044265504197348, 1.0775947984296195, 1.5722762648860609, 0.06951617483862367, -0.4999270865762215, 0, 0, 0, 99953000000, 
1.3045873832871713, 1.0846861090032263, 1.5212924918567587, 0.06909188391656136, -0.4998724798236449, 0, 0, 0, 100055000000, 
1.3051061229633172, 1.091716652591035, 1.4703095518656397, 0.06866367547495383, -0.49983866925725373, 0, 0, 0, 100157000000, 
1.305976893002514, 1.0986669631911277, 1.4193276338446785, 0.06821092896443622, -0.49980010889439735, 0, 0, 0, 100259000000, 
1.3071909606781107, 1.1055091817078884, 1.3683468646039445, 0.06785531129662563, -0.49990949820634784, 0, 0, 0, 100361000000, 
1.3087424430824246, 1.1122376374930454, 1.3173651250198999, 0.06736717237113386, -0.49979043142197194, 0, 0, 0, 100463000000, 
1.3106213964292368, 1.1188311962738366, 1.2663823147290127, 0.06689267258191071, -0.49987057148239933, 0, 0, 0, 100565000000, 
1.3128145536476759, 1.1252697825870728, 1.2169268925853987, 0.06650182727530228, -0.4665576874875683, 0, 0, 0, 100667000000, 
1.3152932646570392, 1.1315402060122681, 1.1707411498358435, 0.06570961587609714, -0.4156456945011334, 0, 0, 0, 100769000000, 
1.3180215133643576, 1.1376385990266547, 1.1284532193250547, 0.06512914577228356, -0.37395507464696326, 0, 0, 0, 100871000000, 
1.3209649283156262, 1.1435654331152123, 1.0902133034690045, 0.0645326993386784, -0.3355379583232357, 0, 0, 0, 100973000000, 
1.3240909036485011, 1.1493248066026531, 1.0559460752662877, 0.06402228430785653, -0.29836048434895585, 0, 0, 0, 101075000000, 
1.3273693313277988, 1.1549238411289584, 1.02543846287317, 0.06330839382220999, -0.26394215036332497, 0, 0, 0, 101177000000, 
1.3307738533848812, 1.1603713747365956, 0.9984111300091095, 0.06275509487572313, -0.2324597211707885, 0, 0, 0, 101279000000, 
1.334280674094367, 1.1656771129647243, 0.9745557063932985, 0.06209485118058653, -0.20462373557395974, 0, 0, 0, 101381000000, 
1.3366654825837778, 1.1691405232245504, 0.9598980561884884, 0.06157692582646578, -0.20193289578392323, 0, 0, 0, 101449000000, 
1.3402994126570333, 1.1742306097380963, 0.9406739526451003, 0.060967330454277255, -0.17750079348857598, 0, 0, 0, 101551000000, 
1.3439877467178, 1.179203428131609, 0.9238053178656904, 0.06035850294168853, -0.15572385100743577, 0, 0, 0, 101653000000, 
1.3477171190911306, 1.1840676529648322, 0.9090232236350891, 0.0597633522956973, -0.13641856659673068, 0, 0, 0, 101755000000, 
1.3514688074192494, 1.188823465915938, 0.896594163018056, 0.05923712538440146, -0.1210452365043484, 0, 0, 0, 101857000000, 
1.3552443638270393, 1.1934922248829847, 0.8853130566352283, 0.058663678980492906, -0.097884338373252, 0, 0, 0, 101959000000, 
1.3590332896176598, 1.198076790996538, 0.8753584054809477, 0.05810798632085687, -0.08285995795213565, 0, 0, 0, 102061000000, 
1.362827291540645, 1.2025817697967087, 0.8666815387700314, 0.05758053633475233, -0.07270630131479837, 0, 0, 0, 102163000000, 
1.3666203311237577, 1.2070117568943943, 0.8590959484974764, 0.05702279146657943, -0.06467060514137825, 0, 0, 0, 102265000000, 
1.3704075423988258, 1.2113713800968058, 0.8524584640297429, 0.05642277060919607, -0.0566038868510745, 0, 0, 0, 102367000000, 
1.3741845142599578, 1.2156649029597877, 0.8466542187634031, 0.05591730519143749, -0.04936602166313413, 0, 0, 0, 102469000000, 
1.377947805214025, 1.2198960392131446, 0.8415815263603733, 0.05537502267661745, -0.04303347912814263, 0, 0, 0, 102571000000, 
1.3816943788256053, 1.2240682638739295, 0.8371503063517685, 0.05483991876805448, -0.037606129821013176, 0, 0, 0, 102673000000, 
1.3854217294343762, 1.2281845497798105, 0.8332805816742895, 0.054307826740867496, -0.03286274261426606, 0, 0, 0, 102775000000, 
1.389127756348386, 1.2322475749772432, 0.8299018133063504, 0.053734562787450424, -0.02866381499903328, 0, 0, 0, 102877000000, 
1.3928105831682596, 1.2362597654712286, 0.826952221404311, 0.05326160660824958, -0.025024297974267418, 0, 0, 0, 102979000000, 
1.3952522666544438, 1.2389073842931646, 0.8251512264911336, 0.05276187808321854, -0.024768059270820795, 0, 0, 0, 103047000000, 
1.3988933775675045, 1.2428393275398724, 0.8228055319189854, 0.0522587783612756, -0.021636561845921932, 0, 0, 0, 103149000000, 
1.4025079367534479, 1.2467254986877994, 0.8207582496748259, 0.051701040846351895, -0.018875467460027925, 0, 0, 0, 103251000000, 
1.4060951502501602, 1.2505674369577635, 0.818971688713285, 0.051197851843095415, -0.01647565518289471, 0, 0, 0, 103353000000, 
1.4096479473457244, 1.2543601742629138, 0.8174759278346265, 0.050866260053350126, -0.014588240567619006, 0, 0, 0, 103455000000, 
1.4131758678550967, 1.2581155647186062, 0.8161203153615572, 0.050398310951525596, -0.011735676610078327, 0, 0, 0, 103557000000, 
1.4166762966157236, 1.2618323759055485, 0.8149262264973365, 0.04993792133863141, -0.009921091340568726, 0, 0, 0, 103659000000, 
1.4201477510692215, 1.2655103799754426, 0.8138871878188303, 0.04946064040190118, -0.008686424518361338, 0, 0, 0, 103761000000, 
1.423589483722425, 1.2691499470065264, 0.8129799442156058, 0.0489467577580064, -0.007718196173892896, 0, 0, 0, 103863000000, 
1.4270013750383328, 1.2727519585418763, 0.8121870192121755, 0.04851916746312512, -0.006753378553138632, 0, 0, 0, 103965000000, 
1.4303832312719431, 1.2763170593105155, 0.8114940736363837, 0.048054775725614576, -0.005877969020192967, 0, 0, 0, 104067000000, 
1.433735014821516, 1.279845980871774, 0.8108888570084084, 0.047599659451325514, -0.005127644099867383, 0, 0, 0, 104169000000, 
1.4370567128316452, 1.2833393594353952, 0.810360492356997, 0.047145696714072496, -0.004483710668234497, 0, 0, 0, 104271000000, 
1.4403484044369486, 1.2867978445188366, 0.8098992473221334, 0.046689267898335815, -0.00390841611574001, 0, 0, 0, 104373000000, 
1.4436101166345143, 1.2902219369803, 0.809496587918727, 0.04624356381143496, -0.0034129365934245635, 0, 0, 0, 104475000000, 
1.4457679938679089, 1.2924858309896383, 0.8092509491551861, 0.04576897939807145, -0.003384363354296691, 0, 0, 0, 104543000000, 
1.4489800076808939, 1.2958537909091545, 0.8089308554571452, 0.04537585999625231, -0.002949640803307095, 0, 0, 0, 104645000000, 
1.453216553876318, 1.3002930228315714, 0.8085710477783067, 0.044906404819863674, -0.0022701010106290086, 0, 0, 0, 104781000000, 
1.4553151994462157, 1.3024909625103482, 0.8084077756254119, 0.04451554320366398, -0.0022515314271923555, 0, 0, 0, 104849000000, 
1.4584410806205672, 1.3057635207564513, 0.8081936321075347, 0.044189056899203, -0.002056664827489159, 0, 0, 0, 104951000000, 
1.4615429318750783, 1.309009606152698, 0.8079991610931168, 0.043784974665793217, -0.0017655389786809877, 0, 0, 0, 105053000000, 
1.464614985397887, 1.312223350885651, 0.8078309555812487, 0.043296970842126414, -0.0014793131322047622, 0, 0, 0, 105155000000, 
1.467648550905874, 1.315395868051551, 0.8076959055634495, 0.04292504702997041, -0.0013373159471292127, 0, 0, 0, 105257000000, 
1.4706553716810802, 1.3185395840358123, 0.807573325151757, 0.04250917712672596, -0.0010684227521082711, 0, 0, 0, 105359000000, 
1.4736348540444437, 1.3216539965601481, 0.8074656198466109, 0.04215826495033621, -0.0008892819870409792, 0, 0, 0, 105461000000, 
1.476586668180457, 1.3247388627313548, 0.8073724641554949, 0.04175531367051416, -0.000770985524510887, 0, 0, 0, 105563000000, 
1.4795106150015915, 1.3277940650131366, 0.8072914930705142, 0.04132424549356364, -0.0006863831817990975, 0, 0, 0, 105665000000, 
1.4824069916620664, 1.3308199834989933, 0.8072208969197835, 0.040966144362576756, -0.0006010975917448041, 0, 0, 0, 105767000000, 
1.4852759545380594, 1.3338168575568652, 0.8071593218925605, 0.04057360505199539, -0.0005230524866406313, 0, 0, 0, 105869000000, 
1.4881177977972304, 1.3367850461632282, 0.8071056160873837, 0.04015573405642004, -0.0004557889237174988, 0, 0, 0, 105971000000, 
1.4909327467661964, 1.339724835185319, 0.8070587455151949, 0.039801117057286714, -0.0003970820365133406, 0, 0, 0, 106073000000, 
1.493721025053821, 1.3426364995141733, 0.807017897437875, 0.039425335519843875, -0.0003467471222778677, 0, 0, 0, 106175000000, 
1.4955651913068462, 1.3445621445468157, 0.8069930064489952, 0.039056682196690014, -0.00034547911793460635, 0, 0, 0, 106243000000, 
1.4983095444744472, 1.3474275735516037, 0.806960523367781, 0.03865361741264175, -0.00030161795816015355, 0, 0, 0, 106345000000, 
1.501027869763395, 1.3502656431443267, 0.8069321872171533, 0.038311704915778406, -0.00026222186468699847, 0, 0, 0, 106447000000, 
1.5037204045670105, 1.3530766239595216, 0.8069074568037748, 0.037948777248588306, -0.0002298292042775034, 0, 0, 0, 106549000000, 
1.5063828140195172, 1.3558560225697003, 0.8068867478928882, 0.03767046192543085, -0.00020207864148155032, 0, 0, 0, 106651000000, 
1.509022754487613, 1.358611846259786, 0.8068679400898161, 0.03732370563971651, -0.00016161049755427523, 0, 0, 0, 106753000000, 
1.5116388738037922, 1.3613426987927162, 0.8068514089341166, 0.036990148474288234, -0.00013594731898827, 0, 0, 0, 106855000000, 
1.514230535229372, 1.3640479364392224, 0.8068370269542166, 0.03660892327102519, -0.00011991413938401525, 0, 0, 0, 106957000000, 
1.516797587809102, 1.3667274096606565, 0.8068244858553791, 0.03626081938756388, -0.0001066768278159932, 0, 0, 0, 107059000000, 
1.51934027154359, 1.3693813807301563, 0.8068135252617826, 0.03594488679838123, -9.300080271947597e-05, 0, 0, 0, 107161000000, 
1.5218588153319013, 1.3720101010691452, 0.8068039578737036, 0.03560472289569672, -7.925958460001471e-05, 0, 0, 0, 107263000000, 
1.5243533900470825, 1.3746137569552108, 0.8067955887232714, 0.03526503683110534, -6.809098860466229e-05, 0, 0, 0, 107365000000, 
1.5268242173219826, 1.3771925870295452, 0.8067882748041484, 0.03492918989873509, -5.981560023950714e-05, 0, 0, 0, 107467000000, 
1.529271557344015, 1.3797468683862528, 0.8067819028130302, 0.03459459690173042, -5.335255315521135e-05, 0, 0, 0, 107569000000, 
1.5316956452188013, 1.3822768550552729, 0.8067763929058416, 0.034238845607892004, -4.653716716004403e-05, 0, 0, 0, 107671000000, 
1.534096667852993, 1.3847827413487424, 0.8067715430251426, 0.03394173383909656, -4.006888291960352e-05, 0, 0, 0, 107773000000, 
1.5356846014844534, 1.3864400176528755, 0.8067686041284661, 0.033589813476890024, -4.1676782779171207e-05, 0, 0, 0, 107841000000, 
1.5380476419969806, 1.388906230644191, 0.806764749250604, 0.03327016421935267, -3.639910225386673e-05, 0, 0, 0, 107943000000, 
1.540388253167689, 1.3913490174239833, 0.806761501304356, 0.03298307316653114, -3.234370238551287e-05, 0, 0, 0, 108045000000, 
1.5427065439725733, 1.3937684981509317, 0.8067585739057798, 0.03267085109432506, -2.7073034444203813e-05, 0, 0, 0, 108147000000, 
1.5450044446709137, 1.396166687117542, 0.8067560028515691, 0.03240106661591504, -2.464557142467989e-05, 0, 0, 0, 108249000000, 
1.547277398004488, 1.3985388287226397, 0.8067539042428973, 0.032108887985197565, -1.9620888729888302e-05, 0, 0, 0, 108351000000, 
1.549529777234854, 1.4008894896545059, 0.8067519887109796, 0.03181860632587573, -1.565555884318003e-05, 0, 0, 0, 108453000000, 
1.5517610757795297, 1.403218141682298, 0.806750353931156, 0.031541325265820555, -1.4101172043201389e-05, 0, 0, 0, 108555000000, 
1.553971147178304, 1.4055246334490543, 0.8067489044073624, 0.031241471750757067, -9.790877041207789e-06, 0, 0, 0, 108657000000, 
1.5561601976766615, 1.40780918573314, 0.8067476858166405, 0.030919897080278584, -1.1055893145395697e-05, 0, 0, 0, 108759000000, 
1.5583283978179852, 1.4100719699448376, 0.8067466141724831, 0.030649054208195105, -9.05021048291443e-06, 0, 0, 0, 108861000000, 
1.5604759175165224, 1.4123131684515453, 0.8067457002441115, 0.030357461938234624, -7.1175001660572095e-06, 0, 0, 0, 108963000000, 
1.5667298229142261, 1.4186917327087984, 0.772059472974902, 0.1330751216449079, -0.7466888682650578, 0, 0, 0, 109065000000, 
1.5806516245460507, 1.4317365151418, 0.7403795553465782, 0.21234060577212255, -0.3167144037519196, 0, 0, 0, 109167000000, 
1.6001203619867035, 1.4494907172887133, 0.7449364514984321, 0.2831760830265828, 0.11365167628815477, 0, 0, 0, 109269000000, 
1.6226631443537385, 1.471143029261252, 0.7940646855602219, 0.30943911168764404, 0.5044479598980559, 0, 0, 0, 109371000000, 
1.6372246201056042, 1.4864020405344525, 0.8242397074824872, 0.3098376960229655, 0.5216202429892812, 0, 0, 0, 109439000000, 
1.6581031003341329, 1.5102225248272534, 0.8762049284135685, 0.3108139876590127, 0.4790464068448376, 0, 0, 0, 109541000000, 
1.677811777324094, 1.5351582483873363, 0.9276293917699151, 0.31215499504067556, 0.48722318990615743, 0, 0, 0, 109643000000, 
1.6963113070289093, 1.5611890034000164, 0.9786073827025962, 0.31382478026987226, 0.4980942431888587, 0, 0, 0, 109745000000, 
1.713570614551492, 1.5883020570391164, 1.029497017631892, 0.31515886372187774, 0.5011867601767175, 0, 0, 0, 109847000000, 
1.7295033726864664, 1.6163955870835174, 1.0804275115152664, 0.31678421833918163, 0.5004708138957001, 0, 0, 0, 109949000000, 
1.7440569836147959, 1.6454075579715397, 1.131385264858199, 0.31822853589653793, 0.4996308552054216, 0, 0, 0, 110051000000, 
1.7571782065784654, 1.6752667135235217, 1.1824154470277202, 0.32003428588870847, 0.5002458473064931, 0, 0, 0, 110153000000, 
1.7688143261473006, 1.7058960639212397, 1.2334301596509099, 0.32160394694359645, 0.5002962054572788, 0, 0, 0, 110255000000, 
1.7789192610971398, 1.7372114445124054, 1.2844355111235057, 0.3229798529288349, 0.5002426703679529, 0, 0, 0, 110357000000, 
1.7874510302332034, 1.769125504634951, 1.335445271367028, 0.3241873158085711, 0.500186465394525, 0, 0, 0, 110459000000, 
1.7943717123164906, 1.8015479230319804, 1.3864288875341222, 0.32544622351514735, 0.49855415999257363, 0, 0, 0, 110561000000, 
1.7996512181410225, 1.834377507831768, 1.4373801098559895, 0.32632742223200745, 0.5002601026910852, 0, 0, 0, 110663000000, 
1.8032172847348444, 1.8673344010158786, 1.490629337442614, 0.32666869679027183, 0.521565069481631, 0, 0, 0, 110765000000, 
1.8046109518783238, 1.8894321013547095, 1.5258582702391108, 0.326429761027334, 0.5236528374020882, 0, 0, 0, 110833000000, 
1.8052412559305817, 1.9227095067817226, 1.578984069454115, 0.3277709373219331, 0.5119167100116578, 0, 0, 0, 110935000000, 
1.8040961392778196, 1.9560787820067993, 1.6313118499203834, 0.3269196898657142, 0.5262925838630891, 0, 0, 0, 111037000000, 
1.8011782011245225, 1.98933964013264, 1.6845231558804559, 0.3278211993328259, 0.5148020331043038, 0, 0, 0, 111139000000, 
1.7965067762282652, 2.0225874752772053, 1.7356329340936347, 0.32919459143574287, 0.4987586491797641, 0, 0, 0, 111241000000, 
1.7901415075433855, 2.0556028884809168, 1.7867201402440331, 0.32934215305846437, 0.49774722969934176, 0, 0, 0, 111343000000, 
1.782102214694958, 2.0882607757113982, 1.8377309949841087, 0.32933951481074053, 0.4992699653497696, 0, 0, 0, 111445000000, 
1.77241248771284, 2.120464219459683, 1.888713366433407, 0.3291353874070032, 0.500147083224635, 0, 0, 0, 111547000000, 
1.761101510494503, 2.1521178270406387, 1.939708556545994, 0.3290547166160895, 0.5004484670826286, 0, 0, 0, 111649000000, 
1.7482053243372, 2.1831284575345196, 1.9907129323263963, 0.3290364491121362, 0.5002036812360156, 0, 0, 0, 111751000000, 
1.733768038122182, 2.213402263561027, 2.0416557413192273, 0.3286615399503403, 0.49963168112253165, 0, 0, 0, 111853000000, 
1.7178402142804998, 2.242842553600513, 2.092648607843489, 0.3279477290375432, 0.4996350609353751, 0, 0, 0, 111955000000, 
1.7004794562308772, 2.271358576303927, 2.1436930025615837, 0.3271705888116812, 0.5023821859704232, 0, 0, 0, 112057000000, 
1.6989539462611833, 2.2763833362327612, 2.1916432682563953, 0.0004229820592844685, 0.4587198639901003, 0, 0, 0, 112159000000, 
1.7000987736446473, 2.2730089237133564, 2.2313946405606004, -0.022229252021801416, 0.3343063284816439, 0, 0, 0, 112261000000, 
1.6982932756484035, 2.2738858494455094, 2.2476042556851388, 0.01825528867787763, 0.17665612194650387, 0, 0, 0, 112329000000, 
1.6960268792528803, 2.2726187471186994, 2.256717598853051, 0.008737759053760041, 0.022989652364344047, 0, 0, 0, 112431000000, 
1.6900659641891334, 2.2755918582934678, 2.2473196317230153, 0.33317410098302513, -0.1961271300601393, 0, 0, 0, 112533000000, 
1.6832212637509574, 2.2783013890830244, 2.208383981318797, 0.20768059643754777, -0.5601980577514722, 0, 0, 0, 112635000000, 
1.688825737582871, 2.27634333770915, 2.1567959650917055, -0.045195058352213775, -0.5363600102769007, 0, 0, 0, 112737000000, 
1.695548667246724, 2.275166578935042, 2.1044212528296224, -0.04416644128449343, -0.536610118684563, 0, 0, 0, 112839000000, 
1.7022579887835545, 2.273850436102922, 2.050748956867713, -0.04211175694892286, -0.5362547084789673, 0, 0, 0, 112941000000, 
1.7089630038013286, 2.2724796037432866, 1.9954898519672564, -0.03946827890085793, -0.536184812930454, 0, 0, 0, 113043000000, 
1.7156855509945121, 2.271083893495251, 1.9384836368107101, -0.03663975420714137, -0.5370073724409784, 0, 0, 0, 113145000000, 
1.7224260122449553, 2.269644328670843, 1.8799004800953052, -0.033915523492339936, -0.5372797258387286, 0, 0, 0, 113247000000, 
1.7291612798975116, 2.268097420587348, 1.8201738544703157, -0.03179414550752025, -0.5377764818903688, 0, 0, 0, 113349000000, 
1.7354633577035679, 2.2668899862615097, 1.760165364872363, -0.028274641782449345, -0.5290477202212897, 0, 0, 0, 113451000000, 
1.739127885240309, 2.2761871208594013, 1.7026282448443275, -0.02480787120495011, -0.4943104181876244, 0, 0, 0, 113553000000, 
1.7421196931085052, 2.306396377454717, 1.6499431284531056, 0.44238046763441813, -0.45251606229323504, 0, 0, 0, 113655000000, 
1.740912624504074, 2.309808970694112, 1.601443560331726, 0.02204611805053488, -0.4455109042545202, 0, 0, 0, 113757000000, 
1.7400242879060677, 2.311909714450476, 1.5720560445996976, 0.037227251273170864, -0.41488409305584, 0, 0, 0, 113825000000, 
1.7388008685634397, 2.307311493938577, 1.5456432464635432, -0.015952762145560857, -0.08383411942241377, 0, 0, 0, 113927000000, 
1.7394369291068157, 2.311888635693798, 1.574357596673725, 0.08392687021029353, 1.1013620324400795, 0, 0, 0, 114029000000, 
1.7371365336529478, 2.3048236502674526, 1.674101045885047, -0.08321252463363242, 0.9230743844306315, 0, 0, 0, 114131000000, 
1.7287363637622508, 2.2971377532332147, 1.7706717299918022, -0.09073069248957151, 0.9164763514991874, 0, 0, 0, 114233000000, 
1.7220524716001635, 2.286448728195488, 1.8736154713621547, -0.09458102654164993, 0.9107627121604416, 0, 0, 0, 114335000000, 
1.7118794670083621, 2.2846072624164275, 1.982591163912512, 0.027834741291604174, 0.8998094237535204, 0, 0, 0, 114437000000, 
1.7014064068375343, 2.2823751908248644, 2.0961995495738486, 0.02657631479310908, 0.8993764969245531, 0, 0, 0, 114539000000, 
1.69130367767014, 2.279005850990826, 2.213952025189036, 0.02809994509115809, 0.899862427116112, 0, 0, 0, 114641000000, 
1.6816569936516756, 2.27478503168576, 2.3347380531818933, 0.03149465793288194, 0.8993705485910908, 0, 0, 0, 114743000000, 
1.672508228500789, 2.269942014557248, 2.4571095624408557, 0.03610073110111786, 0.8985904942753152, 0, 0, 0, 114845000000, 
1.663848776438419, 2.264657442279043, 2.5795666520026783, 0.04142102008575391, 0.8988099570322228, 0, 0, 0, 114947000000, 
1.6556518228093533, 2.2590697979047096, 2.7005021269352, 0.04687824437237262, 0.8986717468926015, 0, 0, 0, 115049000000, 
1.647881379261958, 2.2532771613561002, 2.818389520674678, 0.05215722120940987, 0.8982757481130099, 0, 0, 0, 115151000000, 
1.6404855043197186, 2.2473438674349753, 2.932026688133286, 0.05710744948903278, 0.8982623601209749, 0, 0, 0, 115253000000, 
1.633411816254033, 2.241308602800268, 3.0405034525916945, 0.06159174161230156, 0.8980846932956599, 0, 0, 0, 115355000000, 
1.628849809651056, 2.237236408373102, 3.1096633133715743, 0.06433924516666521, 0.8981399587643895, 0, 0, 0, 115423000000, 
1.6222009198804186, 2.2310538532857564, -3.074729625182693, 0.06809570612933455, 0.8983327542021114, 0, 0, 0, 115525000000, 
1.6157542583398863, 2.224771429851524, -2.981978441367167, 0.07139354226836593, 0.8977946222085541, 0, 0, 0, 115627000000, 
1.6094825216428494, 2.218359724821976, -2.895130094474666, 0.07440423584474437, 0.8977546635373334, 0, 0, 0, 115729000000, 
1.603366862108369, 2.2117737356791456, -2.813823213692653, 0.07713690908892917, 0.8981076287589417, 0, 0, 0, 115831000000, 
1.5974176414216943, 2.204972351005398, -2.7377299812115106, 0.07946507786637397, 0.8972379227860414, 0, 0, 0, 115933000000, 
1.5916687704059407, 2.197903987289869, -2.666387124361575, 0.08150704512147465, 0.8966471565768108, 0, 0, 0, 116035000000, 
1.5861773866051658, 2.190500806518047, -2.5991222073163187, 0.08318760399405123, 0.8966585113138699, 0, 0, 0, 116137000000, 
1.581043046103875, 2.1827148525771074, -2.5353739770499004, 0.08419806100755084, 0.8952671483289836, 0, 0, 0, 116239000000, 
1.5764107431346754, 2.1745070277638923, -2.474516415112936, 0.0844553658442313, 0.8936440309306877, 0, 0, 0, 116341000000, 
1.5724750762037796, 2.165834049820895, -2.4156635001583613, 0.08374103938066213, 0.8924846243281876, 0, 0, 0, 116443000000, 
1.5694876231421664, 2.156692788465852, -2.35797509710043, 0.08161016190066712, 0.8900458073081191, 0, 0, 0, 116545000000, 
1.5704321712675227, 2.150221751300546, -2.3005582245747487, -0.04296049249560332, 0.8735864904773587, 0, 0, 0, 116647000000, 
1.5773530153478073, 2.1499922588815017, -2.238747646596442, -0.04093138926775631, 0.8731508862085762, 0, 0, 0, 116749000000, 
1.584239648162619, 2.149969614689798, -2.1711134590401997, -0.038756723661223555, 0.8719940205646931, 0, 0, 0, 116851000000, 
1.591143815441982, 2.1501487016704712, -2.0981741870916664, -0.036595485396166125, 0.8706157010454048, 0, 0, 0, 116953000000, 
1.5859930309722179, 2.1377713367782016, -2.0191992562508356, 0.22287529846166382, 0.8827188036764289, 0, 0, 0, 117055000000, 
1.578498642444078, 2.1243835623312712, -1.9637832379595404, 0.2253384793657958, 0.8809435452130416, 0, 0, 0, 117123000000, 
1.5680332692478023, 2.103531961292008, -1.8775305727740021, 0.23217393158558758, 0.8798714302139394, 0, 0, 0, 117225000000, 
1.5585996821759518, 2.081842756872519, -1.7881076378622738, 0.23051068040327843, 0.8788316723307271, 0, 0, 0, 117327000000, 
1.5503382198822304, 2.0593747756853795, -1.6962419911039894, 0.2310754968648713, 0.877505013934047, 0, 0, 0, 117429000000, 
1.543382819867938, 2.0363126904097393, -1.6025440283453993, 0.2305528989045944, 0.8769347475152622, 0, 0, 0, 117531000000, 
1.5378425270466165, 2.012798317842498, -1.5075486132906353, 0.2290766500001467, 0.8760346006064282, 0, 0, 0, 117633000000, 
1.5338166356253444, 1.9889555715869907, -1.4118141905394601, 0.22716156288928122, 0.8747706482471949, 0, 0, 0, 117735000000, 
1.531411422632431, 1.964911795188142, -1.3157772383512938, 0.2249011436733551, 0.8739834963990583, 0, 0, 0, 117837000000, 
1.5307365900050007, 1.940807420800803, -1.219800409066736, 0.22264452259865014, 0.8731658830088637, 0, 0, 0, 117939000000, 
1.5319120178465737, 1.9167985196397685, -1.1242218527387156, 0.2205576463054625, 0.8723058828787238, 0, 0, 0, 118041000000, 
1.5350754414515169, 1.8930788139723063, -1.0293084500063956, 0.21878066072520413, 0.8715733499220555, 0, 0, 0, 118143000000, 
1.5403810478161373, 1.86989348660421, -0.935270236716323, 0.21756351766205417, 0.8708442858643622, 0, 0, 0, 118245000000, 
1.5480028012251557, 1.8475639978914467, -0.8422709166607925, 0.21701361763845478, 0.8702552726945293, 0, 0, 0, 118347000000, 
1.558118969521065, 1.8265226278016113, -0.7504094923757422, 0.2171060695021495, 0.8698439765286398, 0, 0, 0, 118449000000, 
1.5708953951888647, 1.8073570523963136, -0.6597641091872912, 0.21768073129177934, 0.8693160182910837, 0, 0, 0, 118551000000, 
1.5809471497528949, 1.7960098646781721, -0.6000408654677105, 0.2180887778267446, 0.8689952501794255, 0, 0, 0, 118619000000, 
1.5982845755971904, 1.781895508724391, -0.5115136119701293, 0.217133229177296, 0.8688950141712694, 0, 0, 0, 118721000000, 
1.6180027452597783, 1.7723885558236505, -0.424236671305577, 0.2121451838179602, 0.8689003506008747, 0, 0, 0, 118823000000, 
1.6392126305340566, 1.7688388673311584, -0.33820863674758916, 0.19948537851249043, 0.8687993774570485, 0, 0, 0, 118925000000, 
1.6604529730184083, 1.7721991623777815, -0.253221438454707, 0.17913114203754565, 0.8712591696975175, 0, 0, 0, 119027000000, 
1.6796348694093794, 1.7821222190177086, -0.16787474767783, 0.016992694411038702, 0.9022947027176481, 0, 0, 0, 119129000000, 
1.693312941006843, 1.795981401152138, -0.0777980075046456, -0.0402064327780487, 0.9738604003480531, 0, 0, 0, 119231000000, 
1.689724302329119, 1.8020845512308854, 0.015540645754465968, -0.033867687096335315, 0.9733967893105265, 0, 0, 0, 119333000000, 
1.6862569981213957, 1.8076287671154956, 0.10834866226884414, -0.027292430179721407, 0.9730153517163235, 0, 0, 0, 119435000000, 
1.6830004893469626, 1.812693492605728, 0.20058982163558228, -0.020569478321353942, 0.9726256258683131, 0, 0, 0, 119537000000, 
1.680022100969669, 1.817367671178924, 0.29219256285608547, -0.013764840340705858, 0.9723361240649877, 0, 0, 0, 119639000000, 
1.6773728210007897, 1.8217428847989334, 0.38305661052161205, -0.006879685933452154, 0.9719784749345328, 0, 0, 0, 119741000000, 
1.675085030543006, 1.8259239761936243, 0.47313623711644204, 4.2317651361842984e-05, 0.9718589589506874, 0, 0, 0, 119843000000, 
1.67289057062389, 1.8297418833672898, 0.5623426344997867, -0.0995678803467479, 0.9595738944695097, 0, 0, 0, 119945000000, 
1.659963785658574, 1.826686025680025, 0.6518307473660069, -0.1177559800437803, 0.9555741199099791, 0, 0, 0, 120047000000, 
1.6471890789403814, 1.8238117958361013, 0.7449724832938827, -0.11027186721436165, 0.9555874827811329, 0, 0, 0, 120149000000, 
1.6386832768049115, 1.8220057028753065, 0.8088477348188489, -0.10532683846215561, 0.9557075874288583, 0, 0, 0, 120217000000, 
1.6258193759126, 1.819410023657444, 0.9068011203914088, -0.09814476350815554, 0.9553660800044675, 0, 0, 0, 120319000000, 
1.6076183096124863, 1.822408964276259, 1.0067629936426643, -0.04025710615620466, 0.975656793659508, 0, 0, 0, 120421000000, 
1.5788473637062272, 1.8348335241528386, 1.1100623884991807, -0.026023186212951216, 0.9990788377547675, 0, 0, 0, 120523000000, 
1.5491272924127353, 1.8453764621935693, 1.213209147099627, -0.017438147627391015, 0.9987654502961497, 0, 0, 0, 120625000000, 
1.5185397996153296, 1.8530519055877195, 1.3154701016360277, -0.02665639553672558, 0.9985993781207178, 0, 0, 0, 120727000000, 
1.49719742405763, 1.845725627929119, 1.4172111381852577, -0.13087471924600313, 0.9909977446931119, 0, 0, 0, 120829000000, 
1.5277305092464388, 1.8402320994463464, 1.5181683139546958, 0.0052795789660331615, 0.9904044001637394, 0, 0, 0, 120931000000, 
1.559334629455129, 1.840658914703977, 1.6193990070981665, 0.0020473598112126373, 0.9904576856897184, 0, 0, 0, 121033000000, 
1.590945689910911, 1.8433454806816063, 1.7213209328181023, -0.011113551157207656, 0.9905690882639309, 0, 0, 0, 121135000000, 
1.6223914539227517, 1.8477565699079064, 1.8242263883571121, -0.027277411613280678, 0.9908440170424488, 0, 0, 0, 121237000000, 
1.653534565810929, 1.8536896403289718, 1.9283053826119307, -0.044733025809859536, 0.9911582366989741, 0, 0, 0, 121339000000, 
1.6843156881075132, 1.8610468266430173, 2.033652251485553, -0.06297984043986392, 0.9914375710898838, 0, 0, 0, 121441000000, 
1.7146079924157989, 1.8697141058426467, 2.139945060535482, -0.08110011953307339, 0.9899194378599715, 0, 0, 0, 121543000000, 
1.747044745161486, 1.880785647630356, 2.24577937485188, -0.11435292887335258, 0.9900115884438158, 0, 0, 0, 121645000000, 
1.7706073008559307, 1.8901171234525906, 2.315924351128207, -0.13711451640265082, 0.9957668340113277, 0, 0, 0, 121713000000, 
1.8055276733479417, 1.9066606882246375, 2.420438632902007, -0.13293967822101493, 1.0039798922516037, 0, 0, 0, 121815000000, 
1.8377977711303533, 1.9255457377458165, 2.5244316429876315, -0.07916475102703682, 1.0317189154020545, 0, 0, 0, 121917000000, 
1.8677119607242574, 1.9477481690667506, 2.6286338662046402, -0.12723142219957706, 1.048327469715611, 0, 0, 0, 122019000000, 
1.8940584611182905, 1.9729445063655817, 2.7331778903288226, -0.12144807536381465, 1.0739223341974504, 0, 0, 0, 122121000000, 
1.9163486813421073, 2.0014295058374225, 2.837442816636967, -0.09856577391914777, 1.0806318046970633, 0, 0, 0, 122223000000, 
1.9338772692937278, 2.0329457082239326, 2.9416283224239517, -0.08046045086319488, 1.080350131987988, 0, 0, 0, 122325000000, 
1.9463506337803425, 2.0668956168610264, 3.046009947801811, -0.06358611034821358, 1.0798977085036134, 0, 0, 0, 122427000000, 
1.9535866087746432, 2.102483148300756, -3.132562782346304, -0.048118420036820125, 1.0796270698864017, 0, 0, 0, 122529000000, 
1.9555336064893851, 2.1389273120192422, -3.027690494989577, -0.034045701558802495, 1.0794584291504543, 0, 0, 0, 122631000000, 
1.955219297701398, 2.152887235038975, -2.9878730058192793, 0.008002758889055453, -0.10366033557972132, 0, 0, 0, 122733000000, 
1.945123427460929, 2.1547294401195143, -3.118699067168934, 0.2535583391868911, -0.6339519813216564, 0, 0, 0, 122835000000, 
1.9180165465155172, 2.157958326281455, 2.9938566418575734, 0.2978153472845369, -0.8393114859224402, 0, 0, 0, 122937000000, 
1.8846517547919037, 2.1569974100240135, 2.856320739837793, 0.33077693354571824, -0.8335813528477097, 0, 0, 0, 123039000000, 
1.8475704878177044, 2.157221786333494, 2.758019528198151, 0.3573580677263074, -0.82696347357484, 0, 0, 0, 123141000000, 
1.8255420783543685, 2.158501551814432, 2.700313585697127, -0.012549931044551807, -0.8362433609469928, 0, 0, 0, 123243000000, 
1.826126564958279, 2.1569515840789877, 2.684635257672287, -0.010374227233126448, -0.8308256914879045, 0, 0, 0, 123345000000, 
1.8317132917385215, 2.152007425066379, 2.7004070195699255, -0.14481718854522702, -0.8209295519677919, 0, 0, 0, 123413000000, 
1.8426367637080487, 2.13659396970266, 2.764082266630994, -0.16648074936908103, -0.8198787938556733, 0, 0, 0, 123515000000, 
1.8528498283119144, 2.114445211594165, 2.8831913741456208, -0.15336358861460767, -0.8195982366839095, 0, 0, 0, 123617000000, 
1.861600734962202, 2.0874190181765924, 3.0627994363286914, -0.09874035428557856, -0.8196735818867575, 0, 0, 0, 123719000000, 
1.8682764397576528, 2.0573485793624666, -2.9938209600354893, -0.008637954405539841, -0.8182677299848375, 0, 0, 0, 123821000000, 
1.881366289521729, 2.025907383805157, -2.7716068309081225, -0.01137586839291746, -0.8074828633083938, 0, 0, 0, 123923000000, 
1.8948042455731997, 1.9885029177172266, -2.6022017337970365, 0.09823671743699149, -0.8135824312423171, 0, 0, 0, 124025000000, 
1.905523559087868, 1.9467909315692853, -2.4912312472348566, 0.18409174571197115, -0.8182405133453413, 0, 0, 0, 124127000000, 
1.9144045227956752, 1.9029190882008684, -2.4288867993537235, 0.19593502446111488, -0.8172259281456001, 0, 0, 0, 124229000000, 
1.9249842539795874, 1.8574488584480369, -2.406483057800211, 0.23640912464652308, -0.8226576653642379, 0, 0, 0, 124331000000, 
1.9327822585371277, 1.8116556130968975, -2.4153961358617706, 0.24542764417738397, -0.8272406851751195, 0, 0, 0, 124433000000, 
1.9370503805389399, 1.7816722701132373, -2.4360733349413306, 0.238845824931188, -0.8295226980528446, 0, 0, 0, 124501000000, 
1.9426079500546587, 1.7366462597998915, -2.4871578837657817, 0.23401128737944774, -0.8329588929134567, 0, 0, 0, 124603000000, 
1.9457818415788457, 1.6916476825796192, -2.560448495420451, 0.22586904604937916, -0.835013237562147, 0, 0, 0, 124705000000, 
1.9455516827988772, 1.6486581283349637, -2.6542660193789533, 0.2069663048373933, -0.8355730592379133, 0, 0, 0, 124807000000, 
1.9418103156937396, 1.6101821076286806, -2.766733398228012, 0.13752226259703249, -0.836771267035893, 0, 0, 0, 124909000000, 
1.9397596832234387, 1.5753269973888686, -2.8935460488807445, 0.11259188334417819, -0.8372231248483218, 0, 0, 0, 125011000000, 
1.9460513863625537, 1.5715804421029613, -3.0261960695928973, 0.036070057757915185, -0.8421823670905826, 0, 0, 0, 125113000000, 
1.925638682868318, 1.5704895667970427, 3.131772876187597, 0.27768696412288746, -0.8379595128258037, 0, 0, 0, 125215000000, 
1.8950925473032705, 1.557867722616435, 3.0246349612992294, 0.29667699286606974, -0.8332510243989826, 0, 0, 0, 125317000000, 
1.8618990955012296, 1.544118636255334, 2.94146304565085, 0.30460612336389287, -0.8281680499545155, 0, 0, 0, 125419000000, 
1.8398952367606247, 1.5364522190814034, 2.90209755390952, 0.4756686793123159, -0.795004237707481, 0, 0, 0, 125487000000, 
1.8311157664865476, 1.5303801237563102, 2.8699473576479386, -0.004442980719014113, -0.8044721418038809, 0, 0, 0, 125589000000, 
1.8297455841943018, 1.526390763241274, 2.870157946497779, 0.009434501165643273, -0.797936207821339, 0, 0, 0, 125691000000, 
1.8346015897380894, 1.5205097223462665, 2.9040076743196055, -0.10390269442712072, -0.7883284490288042, 0, 0, 0, 125793000000, 
1.842751703228253, 1.507396878428893, 2.9646437873897487, -0.1017147911102434, -0.7888098137333084, 0, 0, 0, 125895000000, 
1.8497034498076457, 1.4888915752972163, 3.0474487260478176, -0.07922470671260967, -0.789314345410563, 0, 0, 0, 125997000000, 
1.8548762982582718, 1.466466624958368, -3.1379640254366, -0.03988965253976066, -0.7892624408332417, 0, 0, 0, 126099000000, 
1.8578674173616183, 1.4415879559399796, -3.0354385855244606, 0.00870850688882108, -0.789467983145667, 0, 0, 0, 126201000000, 
1.8627988166802256, 1.4160373661602284, -2.941243684385615, -0.043580063008496636, -0.7802495244499587, 0, 0, 0, 126303000000, 
1.8712727516822423, 1.3864944698059671, -2.8727291786424467, 0.01761328219144226, -0.7889773564792258, 0, 0, 0, 126405000000, 
1.8765101882762747, 1.3525754785559394, -2.8319895620314957, 0.07293322063085966, -0.7958791319543177, 0, 0, 0, 126507000000, 
1.8781829097723255, 1.3162031844421347, -2.8163080866553343, 0.11719378346016922, -0.8010468954167878, 0, 0, 0, 126609000000, 
1.8809801444325251, 1.2755177787707386, -2.8232714913007175, 0.11221945543944012, -0.8034305967195254, 0, 0, 0, 126711000000, 
1.8810779839590126, 1.233156261102766, -2.849702774589991, 0.13357622685085105, -0.8094864277215154, 0, 0, 0, 126813000000, 
1.8782547382736494, 1.1916705044345566, -2.892013582368511, 0.1315474577054392, -0.812738596441911, 0, 0, 0, 126915000000, 
1.8753719512630544, 1.151833044001882, -2.9481161678523216, 0.10175586638796749, -0.8156269299941479, 0, 0, 0, 127017000000, 
1.871496739522841, 1.1107115728339418, -3.016511255098906, 0.1022758275676984, -0.8183601710981637, 0, 0, 0, 127119000000, 
1.8672483493278358, 1.083504714288515, -3.0674597375848105, 0.10161600960020106, -0.8188650685247856, 0, 0, 0, 127187000000, 
1.8583499783754251, 1.0445867072807518, 3.1339067549518154, 0.09859997702187596, -0.8175459738695969, 0, 0, 0, 127289000000, 
1.846686187301895, 1.009778315255932, 3.0491362391062315, 0.09693695888626935, -0.814121384399115, 0, 0, 0, 127391000000, 
1.8335152688357808, 0.9823127208443321, 2.966093922274277, 0.06227654543394132, -0.804466711181966, 0, 0, 0, 127493000000, 
1.8356557193015073, 0.9578547149648252, 2.8895673033007916, -0.2712951399639086, -0.795136069196653, 0, 0, 0, 127595000000, 
1.8215775270841659, 0.9195787817833975, 2.8219851736481005, 0.21814222631581198, -0.7936584093113677, 0, 0, 0, 127697000000, 
1.7890862124213058, 0.8975386482799246, 2.768003271758257, 0.33608495911845526, -0.7697472549878361, 0, 0, 0, 127799000000, 
1.7561480182561469, 0.8811798695177885, 2.734349339116204, 0.06995677033572034, -0.7218395961877613, 0, 0, 0, 127901000000, 
1.7520574518129302, 0.8703019829036548, 2.721182142844306, -0.0015718757604440414, -0.7173937111537574, 0, 0, 0, 128003000000, 
1.7474221087993458, 0.8617250526253515, 2.7258058036908066, 0.01568888513724722, -0.7114621479165545, 0, 0, 0, 128105000000, 
1.7423963077102864, 0.8562448072640133, 2.7481088064559582, 0.03143166530862786, -0.7030449534930541, 0, 0, 0, 128207000000, 
1.7423227213706465, 0.851251452966614, 2.784361155348066, -0.056438026936969185, -0.6935937716757415, 0, 0, 0, 128309000000, 
1.744268297439659, 0.8410213738746176, 2.8234709093294117, -0.044115194881911735, -0.6954145619436457, 0, 0, 0, 128411000000, 
1.7437746163238703, 0.8273987063370173, 2.8599750944794833, -0.024246823494060096, -0.6960467759417522, 0, 0, 0, 128513000000, 
1.7407972789698276, 0.8115589448878144, 2.8899162965451812, -0.0006282991091999535, -0.6963039299999455, 0, 0, 0, 128615000000, 
1.7354530817398726, 0.7946370618516412, 2.9103349495632322, 0.023143851804472017, -0.6968709415975084, 0, 0, 0, 128717000000, 
1.7307007052599475, 0.7832964707380935, 2.91762766216975, 0.037645937937954975, -0.697387756664433, 0, 0, 0, 128785000000, 
1.7250901263142764, 0.766046671627567, 2.9176073443225894, -0.031180293736538744, -0.6898283740707853, 0, 0, 0, 128887000000, 
1.721625023313706, 0.7448298232044304, 2.899949263167003, 0.0012832283401052538, -0.7005531060645811, 0, 0, 0, 128989000000, 
1.7137617380147154, 0.7213578090668332, 2.8649583843034017, 0.02942441021920139, -0.7100091639919139, 0, 0, 0, 129091000000, 
1.7033727408091892, 0.6909908440204253, 2.814646399605084, 0.014031092511756146, -0.7143628876888217, 0, 0, 0, 129193000000, 
1.6889657337805464, 0.6583187456125437, 2.7519164532123503, 0.024858155491849776, -0.7221530102516994, 0, 0, 0, 129295000000, 
1.6709942330580274, 0.6253743026181184, 2.6802054059019977, 0.028756270173647236, -0.7284195205756859, 0, 0, 0, 129397000000, 
1.65006440093509, 0.593153404590394, 2.602848022010143, 0.027980833628038465, -0.7320466690028598, 0, 0, 0, 129499000000, 
1.6268779506008852, 0.5613378075010674, 2.5232395498146505, -0.031439839804561664, -0.734112573223675, 0, 0, 0, 129601000000, 
1.607289769904704, 0.5276169960949282, 2.4450062392017897, -0.05312789347702132, -0.7365901623832503, 0, 0, 0, 129703000000, 
1.5859123719725023, 0.49589886582952086, 2.3715374471681683, -0.05175623491731238, -0.7375417401150242, 0, 0, 0, 129805000000, 
1.5627741898267138, 0.4667235909917769, 2.3060059993241895, -0.044407896460934626, -0.7359549823484731, 0, 0, 0, 129907000000, 
1.5385445848299557, 0.44103476864999275, 2.2517026584405166, -0.028853891222025113, -0.7323084159296559, 0, 0, 0, 130009000000, 
1.5168551254296414, 0.41994871692319735, 2.212406633069911, -0.038278968724545406, -0.7246018050762227, 0, 0, 0, 130111000000, 
1.4978144804861657, 0.40318957190884636, 2.190460998888695, -0.006756338895100564, -0.7165438852655958, 0, 0, 0, 130213000000, 
1.4790981308613262, 0.3912963434649426, 2.18782161900587, 0.029201128303226964, -0.7066560661700105, 0, 0, 0, 130315000000, 
1.4695284330996128, 0.38308829872387434, 2.197209755857725, -0.047788993184248674, -0.7002926507700057, 0, 0, 0, 130383000000, 
1.456523393246622, 0.36886080430417767, 2.2230782618521965, -0.024035499056422285, -0.69752280901719, 0, 0, 0, 130485000000, 
1.4426843486584566, 0.35649126410568877, 2.261197655825443, 0.0023538006844517623, -0.6928187539552473, 0, 0, 0, 130587000000, 
1.4288256157798591, 0.346622390599134, 2.3090161157008113, 0.028297922863900128, -0.6877067434766772, 0, 0, 0, 130689000000, 
1.4158570220933981, 0.33980941426892625, 2.3625739735490185, 0.04961493091425222, -0.6821892656325108, 0, 0, 0, 130791000000, 
1.4048087428422427, 0.3365064928652184, 2.4167466875336943, 0.062009937003586355, -0.6750692425863537, 0, 0, 0, 130893000000, 
1.399420073924734, 0.3337137204722531, 2.464377993378022, -0.021115125157314334, -0.6640174635656727, 0, 0, 0, 130995000000, 
1.3959890683501774, 0.3272066692012975, 2.49379259632515, -0.003662301896379075, -0.6648426971154271, 0, 0, 0, 131097000000, 
1.3900534929466306, 0.3201433151058167, 2.5024229550036203, 0.013803598727918705, -0.6650660279485455, 0, 0, 0, 131199000000, 
1.3796983628317234, 0.31437428602005635, 2.4903740302039155, 0.18510871627941253, -0.6730248437388465, 0, 0, 0, 131301000000, 
1.355753814217145, 0.31445017979249207, 2.4581381541483536, 0.19054347134163127, -0.6751543962966409, 0, 0, 0, 131403000000, 
1.3300056417223243, 0.3148398138039593, 2.4091655744130414, 0.19735479006938755, -0.6775183935709371, 0, 0, 0, 131505000000, 
1.3039743603750955, 0.31639820175410127, 2.346178601715264, 0.038498492873445665, -0.6787495934488953, 0, 0, 0, 131607000000, 
1.2949377413465386, 0.2902137556919632, 2.2721200018014884, -0.05942292112478474, -0.6973669358961039, 0, 0, 0, 131709000000, 
1.2773319051873733, 0.2680701675389105, 2.1911422078868013, -0.09817534116755129, -0.6955629518671557, 0, 0, 0, 131811000000, 
1.2657411010594808, 0.25218079129998344, 2.136803826101866, -0.09959994158522995, -0.7002092708593668, 0, 0, 0, 131879000000, 
1.2443797761354418, 0.22780484127200773, 2.056794962672669, -0.10425747977975514, -0.705843298903787, 0, 0, 0, 131981000000, 
1.2194096033868376, 0.20376708573970384, 1.9810391417240052, -0.1086882962740464, -0.7101916575252097, 0, 0, 0, 132083000000, 
1.191889736529441, 0.1808993555430344, 1.9117559963104902, -0.11043852078819559, -0.7136112649455079, 0, 0, 0, 132185000000, 
1.1629102170835952, 0.1598537190082464, 1.850853779442164, -0.10945532148978988, -0.7163400682276264, 0, 0, 0, 132287000000, 
1.1341878367051086, 0.14039719800051956, 1.800137103958437, -0.12360836423980921, -0.7182705241830667, 0, 0, 0, 132389000000, 
1.1051135853454628, 0.12053886344458939, 1.7605231726342967, -0.1341494622011959, -0.7212762668050722, 0, 0, 0, 132491000000, 
1.0741659021211263, 0.1015156088891689, 1.7327021120882244, -0.12542577378950415, -0.7223094612841395, 0, 0, 0, 132593000000, 
1.0420538447851184, 0.08456149338480837, 1.718943259300839, -0.10532500448572764, -0.7213740766895721, 0, 0, 0, 132695000000, 
1.0115930402341535, 0.06894006326315438, 1.7227629471261787, -0.11136804245976198, -0.7191849894556087, 0, 0, 0, 132797000000, 
0.9829354323244789, 0.054598213577752505, 1.745944880479857, -0.07424526887360458, -0.7174389491127291, 0, 0, 0, 132899000000, 
0.9543675943312306, 0.043516022798404115, 1.7914156370175185, -0.028660250421360695, -0.7135442302720723, 0, 0, 0, 133001000000, 
0.9269942291593196, 0.03612193167136536, 1.8626452829408422, 0.023571188016486562, -0.7084566901537646, 0, 0, 0, 133103000000, 
0.903109716371217, 0.0301826920659835, 1.9599700369859163, -0.022257279931845578, -0.7015814304558743, 0, 0, 0, 133205000000, 
0.8823789555163152, 0.02028115927194829, 2.068547857768207, 0.020803170768795926, -0.6997798462015702, 0, 0, 0, 133307000000, 
0.8619293951966983, 0.01258090688347031, 2.1760946749809364, 0.05928198200159118, -0.6959659798233692, 0, 0, 0, 133409000000, 
0.848883779731089, 0.008812030776023327, 2.2427037069634745, 0.07953707173488783, -0.6931204694101257, 0, 0, 0, 133477000000, 
0.8309018766398298, 0.005395285592930738, 2.3293652979561448, 0.09859325489102941, -0.6889401978594784, 0, 0, 0, 133579000000, 
0.815782651889914, 0.0048386568663331105, 2.395622757513956, 0.10188968335841173, -0.6838589141131871, 0, 0, 0, 133681000000, 
0.8053522866677949, 0.006713994488230299, 2.4385644144630234, -0.001259167800005418, -0.6706322485541983, 0, 0, 0, 133783000000, 
0.8028046692118048, 0.004365418957739854, 2.4523918067411916, 0.009955017876281608, -0.6699554108138497, 0, 0, 0, 133885000000, 
0.7992653648136363, 0.0024380047250523586, 2.43692187430946, 0.018729890409332865, -0.6684597313329124, 0, 0, 0, 133987000000, 
0.7806549726742797, 0.0060456199105449636, 2.394052124638919, 0.18529419535420782, -0.6797840250553376, 0, 0, 0, 134089000000, 
0.7569415329388639, 0.01001108996609436, 2.3277929963566346, 0.1980122856711764, -0.6805980313430119, 0, 0, 0, 134191000000, 
0.7297182335531502, 0.013346367961166006, 2.2409349159033183, 0.19795378579703787, -0.6808278845154757, 0, 0, 0, 134293000000, 
0.6985315856668576, 0.014621296042465806, 2.1360723367115098, 0.16827068183639182, -0.6808399313513855, 0, 0, 0, 134395000000, 
0.663267047173538, 0.008957478720111706, 2.0170339242387842, 0.04830596473015397, -0.6820659141166818, 0, 0, 0, 134497000000, 
0.6325973063641211, -0.0076265247246012965, 1.8906591383711437, -0.08609841667307819, -0.6898852049809235, 0, 0, 0, 134599000000, 
0.6116160333982616, -0.02311966777274572, 1.7663305833392724, -0.10483222653922408, -0.6918077249190054, 0, 0, 0, 134701000000, 
0.5868152976088171, -0.038610794425426295, 1.6506793849485237, -0.1612900714304204, -0.6881769466342559, 0, 0, 0, 134803000000, 
0.5618830585975804, -0.056595073719688006, 1.5483713486485946, -0.17838382819761722, -0.6923225472954568, 0, 0, 0, 134905000000, 
0.5339710368890807, -0.07363713881279899, 1.4598106370868058, -0.19165229747572238, -0.6958621308885286, 0, 0, 0, 135007000000, 
0.5142776203453655, -0.08427514466123205, 1.4082779740509785, -0.19740212813144048, -0.6976532682457132, 0, 0, 0, 135075000000, 
0.48380632366561693, -0.09898014051697498, 1.3419730357716289, -0.20175999076874046, -0.699737573861938, 0, 0, 0, 135177000000, 
0.4529806237969588, -0.11231800225096394, 1.2888437043992993, -0.20529027360176638, -0.7016219472479226, 0, 0, 0, 135279000000, 
0.4220271126776043, -0.12500612908043277, 1.2492969077130114, -0.2135956783603437, -0.703433162757601, 0, 0, 0, 135381000000, 
0.39016072774074817, -0.1372125533815451, 1.2240435466378972, -0.21586271825990272, -0.7047359655816006, 0, 0, 0, 135483000000, 
0.3572209650988424, -0.14818559187202987, 1.2148367879416753, -0.2071629686352984, -0.7055721302861726, 0, 0, 0, 135585000000, 
0.3237290338360022, -0.15735808087252562, 1.2258339890313015, -0.18612790111782027, -0.7059591141441072, 0, 0, 0, 135687000000, 
0.29140378563315655, -0.1685810266441971, 1.2634555540989987, -0.20074186560178275, -0.705199005310298, 0, 0, 0, 135789000000, 
0.2593542101463324, -0.1787861111884363, 1.3351658215249032, -0.1595534114227115, -0.7042399193015301, 0, 0, 0, 135891000000, 
0.22788376942880356, -0.1866391111975375, 1.457827960656607, -0.09817439421234007, -0.7033494518217632, 0, 0, 0, 135993000000, 
0.19786173323222275, -0.19178290983583035, 1.6545392518495434, -0.011906992671062752, -0.701715475090721, 0, 0, 0, 136095000000, 
0.17115852148866983, -0.1963311086057843, 1.9350859106597336, -0.010851411742836381, -0.6952577311473409, 0, 0, 0, 136197000000, 
0.1475831433757917, -0.20568616606303336, 2.2368381085260727, 0.07634805159237813, -0.6921207242719358, 0, 0, 0, 136299000000, 
0.12469971478415261, -0.21313447240855396, 2.486737577404054, 0.13507465258825238, -0.689343898076599, 0, 0, 0, 136401000000, 
0.10330923683984249, -0.21837694099067342, 2.661145827048305, 0.15866678876303594, -0.6854592315826212, 0, 0, 0, 136503000000, 
0.08433713191900874, -0.22108936560248815, 2.770864865094674, 0.15444055357053188, -0.680357193127419, 0, 0, 0, 136605000000, 
0.07476301715472132, -0.22174756117841754, 2.816075960107267, 0.05102734735512277, -0.6702280611658866, 0, 0, 0, 136673000000, 
0.06841498320689579, -0.22375537645975876, 2.8451513790056464, 0.054353409643967336, -0.6681150371204434, 0, 0, 0, 136775000000, 
0.062498854261646496, -0.2244750466180953, 2.8378985757656316, 0.051489289500358824, -0.6652983133815229, 0, 0, 0, 136877000000, 
0.05333334184045133, -0.22358548440245415, 2.8022380708026335, 0.23300343615483723, -0.6760648159868786, 0, 0, 0, 136979000000, 
0.02752589118911672, -0.22164141080478147, 2.740418857906277, 0.2509355073493436, -0.6769360010918339, 0, 0, 0, 137081000000, 
-0.0010797389506332058, -0.22094642336439643, 2.6542808962148876, 0.25884051875648456, -0.6777006172056298, 0, 0, 0, 137183000000, 
-0.03236989771734812, -0.22232655107530722, 2.5417327740164986, 0.247895525632805, -0.6789346438364915, 0, 0, 0, 137285000000, 
-0.06595318611936833, -0.22692366554230606, 2.399218845952615, 0.20529378582675523, -0.6801860917133721, 0, 0, 0, 137387000000, 
-0.10093091955916556, -0.23582338112938409, 2.2241367472578055, 0.122630560250274, -0.6817568581911791, 0, 0, 0, 137489000000, 
-0.13592374679592714, -0.2492382917414979, 2.0186516870582776, 0.010932637426301989, -0.6849425898303274, 0, 0, 0, 137591000000, 
-0.1557387703568761, -0.26243771759584544, 1.8021190268135083, -0.07909709159523058, -0.684450628253076, 0, 0, 0, 137693000000, 
-0.1742202156312419, -0.2742468777541076, 1.5922115943918826, -0.10720194004364272, -0.6887287592807468, 0, 0, 0, 137795000000, 
-0.1958161440436023, -0.28501222937162846, 1.4021719941453703, -0.1354823888925721, -0.693474537928435, 0, 0, 0, 137897000000, 
-0.21931181871448804, -0.2964852203935329, 1.2384654847978414, -0.1970849458487351, -0.6939513477906809, 0, 0, 0, 137999000000, 
-0.24473556548224124, -0.3086322869608555, 1.1021042711213165, -0.2164203228084905, -0.6983125615260092, 0, 0, 0, 138101000000, 
-0.27191695999795373, -0.31914273448295866, 0.9882968302731594, -0.2289065596266583, -0.7017227722499221, 0, 0, 0, 138203000000, 
-0.2906722419684169, -0.32515357497726355, 0.922592478939292, -0.2336490726506769, -0.7035866048254151, 0, 0, 0, 138271000000, 
-0.3192195293114873, -0.3326012429133407, 0.8364475860267028, -0.23484350986406738, -0.7054933706112145, 0, 0, 0, 138373000000, 
-0.3471717584693564, -0.33862204648629035, 0.7628704200904092, -0.23463101990278482, -0.7064347956519349, 0, 0, 0, 138475000000, 
-0.37489504412796587, -0.3454545075184741, 0.7002561247150191, -0.25884564376365327, -0.7081883250879757, 0, 0, 0, 138577000000, 
-0.4042650978507795, -0.3517464604694047, 0.6469908483048132, -0.266668005487784, -0.7092122295928787, 0, 0, 0, 138679000000, 
-0.43455085168105023, -0.3562498606064522, 0.60215309687828, -0.2662040900173722, -0.7085408614878165, 0, 0, 0, 138781000000, 
-0.46513676604593995, -0.3587342538929242, 0.5661268157677113, -0.26060691292306737, -0.7078079002330078, 0, 0, 0, 138883000000, 
-0.49549719357709515, -0.3590895561276603, 0.541198091572224, -0.24885821896228963, -0.7063291569304944, 0, 0, 0, 138985000000, 
-0.5275712757836096, -0.36241155674401687, 0.5301662050367473, -0.28499930744110574, -0.7032804058585042, 0, 0, 0, 139087000000, 
-0.559136218126904, -0.36448394112635446, 0.5377168012011295, -0.2673870859353754, -0.7009900099612172, 0, 0, 0, 139189000000, 
-0.5893646308539798, -0.36474165146933935, 0.5905890760188045, -0.23430784516909386, -0.6982638385469786, 0, 0, 0, 139291000000, 
-0.6172629517987192, -0.36290668578019497, 0.8343438367312905, -0.1514837455088854, -0.6934479796697816, 0, 0, 0, 139393000000, 
-0.6422388190384116, -0.3630247203549333, 2.3495741255569738, 0.1350138506429513, -0.6851070202120573, 0, 0, 0, 139495000000, 
-0.6627567939671742, -0.3678713168679784, 3.0564968125362797, 0.13752379702071127, -0.6731049933781815, 0, 0, 0, 139597000000, 
-0.6775060073319495, -0.37230180728420614, -3.1265757945449075, 0.1461237344768768, -0.6694153580851792, 0, 0, 0, 139699000000, 
-0.6922704247779088, -0.3750200753715078, -3.119605012632923, 0.1432595697095968, -0.66607492690505, 0, 0, 0, 139801000000, 
-0.7018301938030561, -0.37585506284338827, -3.1326420780643587, 0.13796420408180954, -0.6635867110204697, 0, 0, 0, 139869000000, 
-0.7153103368712171, -0.37565574175951016, 3.117739754218304, 0.12575903128388494, -0.6599747135390772, 0, 0, 0, 139971000000, 
-0.7271848176520418, -0.3737879066948364, 3.0745443306774254, 0.10796832668140427, -0.6549345486178535, 0, 0, 0, 140073000000, 
-0.7367489955585005, -0.37041553308345426, 3.022944443575183, 0.08436483111984586, -0.650536709426241, 0, 0, 0, 140175000000, 
-0.7677839328572756, -0.36686607040502406, 2.9608957394119675, 0.3291174331469115, -0.6634804481507802, 0, 0, 0, 140277000000, 
-0.8020545847325721, -0.3651053936502689, 2.887525666621192, 0.3322035837272012, -0.664231545984033, 0, 0, 0, 140379000000, 
-0.837271152642576, -0.3656062367731772, 2.798904744257782, 0.3365066405795892, -0.6707059921884475, 0, 0, 0, 140481000000, 
-0.8729115157248364, -0.368579304340861, 2.686742307474713, 0.3094653504214807, -0.6831210560293866, 0, 0, 0, 140583000000, 
-0.9086195364619971, -0.37384465533133665, 2.5368544347548734, 0.2569060272258703, -0.7026545857608134, 0, 0, 0, 140685000000, 
-0.9441402594001373, -0.3809243982659638, 2.3257268444736323, 0.1862627455814546, -0.7255988176206376, 0, 0, 0, 140787000000, 
-0.979440233593866, -0.3892093003344252, 2.0208728449028768, 0.06897896893881403, -0.741547942308451, 0, 0, 0, 140889000000, 
-0.9981605629360322, -0.3971550009201843, 1.620291040119509, -0.0616818723379397, -0.7278985167792106, 0, 0, 0, 140991000000, 
-1.010102300636979, -0.4030620519839595, 1.1994926869879892, -0.09288634490326259, -0.7360484527506022, 0, 0, 0, 141093000000, 
-1.0245508881169283, -0.4069681437581758, 0.8456473693208088, -0.12091582028571107, -0.7441381103836298, 0, 0, 0, 141195000000, 
-1.043591515900568, -0.41278519921324386, 0.5851049143884317, -0.19717493012745424, -0.7472864831609635, 0, 0, 0, 141297000000, 
-1.065313817808103, -0.41681149013270524, 0.39630305325184395, -0.2153159871017585, -0.7538385024137991, 0, 0, 0, 141399000000, 
-1.0806898452830507, -0.4182136307468862, 0.29650394963686627, -0.22393699751569224, -0.757509257694993, 0, 0, 0, 141467000000, 
-1.104642643569052, -0.41845364036030525, 0.1721306498217346, -0.23395874727738675, -0.7619666171305641, 0, 0, 0, 141569000000, 
-1.1293484700276282, -0.41655967044936393, 0.06788559255206383, -0.24280649424186213, -0.7651269667909005, 0, 0, 0, 141671000000, 
-1.1546971996141617, -0.4126974948445422, -0.023606031263670117, -0.2531019564328808, -0.7676063578474842, 0, 0, 0, 141773000000, 
-1.1809476897380062, -0.40722469603381556, -0.1071153575970755, -0.2689989422849188, -0.7681579645201908, 0, 0, 0, 141875000000, 
-1.2089048120148738, -0.4016011681584178, -0.18632825137331055, -0.2856307545501209, -0.7682309952465879, 0, 0, 0, 141977000000, 
-1.2373750082434793, -0.39813400764550266, -0.2650899481841506, -0.27163472505225067, -0.7685818554102164, 0, 0, 0, 142079000000, 
-1.2556859182875884, -0.39600774834248637, -0.3191415396889537, -0.26307261978849267, -0.7677005008341723, 0, 0, 0, 142147000000, 
-1.282327197970658, -0.39184147034013156, -0.40496987260545575, -0.2552122591565721, -0.7661293955396711, 0, 0, 0, 142249000000, 
-1.3081260450743515, -0.38606332564518997, -0.5000426568885142, -0.24973252389461356, -0.7647171124581186, 0, 0, 0, 142351000000, 
-1.3330758368034332, -0.3784814262604641, -0.609729983908444, -0.24459920622762624, -0.7608622052332159, 0, 0, 0, 142453000000, 
-1.357007011655542, -0.3690015205348401, -0.7424693885362569, -0.23764540473448828, -0.7563988881599797, 0, 0, 0, 142555000000, 
-1.379398242993761, -0.3593210305736984, -0.911901286390616, -0.1772295716167318, -0.7500507220126603, 0, 0, 0, 142657000000, 
-1.4001138685511816, -0.3517029762846735, -1.1324712476124552, -0.16188000488652116, -0.7441489678918972, 0, 0, 0, 142759000000, 
-1.4194600642767377, -0.3417640568383089, -1.4264021979190427, -0.13304019791748425, -0.738212035850262, 0, 0, 0, 142861000000, 
-1.4369701217954889, -0.329768769180017, -1.8040098210694901, -0.08578090342104604, -0.732159092286967, 0, 0, 0, 142963000000, 
-1.4520599190349037, -0.3161648057027801, -2.220075171094395, -0.030198441083128538, -0.7237887778623739, 0, 0, 0, 143065000000, 
-1.4678946715989492, -0.3046862590786377, -2.584856707586673, 0.11303688084162936, -0.7148802261331679, 0, 0, 0, 143167000000, 
-1.4862347034374717, -0.2955320603303034, -2.847946749306374, 0.13866988386675783, -0.7109550984798381, 0, 0, 0, 143269000000, 
-1.5031791205792175, -0.28536450518730666, -3.0330853504580735, 0.14586168509350417, -0.7065327646146269, 0, 0, 0, 143371000000, 
-1.5183290410050883, -0.27444473704557226, 3.1136772261504877, 0.14138920956077108, -0.7026214816507367, 0, 0, 0, 143473000000, 
-1.5312426211727648, -0.2630928855007007, 3.007115230541467, 0.12805335497824674, -0.6984337992514074, 0, 0, 0, 143575000000, 
-1.5383529069414674, -0.2554775399839061, 2.9469096563484927, 0.11447217239506999, -0.6956307222403952, 0, 0, 0, 143643000000, 
-1.5596833021673404, -0.24128138687531167, 2.8666300212288833, 0.40725862887529096, -0.7077126626039286, 0, 0, 0, 143745000000, 
-1.5983890022948444, -0.22554310224287072, 2.793340102684666, 0.40773245503990446, -0.7074160403886723, 0, 0, 0, 143847000000, 
-1.6376402704106594, -0.21295330330020884, 2.7243374275477246, 0.39708696077747857, -0.7077931951575034, 0, 0, 0, 143949000000, 
-1.6763215052747424, -0.20316055679538825, 2.656542649115453, 0.10302027453417646, -0.7048511423214451, 0, 0, 0, 144051000000, 
-1.714820454659203, -0.19532496099849198, 2.585398678569986, 0.32733169675167084, -0.7359801090890724, 0, 0, 0, 144153000000, 
-1.7278271810614878, -0.19066407186312082, 2.5054957408336107, 0.07497220200851484, -0.7298491705266498, 0, 0, 0, 144255000000, 
-1.7336931211930318, -0.18590963649584064, 2.4053176960733613, 0.07283790428138379, -0.7338343706662659, 0, 0, 0, 144357000000, 
-1.7387206975536507, -0.1807516692693349, 2.248293740729659, 0.06821198278948923, -0.7383313843164617, 0, 0, 0, 144459000000, 
-1.742662474483147, -0.17544230329588661, 1.8466223454249868, 0.05885012213095479, -0.7427869764553773, 0, 0, 0, 144561000000, 
-1.7467537115386358, -0.17605731775020556, 0.3570361567322391, -0.06130570230104667, -0.739343743920578, 0, 0, 0, 144663000000, 
-1.7566716819197932, -0.17938246210392556, -0.3686470383073811, -0.1179297466150568, -0.7447041432021785, 0, 0, 0, 144765000000, 
-1.771823445177859, -0.179741239603423, -0.5891090980120652, -0.14045479491010754, -0.7553800704476812, 0, 0, 0, 144867000000, 
-1.7887029093668287, -0.1764202259080066, -0.7157254913490138, -0.1603473749460715, -0.7642636066553052, 0, 0, 0, 144969000000, 
-1.8062735921250257, -0.16994193420839282, -0.812259505628521, -0.17506633350803102, -0.7715456668266097, 0, 0, 0, 145071000000, 
-1.8238325348341409, -0.16077998351401643, -0.89606720914606, -0.18570734326888316, -0.7767204716876751, 0, 0, 0, 145173000000, 
-1.8353065369250636, -0.15337734643296597, -0.9483548704531862, -0.19130752826114772, -0.7796994264997914, 0, 0, 0, 145241000000, 
-1.8520067190525755, -0.14057069964982993, -1.0240658966131018, -0.19851632519520238, -0.7831963678657211, 0, 0, 0, 145343000000, 
-1.8680500137305938, -0.12594044749181935, -1.0984079710588739, -0.20518281488969745, -0.785137378580768, 0, 0, 0, 145445000000, 
-1.8835546932545975, -0.10969266529569695, -1.173071601551024, -0.21160770724260675, -0.7862575378433805, 0, 0, 0, 145547000000, 
-1.898823308434327, -0.0920627859007968, -1.2496344787888165, -0.21664528738673894, -0.786580107515643, 0, 0, 0, 145649000000, 
-1.9142891498271697, -0.07345694065053052, -1.3298964975910978, -0.2164573745783763, -0.7859271067452627, 0, 0, 0, 145751000000, 
-1.9301803151703858, -0.05453983805581611, -1.4158296527573697, -0.20693609370379726, -0.7844437131468511, 0, 0, 0, 145853000000, 
-1.9460954770946424, -0.03582277093661796, -1.5096231237994338, -0.19139437010686342, -0.7834152716421119, 0, 0, 0, 145955000000, 
-1.9613642906542355, -0.017262499344526706, -1.6132100756073227, -0.17593991646908877, -0.780266868176706, 0, 0, 0, 146057000000, 
-1.975476714066986, 0.00146358989536159, -1.728507680872414, -0.16240030214650336, -0.7782072727857063, 0, 0, 0, 146159000000, 
-1.9881595841531536, 0.020640749088486385, -1.8576651291384727, -0.14998337659958116, -0.7741978317232918, 0, 0, 0, 146261000000, 
-1.9992144276352406, 0.04043833592726905, -2.00268696801512, -0.13739406076321978, -0.7697286091491029, 0, 0, 0, 146363000000, 
-2.0090626459156655, 0.060648377854024, -2.165244272651659, -0.07714038323390779, -0.7638642522587095, 0, 0, 0, 146465000000, 
-2.017785586458313, 0.0733659822629798, -2.281644157802225, -0.06388347195497422, -0.7603930123192713, 0, 0, 0, 146533000000, 
-2.0294079794454167, 0.09318946433907217, -2.464509955053874, -0.04211860260387368, -0.7555783025336796, 0, 0, 0, 146635000000, 
-2.0392278271267097, 0.11378644761829483, -2.6522318590563185, -0.01932266733928331, -0.7501651902033587, 0, 0, 0, 146737000000, 
-2.0471500298893512, 0.13497470144645293, -2.8378187445693825, 0.002219148219373579, -0.7442347772596392, 0, 0, 0, 146839000000, 
-2.0530129354382614, 0.156453279971328, -3.0143515040047117, 0.01977351734412655, -0.7375961928164776, 0, 0, 0, 146941000000, 
-2.0565795315593953, 0.17773187085117637, 3.1068110775379294, 0.03011863674927556, -0.7307742464161879, 0, 0, 0, 147043000000, 
-2.0575439996987064, 0.19805141804605736, 2.9626803997947144, 0.029920171191682755, -0.7227394436730816, 0, 0, 0, 147145000000, 
-2.0602971403740686, 0.21765605855374573, 2.8388463068754213, 0.1254438748619181, -0.7131794959898876, 0, 0, 0, 147247000000, 
-2.0714973949558697, 0.2513466328082513, 2.7379034828248354, 0.38776606221217264, -0.7148782744036214, 0, 0, 0, 147349000000, 
-2.103383616073609, 0.2940508698733571, 2.6553248673797722, 0.5013934902079289, -0.7092050655990068, 0, 0, 0, 147451000000, 
-2.1461907159612053, 0.3211145415419595, 2.587417921738265, 0.47921864644201095, -0.7058106047669259, 0, 0, 0, 147553000000, 
-2.190702472797971, 0.3384809654375276, 2.531962126370593, 0.43740846756030427, -0.704814127965625, 0, 0, 0, 147655000000, 
-2.2062119403640343, 0.3483698017770362, 2.5469931383285935, 0.3233158328844218, 0.832127095251162, 0, 0, 0, 147757000000, 
-2.2370514805741197, 0.3590271866061244, 2.7204473551181256, 0.3687045340314898, 1.3010976436256032, 0, 0, 0, 147859000000, 
-2.273313102774329, 0.3760001193548966, 2.8712818584399638, 0.40258832020632224, 1.2956547203157982, 0, 0, 0, 147961000000, 
-2.295336519672431, 0.3852824456743134, 3.0162480005998904, -0.0775956416737256, 1.6119524066399007, 0, 0, 0, 148063000000, 
-2.2855990590950417, 0.3762594528454419, -3.127193052414784, -0.12129461010469077, 1.6151994757426646, 0, 0, 0, 148165000000, 
-2.276195721139315, 0.3720045686451806, -3.0341320452700535, -0.14597928281183817, 1.6160964925448844, 0, 0, 0, 148233000000, 
-2.2588897033961595, 0.36876290593922884, -2.8768155142060134, -0.17403519686997548, 1.6164828737626555, 0, 0, 0, 148335000000, 
-2.239302405906304, 0.36958960264789464, -2.6312802852734203, -0.18584883007838174, 1.6165607250858332, 0, 0, 0, 148437000000, 
-2.2192990692012096, 0.3745082426242757, -1.7049569739259696, -0.09217773985228836, 1.615578220106395, 0, 0, 0, 148539000000, 
-2.195509355047173, 0.3642357870087711, -0.12337742803626187, 0.2791029023046034, 1.5996972310452762, 0, 0, 0, 148641000000, 
-2.165214739734407, 0.3590078616218987, 0.22154613691411057, 0.3070510010917124, 1.611031682637186, 0, 0, 0, 148743000000, 
-2.126644087109695, 0.3597268223665812, 0.4009667202682811, 0.4458531483327657, 1.611720230209491, 0, 0, 0, 148845000000, 
-2.0773754071978905, 0.36592950066525437, 0.5418419866655692, 0.46495547966207185, 1.6185977963289293, 0, 0, 0, 148947000000, 
-2.0290290440610956, 0.3789622546870228, 0.675116326756333, 0.45387040168208526, 1.6237349567571777, 0, 0, 0, 149049000000, 
-1.9839005093796538, 0.3958886314405412, 0.8159549002234671, 0.4214893588609987, 1.6276313877691058, 0, 0, 0, 149151000000, 
-1.9407157043885732, 0.41494748791222996, 0.9748398172781533, 0.40261716616871, 1.6288608401780638, 0, 0, 0, 149253000000, 
-1.8997747886479635, 0.4380823972484979, 1.1613222809986752, 0.38088283426244085, 1.6281939327860344, 0, 0, 0, 149355000000, 
-1.8645828350401148, 0.46579869992355427, 1.3841546355567933, 0.341978872068505, 1.6238911278777346, 0, 0, 0, 149457000000, 
-1.8334964913206664, 0.4896568118207052, 1.6457719023132964, 0.21233705253857565, 1.6233003778676356, 0, 0, 0, 149559000000, 
-1.8099673860914747, 0.5146995002342846, 1.9315071191651099, 0.17295524394219297, 1.6161004856323729, 0, 0, 0, 149661000000, 
-1.817016049148475, 0.5085549190010392, 2.2126185923822375, 0.026952698856630042, 1.6086855502031923, 0, 0, 0, 149763000000, 
-1.8326006333891802, 0.5055203145237478, 2.3812181996814736, 0.20155840314109583, 1.6049061019133208, 0, 0, 0, 149831000000, 
-1.8598545880440795, 0.5178732238480517, 2.5959238400363693, 0.3352340396674842, 1.5970415984548854, 0, 0, 0, 149933000000, 
-1.8876354039178642, 0.5431085433495397, 2.7675660359128647, 0.3601111981290174, 1.5895377010408986, 0, 0, 0, 150035000000, 
-1.8982677167932924, 0.5573359324728907, 2.901509896234177, -0.08878411339550643, 1.542422498295859, 0, 0, 0, 150137000000, 
-1.8886366904169944, 0.5539116057688553, 3.0049803909673605, -0.10847425532387618, 1.5412110887822912, 0, 0, 0, 150239000000, 
-1.8768458563547958, 0.553437966104938, 3.0799341974212364, -0.12148190124559151, 1.5403532144252636, 0, 0, 0, 150341000000, 
-1.8640654618914547, 0.5559942802764452, 3.112248835042317, -0.12516678162811948, 1.5372962702792696, 0, 0, 0, 150443000000, 
-1.8515155311498623, 0.56141423473763, 3.03654224342467, -0.1104739298835454, 1.5342917300340855, 0, 0, 0, 150545000000, 
-1.821402538191665, 0.5678389524622302, 2.4804731151555606, -0.21661159500716282, 1.5209263757528861, 0, 0, 0, 150647000000, 
-1.7850509309897482, 0.5697974085807485, 1.1824818305048945, 0.09525510083335212, 1.497810026445349, 0, 0, 0, 150749000000, 
-1.7421577997894597, 0.5680094049441174, 0.8784213633514072, 0.2997849854975385, 1.5048029552014532, 0, 0, 0, 150851000000, 
-1.6954630970564168, 0.5738821362582435, 0.8364613351668408, 0.3813719327554813, 1.510895511760583, 0, 0, 0, 150953000000, 
-1.648419115146441, 0.5819584386821466, 0.8632173271043257, 0.3241348190708824, 1.5072240024559151, 0, 0, 0, 151055000000, 
-1.6017713491135401, 0.5890289153183113, 0.9256501603689035, 0.35170720772731423, 1.5155212913332419, 0, 0, 0, 151157000000, 
-1.5565440217356814, 0.6013851698975943, 1.0121566291272885, 0.34603342635304896, 1.5207928409160607, 0, 0, 0, 151259000000, 
-1.5278197162830105, 0.6113390393729782, 1.0813928995427635, 0.33004970003857514, 1.522652342384381, 0, 0, 0, 151327000000, 
-1.4859644890549828, 0.6280012571125287, 1.2026334180248066, 0.31137557771159297, 1.526715466348431, 0, 0, 0, 151429000000, 
-1.445690482836006, 0.64813930210579, 1.345097417245286, 0.2977166862077166, 1.5272637757469885, 0, 0, 0, 151531000000, 
-1.4094811720222105, 0.6725478248035693, 1.5081004808465575, 0.2782117104226463, 1.5249842375945428, 0, 0, 0, 151633000000, 
-1.3805165588567418, 0.7004773044641536, 1.6887323214812673, 0.255912059017847, 1.5203315934122854, 0, 0, 0, 151735000000, 
-1.3518029918094645, 0.7243300668054744, 1.8794100267260192, 0.15830252808395967, 1.5193694245807268, 0, 0, 0, 151837000000, 
-1.3410789861199737, 0.7175342892758882, 2.067643046032557, -0.10654319111448747, 1.5255841963824237, 0, 0, 0, 151939000000, 
-1.3553976601287812, 0.7361767063155299, 2.238747682846194, 0.3469347598640237, 1.5183560215408312, 0, 0, 0, 152041000000, 
-1.3612907550551652, 0.7786688062892669, 2.3828715845198993, 0.34181907546575624, 1.51105991510721, 0, 0, 0, 152143000000, 
-1.3610021003621404, 0.8025981799143578, 2.4939316987199063, -0.06109061408136516, 1.4654615219230815, 0, 0, 0, 152245000000, 
-1.353558224014951, 0.8025953652658998, 2.5729912584518586, -0.058327555614170155, 1.4614610944694746, 0, 0, 0, 152347000000, 
-1.345932417059269, 0.8044436558668713, 2.6161517016535045, -0.04978392331543594, 1.4564509894854543, 0, 0, 0, 152449000000, 
-1.3388871490474796, 0.80797444357757, 2.6107822434906094, -0.03378705908215536, 1.4509569263804558, 0, 0, 0, 152551000000, 
-1.3305834653829427, 0.811263261891197, 2.530843601837424, -0.2124213102951963, 1.4285604894998685, 0, 0, 0, 152653000000, 
-1.3054521196716482, 0.8084877303890204, 2.3549602109842214, -0.18983304578576513, 1.4305647291155348, 0, 0, 0, 152755000000, 
-1.2768935361758302, 0.8107558171588796, 2.0741130397411074, -0.09926275999133936, 1.4318522636464124, 0, 0, 0, 152857000000, 
-1.2469143171150787, 0.8178372608008927, 1.7444952644347222, 0.03929811387529733, 1.432031267332162, 0, 0, 0, 152959000000, 
-1.2256693595282926, 0.816498835676455, 1.5597622185848026, -0.06087301675089581, 1.4124867859888506, 0, 0, 0, 153027000000, 
-1.1889943721780736, 0.813246446667692, 1.3855699994511563, 0.07022329913119174, 1.4208825614727312, 0, 0, 0, 153129000000, 
-1.1491526480300025, 0.8164795754194916, 1.305333962100503, 0.16452092791319747, 1.426492962173651, 0, 0, 0, 153231000000, 
-1.1083907214014934, 0.8257890193003126, 1.2835712702714954, 0.22726481967740753, 1.4323098611707348, 0, 0, 0, 153333000000, 
-1.0661471549267167, 0.8346274189680446, 1.3003978423294908, 0.18330637065816818, 1.4327737579462307, 0, 0, 0, 153435000000, 
-1.0232233912956714, 0.8442640534227751, 1.3462835817564551, 0.2028641710298954, 1.4372802824667061, 0, 0, 0, 153537000000, 
-0.9821706792434616, 0.8571562215411818, 1.4132191565897192, 0.19655498620322906, 1.4428730725439332, 0, 0, 0, 153639000000, 
-0.9424318586446092, 0.872103623059422, 1.4971287415978383, 0.18681167262389886, 1.4469047107651516, 0, 0, 0, 153741000000, 
-0.9037124015799713, 0.890092523070537, 1.594151689355292, 0.1865327270379647, 1.4476658011309265, 0, 0, 0, 153843000000, 
-0.867813631640255, 0.9119877357960016, 1.700208919422337, 0.18889341571091417, 1.4475881161020943, 0, 0, 0, 153945000000, 
-0.8386326825643118, 0.9359780225522986, 1.8104330793226842, 0.12349746799868028, 1.4393799863518457, 0, 0, 0, 154047000000, 
-0.8230289934983421, 0.9547285400313027, 1.9197089150427247, 0.13988308580046036, 1.4319861764187447, 0, 0, 0, 154149000000, 
-0.816580089345313, 0.9680347906298563, 1.9902373147855785, 0.15179548175212437, 1.425472706048211, 0, 0, 0, 154217000000, 
-0.7931617404917645, 0.990957803981051, 2.088977900374751, 0.11468786322149083, 1.383786418344236, 0, 0, 0, 154319000000, 
-0.7687350271866835, 1.0165638588974677, 2.169989170137956, -0.01631752957529864, 1.2980553752124127, 0, 0, 0, 154421000000, 
-0.7599871847337951, 1.0218021239931896, 2.2366145323675743, -0.0024937551698936203, 1.2961746391569164, 0, 0, 0, 154523000000, 
-0.753075047924682, 1.0282481560515644, 2.2890219636460625, 0.012982765536741714, 1.2916539209354336, 0, 0, 0, 154625000000, 
-0.7485422309228487, 1.035330928737082, 2.323898539635418, 0.029938768206516503, 1.285105249225809, 0, 0, 0, 154727000000, 
-0.7468616628972494, 1.04239911903107, 2.3382420298657633, 0.04698768335482946, 1.2783520073711525, 0, 0, 0, 154829000000, 
-0.7478391876234297, 1.04823161711145, 2.3290792671452043, -0.11382504995368604, 1.2540470787203895, 0, 0, 0, 154931000000, 
-0.7362097880338567, 1.0432614424208049, 2.302687424096405, -0.11032782208542742, 1.254598885823068, 0, 0, 0, 155033000000, 
-0.7210601599914316, 1.0424810854119364, 2.2675937685340717, -0.09388578933608907, 1.2550327506320538, 0, 0, 0, 155135000000, 
-0.7037137034981213, 1.0458586338713758, 2.227051446972521, -0.06616670187037235, 1.2530825489229576, 0, 0, 0, 155237000000, 
-0.6854385126373622, 1.0531339696545354, 2.1847629419965946, -0.031057503868838113, 1.2523633582868439, 0, 0, 0, 155339000000, 
-0.6674076089977043, 1.0638806445206526, 2.144254324697535, 0.007818363010619375, 1.2518407452767595, 0, 0, 0, 155441000000, 
-0.6449619537534705, 1.0699590137399093, 2.1110316582331046, -0.11713122758694548, 1.2348269281923445, 0, 0, 0, 155543000000, 
-0.6163539815831868, 1.0757763800035676, 2.095930272248575, -0.06847428897522817, 1.2429122139627637, 0, 0, 0, 155645000000, 
-0.5868601885731771, 1.0875767891142647, 2.0981248626513236, -0.021859582272927863, 1.2499681895973127, 0, 0, 0, 155747000000, 
-0.5580558775388095, 1.1045823980423757, 2.114321505305151, 0.020319950146406418, 1.2560150344661372, 0, 0, 0, 155849000000, 
-0.5393950801104527, 1.1183143275250071, 2.1312832369238253, -0.02217265259867443, 1.2544985771707484, 0, 0, 0, 155917000000, 
-0.5047644092749938, 1.140064944229303, 2.1654763503225554, 0.005044961879334009, 1.26090039635836, 0, 0, 0, 156019000000, 
-0.47228853852477276, 1.1645194043527018, 2.206826724431695, 0.016290034462391245, 1.2647609557846715, 0, 0, 0, 156121000000, 
-0.44163349979883365, 1.190394998307431, 2.2519852417754285, 0.01649631063664317, 1.2703783723922928, 0, 0, 0, 156223000000, 
-0.4121758701061863, 1.2179315051973512, 2.2983245593351813, 0.022792803282689678, 1.272939421869954, 0, 0, 0, 156325000000, 
-0.3847547509236605, 1.24786432789715, 2.342292701301684, 0.041836819837791445, 1.273781529474929, 0, 0, 0, 156427000000, 
-0.36097395254522563, 1.2740774827388808, 2.380095087842042, 0.008407481438647751, 1.2732029479248352, 0, 0, 0, 156529000000, 
-0.3415118117492467, 1.2991105057327534, 2.41036575824334, 0.04478565776004757, 1.270989189491454, 0, 0, 0, 156631000000, 
-0.3271673809574733, 1.3253700235366492, 2.430009005093203, 0.08391242428909385, 1.2669678660092294, 0, 0, 0, 156733000000, 
-0.31888038491802945, 1.3514123229893622, 2.435690860345887, 0.12430656985178114, 1.261157987533695, 0, 0, 0, 156835000000, 
-0.3102626428096456, 1.3703141349024774, 2.4258946755615085, -0.013155279362404654, 1.25066273062498, 0, 0, 0, 156937000000, 
-0.29801505977507414, 1.3845095374271041, 2.4086266157998684, 0.017493042175194803, 1.248669331770812, 0, 0, 0, 157039000000, 
-0.28867223328724534, 1.399533353977064, 2.3856789543026795, 0.04681384012241062, 1.2436111533011422, 0, 0, 0, 157141000000, 
-0.28274736475090345, 1.414479338235548, 2.3580501633595032, 0.07269713388629676, 1.2384380677659625, 0, 0, 0, 157243000000, 
-0.2806288389548679, 1.428355423273773, 2.3275763275938446, 0.09168816008250408, 1.230340050127301, 0, 0, 0, 157345000000, 
-0.28144746072858196, 1.4364724816932435, 2.3068517165643603, 0.0991263841524472, 1.2228583935806954, 0, 0, 0, 157413000000, 
-0.280607977081952, 1.4410667183989943, 2.2795319605975255, -0.060152861042072445, 1.205250950089087, 0, 0, 0, 157515000000, 
-0.2728295981878779, 1.4406892931316952, 2.2682384547610033, -0.04310651429753551, 1.2045699738273106, 0, 0, 0, 157617000000, 
-0.2642036634824373, 1.4434889667157713, 2.274519494927223, -0.02357506872298798, 1.2019599033942119, 0, 0, 0, 157719000000, 
-0.2555285365024473, 1.4491321364441823, 2.2973102674619192, -0.00431787274022271, 1.2009094909859779, 0, 0, 0, 157821000000, 
-0.24750492081326245, 1.4571926607672159, 2.3347304051683997, 0.01374996001674212, 1.1987299084096303, 0, 0, 0, 157923000000, 
-0.24077250916891843, 1.4671281164567462, 2.3848707401772162, 0.029612959019903136, 1.1972491463455832, 0, 0, 0, 158025000000, 
-0.23916075235863787, 1.4715494625001768, 2.4466704854634354, -0.1229532182002249, 1.2207971657346317, 0, 0, 0, 158127000000, 
-0.22179287988108115, 1.4756961812255494, 2.5238591880149293, -0.09862445415919832, 1.2318047866917115, 0, 0, 0, 158229000000, 
-0.20469891269831503, 1.4858167829778075, 2.612409261277634, -0.07661449145197825, 1.2428842021554432, 0, 0, 0, 158331000000, 
-0.18511412667399357, 1.503183337448353, 2.7089454163707902, -0.12227933952593543, 1.2463639707466958, 0, 0, 0, 158433000000, 
-0.16185709270165705, 1.5288084898071745, 2.810153399799156, -0.11538750530572525, 1.2545791603811418, 0, 0, 0, 158535000000, 
-0.1413694261593783, 1.558349349767781, 2.911910735672126, -0.11155973549614173, 1.261870760509256, 0, 0, 0, 158637000000, 
-0.12418104780609224, 1.5900361554818079, 3.010487749873458, -0.11019368292445042, 1.268607996208088, 0, 0, 0, 158739000000, 
-0.10983134717808737, 1.621961676282719, 3.102391470535514, -0.12084440344738194, 1.2713974418725242, 0, 0, 0, 158841000000, 
-0.1008426382104576, 1.643123272162966, -3.1246449034353105, -0.13704116553257492, 1.2738979440738625, 0, 0, 0, 158909000000, 
-0.0878960273999197, 1.6761759955348068, -3.0492499961787467, -0.1483937631932494, 1.2779208052793662, 0, 0, 0, 159011000000, 
-0.07740588363555864, 1.711227167697647, -2.9866681253066787, -0.1387562160923908, 1.2776103403778973, 0, 0, 0, 159113000000, 
-0.06993713690285006, 1.746733554967558, -2.9411709404458515, -0.18277638852811268, 1.2753142814793275, 0, 0, 0, 159215000000, 
-0.05939324900231105, 1.778735303400066, -2.916977572087193, -0.15102857063546604, 1.2743734746106763, 0, 0, 0, 159317000000, 
-0.0532090579289319, 1.8109915742709681, -2.920086342228621, -0.10634373471009764, 1.2707309493430403, 0, 0, 0, 159419000000, 
-0.051670505185642854, 1.8423174272282463, -2.964400538425074, -0.044174024824931477, 1.2643930572789888, 0, 0, 0, 159521000000, 
-0.05502577422293543, 1.8712584582254874, -3.072837669538594, 0.03903958069529981, 1.2561919600159568, 0, 0, 0, 159623000000, 
-0.05270457628678684, 1.896955038637167, 3.0156078552226933, -0.045495550397836884, 1.242759354373064, 0, 0, 0, 159725000000, 
-0.046487822449263444, 1.922224552319948, 2.7568595055980114, 0.05044914591049629, 1.2358816523400924, 0, 0, 0, 159827000000, 
-0.04375269012739697, 1.9464319629235647, 2.489073523774021, 0.13109304499603044, 1.228033673032483, 0, 0, 0, 159929000000, 
-0.04469328129279906, 1.9683080560121602, 2.2742970040795623, 0.16940372350548483, 1.217130942028641, 0, 0, 0, 160031000000, 
-0.03937689754640577, 1.9774018058010279, 2.143644095206439, 0.03295842989218217, 1.2018160444000527, 0, 0, 0, 160133000000, 
-0.033728327439839986, 1.986295137409589, 2.089562234441511, 0.05801267668604652, 1.1976989490300507, 0, 0, 0, 160235000000, 
-0.02966019344523279, 1.9964061275701137, 2.086527776650755, 0.07412444954651166, 1.1945326366785478, 0, 0, 0, 160337000000, 
-0.027442671822045205, 2.0070532951869993, 2.11910304109304, 0.0832087756427275, 1.191800779542224, 0, 0, 0, 160439000000, 
-0.02707291305686874, 2.014120101378148, 2.1563346392215275, 0.08606675566370393, 1.1893399472410102, 0, 0, 0, 160507000000, 
-0.03522727631766659, 2.030872758091905, 2.232879800025644, 0.412662140479874, 1.1954930597833728, 0, 0, 0, 160609000000, 
-0.060758522145489144, 2.0645818433053384, 2.333119557928983, 0.4282608859812165, 1.197070748963863, 0, 0, 0, 160711000000, 
-0.07089255487293344, 2.109311259027067, 2.4552577612522173, -0.05375960411607575, 1.1974106179811075, 0, 0, 0, 160813000000, 
-0.03184836874924259, 2.1312836052018773, 2.5994901988784007, -0.09157161436805634, 1.264209359727682, 0, 0, 0, 160915000000, 
-0.012140066639544787, 2.150073474948351, 2.7606191180430915, -0.09403990693664149, 1.2724468688512471, 0, 0, 0, 161017000000, 
0.007107594475765128, 2.1720866333696933, 2.9269314455988322, -0.1682893927193646, 1.2718503891949577, 0, 0, 0, 161119000000, 
0.03025863238054105, 2.184960360220964, 3.08904283496741, -0.22948142606566052, 1.2608740832935865, 0, 0, 0, 161221000000, 
0.05330317517894729, 2.1987115739492213, -3.04252567546152, -0.20238400330112477, 1.254461040653557, 0, 0, 0, 161323000000, 
0.07467433255205119, 2.2033084295202943, -2.905415060781715, -0.19033709887263642, 1.2133986676366977, 0, 0, 0, 161425000000, 
0.09486795889368385, 2.209526469353045, -2.784193476608549, -0.21452269947909608, 1.14829301217716, 0, 0, 0, 161527000000, 
0.11390870071524345, 2.2196980330000167, -2.6763845705748266, -0.22132804797006422, 1.0966099440763248, 0, 0, 0, 161629000000, 
0.1308502297109971, 2.2331009703837736, -2.5797635578590374, -0.20865078856007302, 1.0467722464549414, 0, 0, 0, 161731000000, 
0.14400972308615392, 2.2341374283539137, -2.490343312754935, -0.08272390344123969, 1.0178566233327087, 0, 0, 0, 161833000000, 
0.15235506361926127, 2.233745305575197, -2.4317952668219913, -0.08922927970459939, 0.990658794099779, 0, 0, 0, 161901000000, 
0.16500994771526312, 2.2343873088144393, -2.3428409768205323, -0.0920172147925046, 0.9547113830224392, 0, 0, 0, 162003000000, 
0.17748672715823163, 2.236415096208145, -2.24977935487124, -0.09134764988405522, 0.9097825542480412, 0, 0, 0, 162105000000, 
0.1898960530229829, 2.239273053673416, -2.1498350134984294, -0.08648277041179879, 0.8617193036786709, 0, 0, 0, 162207000000, 
0.20184319418415178, 2.242850429449432, -2.0403607044725818, -0.07966946522952098, 0.8102513440552196, 0, 0, 0, 162309000000, 
0.2132399793956491, 2.24707105855494, -1.91902449536425, -0.10539551665447092, 0.7536147917178907, 0, 0, 0, 162411000000, 
0.22449023502192164, 2.2513787479453993, -1.7841593904521251, -0.05776692876263975, 0.706166518194946, 0, 0, 0, 162513000000, 
0.23599875903336268, 2.254149778349927, -1.6389950974092917, -0.03681070705930237, 0.6941082512319735, 0, 0, 0, 162615000000, 
0.24708257223767643, 2.2578249351944875, -1.4885168336990737, -0.033902933429650846, 0.6910529163564799, 0, 0, 0, 162717000000, 
0.25758744285155893, 2.26286494666964, -1.3332735964101214, -0.030913644102590995, 0.6881515286972295, 0, 0, 0, 162819000000, 
0.2675257555510991, 2.269259260858065, -1.1740731810965566, -0.027320393839280283, 0.685241974415107, 0, 0, 0, 162921000000, 
0.27691160219096767, 2.2770074825951676, -1.0121508676150206, -0.022767619722672904, 0.6817257192242989, 0, 0, 0, 163023000000, 
0.2856992050413118, 2.2861059871536855, -0.8493023875624514, -0.0170038027971693, 0.6787670256117404, 0, 0, 0, 163125000000, 
0.2938338602114439, 2.296524065089335, -0.6877199237276967, -0.009936411106296637, 0.6749122123322787, 0, 0, 0, 163227000000, 
0.30118853179113525, 2.308201892817818, -0.5300105156538634, -0.002446950630440904, 0.6709296844563357, 0, 0, 0, 163329000000, 
0.30549469564470305, 2.316470435310531, -0.42835604053569726, 0.0005695364280266235, 0.6736492047914453, 0, 0, 0, 163397000000, 
0.3110816332748863, 2.3251373083137197, -0.28589047756714503, 0.033940156126961316, 0.6765619228349494, 0, 0, 0, 163499000000, 
0.31647210049512214, 2.332608547518444, -0.15841375021538529, 0.02751340123013314, 0.6527980717935384, 0, 0, 0, 163601000000, 
0.328594293176926, 2.3366007168590914, -0.048091360538731025, 0.1271475255676055, 0.621029695069895, 0, 0, 0, 163703000000, 
0.35330509458715637, 2.3344391612833384, 0.03909283600362759, 0.20601663769548725, 0.5932727228499618, 0, 0, 0, 163805000000, 
0.37914313752061346, 2.3347656793372544, 0.10770415525604163, 0.3524186155515353, 0.5532295216682136, 0, 0, 0, 163907000000, 
0.4134415949841167, 2.3320977213902956, 0.1657554114441258, 0.3432359671086632, 0.5652838955180376, 0, 0, 0, 164009000000, 
0.4542938974043598, 2.329579481840389, 0.22423978709925166, 0.4829385970879587, 0.571530541966506, 0, 0, 0, 164111000000, 
0.49658236857646565, 2.3109714082148303, 0.2860179729115589, 0.27636666114979014, 0.5721137159967686, 0, 0, 0, 164213000000, 
0.5297543432481538, 2.2818057713136994, 0.3530303185522116, 0.17269261836808983, 0.5737661078967686, 0, 0, 0, 164315000000, 
0.5580723981799299, 2.249909379301349, 0.4275699524734749, 0.10854995365176129, 0.5762677761696052, 0, 0, 0, 164417000000, 
0.5840495202336718, 2.2174960524471934, 0.512463842925226, 0.060695594949436216, 0.5787923575528329, 0, 0, 0, 164519000000, 
0.6076903631513284, 2.1869759975888763, 0.607544595900663, -0.044642479609920765, 0.5793320135361935, 0, 0, 0, 164621000000, 
0.6167796428905669, 2.17722383073762, 0.7111825698460359, 0.019496639750821217, 0.5756584525500197, 0, 0, 0, 164723000000, 
0.6204357082206186, 2.176576098647222, 0.8254356420936044, 0.02346950773253793, 0.5787010455496822, 0, 0, 0, 164825000000, 
0.6238020576090899, 2.1771715298222007, 0.9532667407498909, 0.027429788336696383, 0.5825059920482922, 0, 0, 0, 164927000000, 
0.6257696680319978, 2.178231412756356, 1.0490381215264657, 0.030201392749131417, 0.5846689351577338, 0, 0, 0, 164995000000, 
0.6281800476220788, 2.180746548370868, 1.2165849917367972, 0.03486796719295594, 0.5870628687215643, 0, 0, 0, 165097000000, 
0.6297856112876126, 2.184245634307597, 1.4302708293781574, 0.039658613272378164, 0.590105047024867, 0, 0, 0, 165199000000, 
0.6304050534988495, 2.188511373076394, 1.7237087404565214, 0.044081878266527715, 0.5923816466616073, 0, 0, 0, 165301000000, 
0.630047850889915, 2.1922623856934322, 2.13954265439129, 0.003556588344828873, 0.5899434579127548, 0, 0, 0, 165403000000, 
0.6292946562122581, 2.192675456673823, 2.6475852260151953, 0.01281120813803097, 0.5921528810551375, 0, 0, 0, 165505000000, 
0.6316288026957889, 2.193282437974671, 3.1167303002705897, -0.027643998538341867, 0.5951450762330486, 0, 0, 0, 165607000000, 
0.6340112096638898, 2.194544279554111, -2.820776101307566, -0.022411938303733822, 0.5973226746436728, 0, 0, 0, 165709000000, 
0.6353675039668901, 2.1963212547289563, -2.571195704667667, -0.017020471155714076, 0.5989444456892542, 0, 0, 0, 165811000000, 
0.6356023468815709, 2.198384133449577, -2.3799155720025453, -0.011918627390977415, 0.5999618285783046, 0, 0, 0, 165913000000, 
0.6346741066209876, 2.2004948715387114, -2.2234877898983303, -0.007058480555505668, 0.6002242978966601, 0, 0, 0, 166015000000, 
0.6554435472759977, 2.1963284452983873, -2.08942029349945, -0.09825777103131017, 0.5880193633629427, 0, 0, 0, 166117000000, 
0.6879804020775563, 2.189433224287908, -1.97954536595996, -0.06570754214665593, 0.5884825738877772, 0, 0, 0, 166219000000, 
0.720039683507476, 2.1828111512919506, -1.8877778859976577, -0.035264509769463874, 0.589147127006498, 0, 0, 0, 166321000000, 
0.7410614186914658, 2.1783241586274227, -1.8336630019521778, -0.014454723604930289, 0.5894245283698687, 0, 0, 0, 166389000000, 
0.7718181478274858, 2.1710318425360358, -1.7600819190622594, 0.02012963033291771, 0.5895174363437331, 0, 0, 0, 166491000000, 
0.8010635123648067, 2.1622232156312684, -1.6930579487027044, 0.0640076698041067, 0.5898430446000537, 0, 0, 0, 166593000000, 
0.8273949229382155, 2.150280700577197, -1.6303556506394905, 0.12583232437159375, 0.5896797944687132, 0, 0, 0, 166695000000, 
0.8468250062956574, 2.1327444679703387, -1.5700719402529493, 0.20613646781799239, 0.5887834267290937, 0, 0, 0, 166797000000, 
0.8501029554147287, 2.1098784654263554, -1.5100717809467246, 0.2156177559609686, 0.5870680174914967, 0, 0, 0, 166899000000, 
0.8341013030859107, 2.091463014906411, -1.4487282726439237, 0.11401852414360011, 0.562556470001453, 0, 0, 0, 167001000000, 
0.8241692651363108, 2.0902185284087036, -1.390803822743502, -0.09019825550317197, 0.4780758543328479, 0, 0, 0, 167103000000, 
0.8293573952235801, 2.1006942036645646, -1.3295765355829992, -0.08903779100525482, 0.4785368969711736, 0, 0, 0, 167205000000, 
0.8345559699152937, 2.1114454553428916, -1.2607727877977175, -0.08579396779922926, 0.47889885445820496, 0, 0, 0, 167307000000, 
0.8410365422794296, 2.117238598656534, -1.186594463857253, -0.01952981833741779, 0.47157320960856486, 0, 0, 0, 167409000000, 
0.8467347160145965, 2.12191797333913, -1.1118983109407004, -0.018496281498050743, 0.4722048542289786, 0, 0, 0, 167511000000, 
0.8511439987961138, 2.1263717472224584, -1.0380614060630302, -0.017356976892715984, 0.4724033093029455, 0, 0, 0, 167613000000, 
0.8542079786354048, 2.130376398975072, -0.9665025862160043, -0.016716895082499558, 0.47216606754790624, 0, 0, 0, 167715000000, 
0.8559120674207955, 2.1337579963751185, -0.8986165289022193, -0.016923538449883813, 0.4717644058158971, 0, 0, 0, 167817000000, 
0.8562688121432883, 2.1363862537335607, -0.835842517236997, -0.018140868570774293, 0.47098181033227193, 0, 0, 0, 167919000000, 
0.8553120263925471, 2.1381590420730845, -0.7798225690168605, -0.02018839511685052, 0.4699334755507516, 0, 0, 0, 168021000000, 
0.8539699157617288, 2.138820110403948, -0.7472409499295508, -0.021860662686294437, 0.4692250306406386, 0, 0, 0, 168089000000, 
0.8509505920565869, 2.1389775615006, -0.7075967751113629, -0.024533039191477615, 0.4676864305749653, 0, 0, 0, 168191000000, 
0.8468075555543949, 2.1380814962215875, -0.6828314016988201, -0.026534550829091903, 0.46574637152471615, 0, 0, 0, 168293000000, 
0.8416750928977254, 2.136070588207634, -0.6800335608130593, -0.02657010157491432, 0.4638374488732258, 0, 0, 0, 168395000000, 
0.8357340076231774, 2.1329213044139586, -0.712354023341313, -0.022674740098507524, 0.460649824444314, 0, 0, 0, 168497000000, 
0.8267920171581021, 2.1311373400264575, -0.7994463181023079, -0.07783601490387154, 0.4561582642375811, 0, 0, 0, 168599000000, 
0.8155950954886366, 2.1313178576158074, -0.9467397355128597, -0.06557987533595944, 0.4537707782456354, 0, 0, 0, 168701000000, 
0.8043917188904192, 2.1314877374340107, -1.2094621400982672, -0.04019435465243542, 0.4502321371539186, 0, 0, 0, 168803000000, 
0.7931934413760996, 2.1315832713288425, -1.680004495037023, 0.011631337933020292, 0.44755448069961595, 0, 0, 0, 168905000000, 
0.7830739258098492, 2.1332579439583816, -2.2648186098289025, 0.011123520883153631, 0.43988058902278176, 0, 0, 0, 169007000000, 
0.7750589585024802, 2.1381795893387334, -2.6274802857177697, 0.04601893524721953, 0.43734062941822555, 0, 0, 0, 169109000000, 
0.7670314643391256, 2.142628373110683, -2.80377327285032, 0.060378950386129435, 0.43613843530646945, 0, 0, 0, 169211000000, 
0.759045637514504, 2.1466311805462843, -2.8928850810983624, 0.0664875227935517, 0.4341598877476683, 0, 0, 0, 169313000000, 
0.751120842912236, 2.15021460388601, -2.9397442392087076, 0.06912518424364197, 0.4326068377240836, 0, 0, 0, 169415000000, 
0.7436559887386457, 2.15301558966382, -2.963790263168984, 0.036494142454720616, 0.4157960395101987, 0, 0, 0, 169517000000, 
0.7381034744807081, 2.1529343311569007, -2.968951653074445, 0.06743343654493905, 0.2732190900605969, 0, 0, 0, 169619000000, 
0.7339639518836614, 2.152881288259123, -2.969944276793041, 0.06439227589588344, 0.1669120361374445, 0, 0, 0, 169687000000, 
0.7277476099626295, 2.1528369775313596, -2.9740392099359063, 0.06184548191030947, 0.09143581523907156, 0, 0, 0, 169789000000, 
0.721524342366364, 2.1528040332812113, -2.9791669394208258, 0.06099931550387699, 0.05128989415802192, 0, 0, 0, 169891000000, 
0.7153088130702623, 2.1527860974929225, -2.9856013872527822, 0.06062901849036254, 0.016904406220029446, 0, 0, 0, 169993000000, 
0.7090189227433846, 2.152780814513421, -2.9925674901276023, 0.061819524644719216, 0.0065156590795402616, 0, 0, 0, 170095000000, 
0.7025600053485592, 2.152779039660579, -2.9991503985379957, 0.0637533096549984, 0.00247032742336585, 0, 0, 0, 170197000000, 
